# ************************************************************
# Sequel Ace SQL dump
# Version 20046
#
# https://sequel-ace.com/
# https://github.com/Sequel-Ace/Sequel-Ace
#
# Host: localhost (MySQL 8.0.32)
# Database: sharp-demo
# Generation Time: 2024-02-01 19:55:51 +0000
# ************************************************************


/*!40101 SET @OLD_CHARACTER_SET_CLIENT=@@CHARACTER_SET_CLIENT */;
/*!40101 SET @OLD_CHARACTER_SET_RESULTS=@@CHARACTER_SET_RESULTS */;
/*!40101 SET @OLD_COLLATION_CONNECTION=@@COLLATION_CONNECTION */;
SET NAMES utf8mb4;
/*!40014 SET @OLD_FOREIGN_KEY_CHECKS=@@FOREIGN_KEY_CHECKS, FOREIGN_KEY_CHECKS=0 */;
/*!40101 SET @OLD_SQL_MODE='NO_AUTO_VALUE_ON_ZERO', SQL_MODE='NO_AUTO_VALUE_ON_ZERO' */;
/*!40111 SET @OLD_SQL_NOTES=@@SQL_NOTES, SQL_NOTES=0 */;


# Dump of table cat
# ------------------------------------------------------------

CREATE TABLE `cat` (
  `id` bigint NOT NULL COMMENT '主键',
  `name` varchar(32) DEFAULT NULL,
  `age` varchar(32) DEFAULT NULL,
  `create_by` bigint DEFAULT NULL COMMENT '创建人',
  `create_time` datetime DEFAULT NULL COMMENT '创建时间',
  `update_by` bigint DEFAULT NULL COMMENT '更新人',
  `update_time` datetime DEFAULT NULL COMMENT '更新时间',
  `is_deleted` bit(1) DEFAULT NULL COMMENT '是否逻辑删除',
  PRIMARY KEY (`id`)
) ENGINE=InnoDB DEFAULT CHARSET=utf8mb4 COLLATE=utf8mb4_0900_ai_ci COMMENT='猫';

LOCK TABLES `cat` WRITE;
/*!40000 ALTER TABLE `cat` DISABLE KEYS */;

INSERT INTO `cat` (`id`, `name`, `age`, `create_by`, `create_time`, `update_by`, `update_time`, `is_deleted`)
VALUES
	(706172121272848384,'Tomcat2','10',0,'2023-06-30 14:08:52',0,'2023-06-30 14:08:52',b'0'),
	(706172604947402752,'Tomcat','10',0,'2023-06-30 14:10:47',0,'2023-06-30 14:10:47',b'0'),
	(706172636907999232,'TomcatND','1',0,'2023-06-30 14:10:55',0,'2023-06-30 14:10:55',b'0'),
	(706172725487505408,'Tomcat','10',0,'2023-06-30 14:11:16',0,'2023-06-30 14:11:16',b'0'),
	(706172773000581120,'TomcatND','1',0,'2023-06-30 14:11:27',0,'2023-06-30 14:11:27',b'0'),
	(706173791700553728,'Tomcat','10',0,'2023-06-30 14:15:30',0,'2023-06-30 14:15:30',b'0'),
	(706173792182898688,'TomcatND','1',0,'2023-06-30 14:15:30',0,'2023-06-30 14:15:30',b'0'),
	(706173889062932480,'Tomcat','10',0,'2023-06-30 14:15:53',0,'2023-06-30 14:15:53',b'0'),
	(706173889453002752,'TomcatND','1',0,'2023-06-30 14:15:53',0,'2023-06-30 14:15:53',b'0'),
	(706174000581087232,'Tomcat2','10',0,'2023-06-30 14:16:20',0,'2023-06-30 14:16:20',b'0'),
	(706177035826925568,'Tomcat','10',0,'2023-06-30 14:28:23',0,'2023-06-30 14:28:23',b'0'),
	(706177036254744576,'TomcatND','1',0,'2023-06-30 14:28:23',0,'2023-06-30 14:28:23',b'0'),
	(706177036384768000,'Tomcat2','10',0,'2023-06-30 14:28:23',0,'2023-06-30 14:28:23',b'0'),
	(706177162838839296,'Tomcat','10',0,'2023-06-30 14:28:54',0,'2023-06-30 14:28:54',b'0'),
	(706177163019194368,'TomcatND','1',0,'2023-06-30 14:28:54',0,'2023-06-30 14:28:54',b'0'),
	(706177163073720320,'Tomcat2','10',0,'2023-06-30 14:28:54',0,'2023-06-30 14:28:54',b'0'),
	(706178231434252288,'Tomcat','10',0,'2023-06-30 14:33:08',0,'2023-06-30 14:33:08',b'0'),
	(706178231635578880,'TomcatND','1',0,'2023-06-30 14:33:08',0,'2023-06-30 14:33:08',b'0'),
	(706178231681716224,'Tomcat2','10',0,'2023-06-30 14:33:08',0,'2023-06-30 14:33:08',b'0'),
	(706193843585847296,'Tomcat','10',0,'2023-06-30 15:35:11',0,'2023-06-30 15:35:11',b'0'),
	(706193843770396672,'TomcatND','1',0,'2023-06-30 15:35:11',0,'2023-06-30 15:35:11',b'0'),
	(706193843824922624,'Tomcat2','10',0,'2023-06-30 15:35:11',0,'2023-06-30 15:35:11',b'0'),
	(706224209033990144,'Tomcat','10',0,'2023-06-30 17:35:50',0,'2023-06-30 17:35:50',b'0'),
	(706224209239511040,'TomcatND','1',0,'2023-06-30 17:35:50',0,'2023-06-30 17:35:50',b'0'),
	(706224209302425600,'Tomcat2','10',0,'2023-06-30 17:35:50',0,'2023-06-30 17:35:50',b'0'),
	(706399774567337984,'Tomcat','10',0,'2023-07-01 05:13:28',0,'2023-07-01 05:13:28',b'0'),
	(706399774714138624,'TomcatND','1',0,'2023-07-01 05:13:28',0,'2023-07-01 05:13:28',b'0'),
	(706399774751887360,'Tomcat2','10',0,'2023-07-01 05:13:28',0,'2023-07-01 05:13:28',b'0'),
	(706479821194039296,'save Tomcat','12',0,'2023-07-01 10:31:33',0,'2023-07-01 10:31:33',b'0'),
	(706483820651646976,'save Tomcat','12',0,'2023-07-01 10:47:26',0,'2023-07-01 10:47:26',b'0'),
	(706483918701891584,'save Tomcat','12',0,'2023-07-01 10:47:50',0,'2023-07-01 10:47:50',b'0'),
	(706548639215947776,'save Tomcat','15',0,'2023-07-01 15:05:00',0,'2023-07-01 15:05:00',b'0'),
	(706549356727144448,'save Tomcat','15',0,'2023-07-01 15:07:52',0,'2023-07-01 15:07:52',b'0'),
	(706552384767168512,'save Tomcat','15',0,'2023-07-01 15:19:53',0,'2023-07-01 15:19:53',b'0'),
	(706552444980596736,'save Tomcat','15',0,'2023-07-01 15:20:08',0,'2023-07-01 15:20:08',b'0'),
	(706552529609068544,'save Tomcat','15',0,'2023-07-01 15:20:28',0,'2023-07-01 15:20:28',b'0'),
	(706553022569811968,'Tomcat','10',0,'2023-07-01 15:22:26',0,'2023-07-01 15:22:26',b'0'),
	(706553022766944256,'TomcatND','1',0,'2023-07-01 15:22:26',0,'2023-07-01 15:22:26',b'0'),
	(706553022880190464,'Tomcat2','10',0,'2023-07-01 15:22:26',0,'2023-07-01 15:22:26',b'0'),
	(706553023245094912,'save Tomcat','15',0,'2023-07-01 15:22:26',0,'2023-07-01 15:22:26',b'0'),
	(706554901261488128,'Tomcat','10',0,'2023-07-01 15:29:53',0,'2023-07-01 15:29:53',b'0'),
	(706554901425065984,'TomcatND','1',0,'2023-07-01 15:29:53',0,'2023-07-01 15:29:53',b'0'),
	(706554901471203328,'Tomcat2','10',0,'2023-07-01 15:29:53',0,'2023-07-01 15:29:53',b'0'),
	(706554901706084352,'save Tomcat','15',0,'2023-07-01 15:29:54',0,'2023-07-01 15:29:54',b'0'),
	(707296699541917696,'Tomcat','10',0,'2023-07-03 16:37:32',0,'2023-07-03 16:37:32',b'0'),
	(707296699869073408,'TomcatND','1',0,'2023-07-03 16:37:32',0,'2023-07-03 16:37:32',b'0'),
	(707296700015874048,'Tomcat2','10',0,'2023-07-03 16:37:32',0,'2023-07-03 16:37:32',b'0'),
	(707296700343029760,'save Tomcat','15',0,'2023-07-03 16:37:32',0,'2023-07-03 16:37:32',b'0'),
	(707297514151251968,'Tomcat','10',0,'2023-07-03 16:40:46',0,'2023-07-03 16:40:46',b'0'),
	(707297514352578560,'TomcatND','1',0,'2023-07-03 16:40:46',0,'2023-07-03 16:40:46',b'0'),
	(707297514453241856,'Tomcat2','10',0,'2023-07-03 16:40:46',0,'2023-07-03 16:40:46',b'0'),
	(707297514826534912,'save Tomcat','15',0,'2023-07-03 16:40:46',0,'2023-07-03 16:40:46',b'0'),
	(707297874387439616,'Tomcat','10',0,'2023-07-03 16:42:12',0,'2023-07-03 16:42:12',b'0'),
	(707297874538434560,'TomcatND','1',0,'2023-07-03 16:42:12',0,'2023-07-03 16:42:12',b'0'),
	(707297874571988992,'Tomcat2','10',0,'2023-07-03 16:42:12',0,'2023-07-03 16:42:12',b'0'),
	(707297874743955456,'save Tomcat','15',0,'2023-07-03 16:42:12',0,'2023-07-03 16:42:12',b'0'),
	(707378815088758784,'Tomcat','10',0,'2023-07-03 22:03:50',0,'2023-07-03 22:03:50',b'0'),
	(707378815231365120,'TomcatND','1',0,'2023-07-03 22:03:50',0,'2023-07-03 22:03:50',b'0'),
	(707378815269113856,'Tomcat2','10',0,'2023-07-03 22:03:50',0,'2023-07-03 22:03:50',b'0'),
	(707378815457857536,'save Tomcat','15',0,'2023-07-03 22:03:50',0,'2023-07-03 22:03:50',b'0'),
	(707379031682617344,'Tomcat','10',0,'2023-07-03 22:04:41',0,'2023-07-03 22:04:41',b'0'),
	(707379031829417984,'TomcatND','1',0,'2023-07-03 22:04:41',0,'2023-07-03 22:04:41',b'0'),
	(707379031858778112,'Tomcat2','10',0,'2023-07-03 22:04:41',0,'2023-07-03 22:04:41',b'0'),
	(707379032076881920,'save Tomcat','15',0,'2023-07-03 22:04:42',0,'2023-07-03 22:04:42',b'0'),
	(707379161500520448,'Tomcat','10',0,'2023-07-03 22:05:12',0,'2023-07-03 22:05:12',b'0'),
	(707379161651515392,'TomcatND','1',0,'2023-07-03 22:05:12',0,'2023-07-03 22:05:12',b'0'),
	(707379161693458432,'Tomcat2','10',0,'2023-07-03 22:05:12',0,'2023-07-03 22:05:12',b'0'),
	(707379161894785024,'save Tomcat','15',0,'2023-07-03 22:05:12',0,'2023-07-03 22:05:12',b'0'),
	(707586256422342656,'Tomcat','10',0,'2023-07-04 11:48:08',0,'2023-07-04 11:48:08',b'0'),
	(707586256623669248,'TomcatND','1',0,'2023-07-04 11:48:08',0,'2023-07-04 11:48:08',b'0'),
	(707586256657223680,'Tomcat2','10',0,'2023-07-04 11:48:08',0,'2023-07-04 11:48:08',b'0'),
	(707586256866938880,'save Tomcat','15',0,'2023-07-04 11:48:08',0,'2023-07-04 11:48:08',b'0'),
	(708015882978234368,'Tomcat','10',0,'2023-07-05 16:15:19',0,'2023-07-05 16:15:19',b'0'),
	(708015883125035008,'TomcatND','1',0,'2023-07-05 16:15:19',0,'2023-07-05 16:15:19',b'0'),
	(708015883158589440,'Tomcat2','10',0,'2023-07-05 16:15:19',0,'2023-07-05 16:15:19',b'0'),
	(708015883347333120,'save Tomcat','15',0,'2023-07-05 16:15:19',0,'2023-07-05 16:15:19',b'0'),
	(708016808162004992,'Tomcat','10',0,'2023-07-05 16:18:59',0,'2023-07-05 16:18:59',b'0'),
	(708016808430440448,'TomcatND','1',0,'2023-07-05 16:18:59',0,'2023-07-05 16:18:59',b'0'),
	(708016808564658176,'Tomcat2','10',0,'2023-07-05 16:18:59',0,'2023-07-05 16:18:59',b'0'),
	(708016809047003136,'save Tomcat','15',0,'2023-07-05 16:18:59',0,'2023-07-05 16:18:59',b'0'),
	(708085385548304384,'Tomcat','10',0,'2023-07-05 20:51:29',0,'2023-07-05 20:51:29',b'0'),
	(708085385724465152,'TomcatND','1',0,'2023-07-05 20:51:29',0,'2023-07-05 20:51:29',b'0'),
	(708085385762213888,'Tomcat2','10',0,'2023-07-05 20:51:29',0,'2023-07-05 20:51:29',b'0'),
	(708085385988706304,'save Tomcat','15',0,'2023-07-05 20:51:29',0,'2023-07-05 20:51:29',b'0'),
	(708828148245991424,'Tomcat','10',0,'2023-07-07 22:02:58',0,'2023-07-07 22:02:58',b'0'),
	(708828148422152192,'TomcatND','1',0,'2023-07-07 22:02:58',0,'2023-07-07 22:02:58',b'0'),
	(708828148459900928,'Tomcat2','10',0,'2023-07-07 22:02:58',0,'2023-07-07 22:02:58',b'0'),
	(708828148627673088,'save Tomcat','15',0,'2023-07-07 22:02:58',0,'2023-07-07 22:02:58',b'0'),
	(708829298567417856,'Tomcat','10',0,'2023-07-07 22:07:32',0,'2023-07-07 22:07:32',b'0'),
	(708829298907156480,'TomcatND','1',0,'2023-07-07 22:07:32',0,'2023-07-07 22:07:32',b'0'),
	(708829299012014080,'Tomcat2','10',0,'2023-07-07 22:07:32',0,'2023-07-07 22:07:32',b'0'),
	(708829299469193216,'save Tomcat','15',0,'2023-07-07 22:07:32',0,'2023-07-07 22:07:32',b'0'),
	(708882206268878848,'Tomcat','10',0,'2023-07-08 01:37:46',0,'2023-07-08 01:37:46',b'0'),
	(708882206466011136,'TomcatND','1',0,'2023-07-08 01:37:46',0,'2023-07-08 01:37:46',b'0'),
	(708882206512148480,'Tomcat2','10',0,'2023-07-08 01:37:46',0,'2023-07-08 01:37:46',b'0'),
	(708882206734446592,'save Tomcat','15',0,'2023-07-08 01:37:46',0,'2023-07-08 01:37:46',b'0'),
	(708883625155784704,'Tomcat','10',0,'2023-07-08 01:43:24',0,'2023-07-08 01:43:24',b'0'),
	(708883625315168256,'TomcatND','1',0,'2023-07-08 01:43:25',0,'2023-07-08 01:43:25',b'0'),
	(708883625352916992,'Tomcat2','10',0,'2023-07-08 01:43:25',0,'2023-07-08 01:43:25',b'0'),
	(708883625537466368,'save Tomcat','15',0,'2023-07-08 01:43:25',0,'2023-07-08 01:43:25',b'0'),
	(708883932745068544,'Tomcat','10',0,'2023-07-08 01:44:38',0,'2023-07-08 01:44:38',b'0'),
	(708883932904452096,'TomcatND','1',0,'2023-07-08 01:44:38',0,'2023-07-08 01:44:38',b'0'),
	(708883932942200832,'Tomcat2','10',0,'2023-07-08 01:44:38',0,'2023-07-08 01:44:38',b'0'),
	(708883933109972992,'save Tomcat','15',0,'2023-07-08 01:44:38',0,'2023-07-08 01:44:38',b'0'),
	(710570777421811712,'Tomcat','10',0,'2023-07-12 17:27:33',0,'2023-07-12 17:27:33',b'0'),
	(710570777660887040,'TomcatND','1',0,'2023-07-12 17:27:33',0,'2023-07-12 17:27:33',b'0'),
	(710570777744773120,'Tomcat2','10',0,'2023-07-12 17:27:33',0,'2023-07-12 17:27:33',b'0'),
	(710570778160009216,'save Tomcat','15',0,'2023-07-12 17:27:33',0,'2023-07-12 17:27:33',b'0'),
	(711293584518680576,'Tomcat','10',0,'2023-07-14 17:19:44',0,'2023-07-14 17:19:44',b'0'),
	(711293584669675520,'TomcatND','1',0,'2023-07-14 17:19:44',0,'2023-07-14 17:19:44',b'0'),
	(711293584707424256,'Tomcat2','10',0,'2023-07-14 17:19:44',0,'2023-07-14 17:19:44',b'0'),
	(711293584896167936,'save Tomcat','15',0,'2023-07-14 17:19:44',0,'2023-07-14 17:19:44',b'0'),
	(711296977555427328,'Tomcat','10',0,'2023-07-14 17:33:13',0,'2023-07-14 17:33:13',b'0'),
	(711296977840640000,'TomcatND','1',0,'2023-07-14 17:33:13',0,'2023-07-14 17:33:13',b'0'),
	(711296977958080512,'Tomcat2','10',0,'2023-07-14 17:33:13',0,'2023-07-14 17:33:13',b'0'),
	(711296978427842560,'save Tomcat','15',0,'2023-07-14 17:33:13',0,'2023-07-14 17:33:13',b'0'),
	(712508028045234176,'Tomcat','10',0,'2023-07-18 01:45:29',0,'2023-07-18 01:45:29',b'0'),
	(712508028317863936,'TomcatND','1',0,'2023-07-18 01:45:30',0,'2023-07-18 01:45:30',b'0'),
	(715398514267414528,'Tomcat','10',0,'2023-07-26 01:11:15',0,'2023-07-26 01:11:15',b'0'),
	(715398514460352512,'TomcatND','1',0,'2023-07-26 01:11:15',0,'2023-07-26 01:11:15',b'0'),
	(715398514493906944,'Tomcat2','10',0,'2023-07-26 01:11:15',0,'2023-07-26 01:11:15',b'0'),
	(715398514766536704,'save Tomcat','15',0,'2023-07-26 01:11:15',0,'2023-07-26 01:11:15',b'0'),
	(716076966209413120,'Tomcat','10',0,'2023-07-27 22:07:11',0,'2023-07-27 22:07:11',b'0'),
	(716076966402351104,'TomcatND','1',0,'2023-07-27 22:07:11',0,'2023-07-27 22:07:11',b'0'),
	(716076966461071360,'Tomcat2','10',0,'2023-07-27 22:07:11',0,'2023-07-27 22:07:11',b'0'),
	(716076966830170112,'save Tomcat','15',0,'2023-07-27 22:07:11',0,'2023-07-27 22:07:11',b'0'),
	(716106669813161984,'Tomcat','10',0,'2023-07-28 00:05:13',0,'2023-07-28 00:05:13',b'0'),
	(716106670064820224,'TomcatND','1',0,'2023-07-28 00:05:13',0,'2023-07-28 00:05:13',b'0'),
	(716106670123540480,'Tomcat2','10',0,'2023-07-28 00:05:13',0,'2023-07-28 00:05:13',b'0'),
	(716106670488444928,'save Tomcat','15',0,'2023-07-28 00:05:13',0,'2023-07-28 00:05:13',b'0'),
	(716119653356691456,'Tomcat','10',0,'2023-07-28 00:56:48',0,'2023-07-28 00:56:48',b'0'),
	(716119653692235776,'TomcatND','1',0,'2023-07-28 00:56:48',0,'2023-07-28 00:56:48',b'0'),
	(716119653818064896,'Tomcat2','10',0,'2023-07-28 00:56:48',0,'2023-07-28 00:56:48',b'0'),
	(716119654333964288,'save Tomcat','15',0,'2023-07-28 00:56:48',0,'2023-07-28 00:56:48',b'0'),
	(716123470424989696,'Tomcat','10',0,'2023-07-28 01:11:58',0,'2023-07-28 01:11:58',b'0'),
	(716123470781505536,'TomcatND','1',0,'2023-07-28 01:11:58',0,'2023-07-28 01:11:58',b'0'),
	(716123470911528960,'Tomcat2','10',0,'2023-07-28 01:11:58',0,'2023-07-28 01:11:58',b'0'),
	(716123471410651136,'save Tomcat','15',0,'2023-07-28 01:11:58',0,'2023-07-28 01:11:58',b'0'),
	(716127384125857792,'Tomcat','10',0,'2023-07-28 01:27:31',0,'2023-07-28 01:27:31',b'0'),
	(716127384360738816,'TomcatND','1',0,'2023-07-28 01:27:31',0,'2023-07-28 01:27:31',b'0'),
	(716127384415264768,'Tomcat2','10',0,'2023-07-28 01:27:31',0,'2023-07-28 01:27:31',b'0'),
	(716127384616591360,'save Tomcat','15',0,'2023-07-28 01:27:31',0,'2023-07-28 01:27:31',b'0'),
	(716133659630919680,'Tomcat','10',0,'2023-07-28 01:52:27',0,'2023-07-28 01:52:27',b'0'),
	(716133659937103872,'TomcatND','1',0,'2023-07-28 01:52:27',0,'2023-07-28 01:52:27',b'0'),
	(716133660067127296,'Tomcat2','10',0,'2023-07-28 01:52:27',0,'2023-07-28 01:52:27',b'0'),
	(716133660515917824,'save Tomcat','15',0,'2023-07-28 01:52:28',0,'2023-07-28 01:52:28',b'0'),
	(716146059000176640,'Tomcat','10',0,'2023-07-28 02:41:44',0,'2023-07-28 02:41:44',b'0'),
	(716146059264417792,'TomcatND','1',0,'2023-07-28 02:41:44',0,'2023-07-28 02:41:44',b'0'),
	(716146059356692480,'Tomcat2','10',0,'2023-07-28 02:41:44',0,'2023-07-28 02:41:44',b'0'),
	(716146059843231744,'save Tomcat','15',0,'2023-07-28 02:41:44',0,'2023-07-28 02:41:44',b'0'),
	(716788798624653312,'Tomcat','10',0,'2023-07-29 21:15:45',0,'2023-07-29 21:15:45',b'0'),
	(716788798863728640,'TomcatND','1',0,'2023-07-29 21:15:45',0,'2023-07-29 21:15:45',b'0'),
	(716788798909865984,'Tomcat2','10',0,'2023-07-29 21:15:45',0,'2023-07-29 21:15:45',b'0'),
	(716788799106998272,'save Tomcat','15',0,'2023-07-29 21:15:45',0,'2023-07-29 21:15:45',b'0'),
	(717757289146093568,'Tomcat','10',0,'2023-08-01 13:24:11',0,'2023-08-01 13:24:11',b'0'),
	(717757289401946112,'TomcatND','1',0,'2023-08-01 13:24:11',0,'2023-08-01 13:24:11',b'0'),
	(717757289469054976,'Tomcat2','10',0,'2023-08-01 13:24:11',0,'2023-08-01 13:24:11',b'0'),
	(717757289716518912,'save Tomcat','15',0,'2023-08-01 13:24:11',0,'2023-08-01 13:24:11',b'0'),
	(717759090830348288,'Tomcat','10',0,'2023-08-01 13:31:20',0,'2023-08-01 13:31:20',b'0'),
	(717759091111366656,'TomcatND','1',0,'2023-08-01 13:31:20',0,'2023-08-01 13:31:20',b'0'),
	(717759091157504000,'Tomcat2','10',0,'2023-08-01 13:31:20',0,'2023-08-01 13:31:20',b'0'),
	(717759091434328064,'save Tomcat','15',0,'2023-08-01 13:31:21',0,'2023-08-01 13:31:21',b'0'),
	(718653026759364608,'Tomcat','10',0,'2023-08-04 00:43:31',0,'2023-08-04 00:43:31',b'0'),
	(718653027023605760,'TomcatND','1',0,'2023-08-04 00:43:31',0,'2023-08-04 00:43:31',b'0'),
	(718653027061354496,'Tomcat2','10',0,'2023-08-04 00:43:31',0,'2023-08-04 00:43:31',b'0'),
	(718653027329789952,'save Tomcat','15',0,'2023-08-04 00:43:31',0,'2023-08-04 00:43:31',b'0'),
	(718653552255324160,'Tomcat','10',0,'2023-08-04 00:45:37',0,'2023-08-04 00:45:37',b'0'),
	(718653552586674176,'TomcatND','1',0,'2023-08-04 00:45:37',0,'2023-08-04 00:45:37',b'0'),
	(718653552678948864,'Tomcat2','10',0,'2023-08-04 00:45:37',0,'2023-08-04 00:45:37',b'0'),
	(718653553194848256,'save Tomcat','15',0,'2023-08-04 00:45:37',0,'2023-08-04 00:45:37',b'0'),
	(721395172159524864,'Tomcat','10',0,'2023-08-11 14:19:50',0,'2023-08-11 14:19:50',b'0'),
	(721395172457320448,'TomcatND','1',0,'2023-08-11 14:19:50',0,'2023-08-11 14:19:50',b'0'),
	(721395172604121088,'Tomcat2','10',0,'2023-08-11 14:19:50',0,'2023-08-11 14:19:50',b'0'),
	(721395173140992000,'save Tomcat','15',0,'2023-08-11 14:19:50',0,'2023-08-11 14:19:50',b'0'),
	(723281780416724992,'Tomcat','10',0,'2023-08-16 19:16:32',0,'2023-08-16 19:16:32',b'0'),
	(723281780618051584,'TomcatND','1',0,'2023-08-16 19:16:32',0,'2023-08-16 19:16:32',b'0'),
	(723281780655800320,'Tomcat2','10',0,'2023-08-16 19:16:32',0,'2023-08-16 19:16:32',b'0'),
	(723281780911652864,'save Tomcat','15',0,'2023-08-16 19:16:32',0,'2023-08-16 19:16:32',b'0'),
	(729133071286149120,'Tomcat','10',0,'2023-09-01 22:47:29',0,'2023-09-01 22:47:29',b'0'),
	(729133071554584576,'TomcatND','1',0,'2023-09-01 22:47:29',0,'2023-09-01 22:47:29',b'0'),
	(729133071596527616,'Tomcat2','10',0,'2023-09-01 22:47:29',0,'2023-09-01 22:47:29',b'0'),
	(729133071839797248,'save Tomcat','15',0,'2023-09-01 22:47:29',0,'2023-09-01 22:47:29',b'0'),
	(729559431519408128,'Tomcat','10',0,'2023-09-03 03:01:41',0,'2023-09-03 03:01:41',b'0'),
	(729559431792037888,'TomcatND','1',0,'2023-09-03 03:01:41',0,'2023-09-03 03:01:41',b'0'),
	(729559431842369536,'Tomcat2','10',0,'2023-09-03 03:01:41',0,'2023-09-03 03:01:41',b'0'),
	(729559432240828416,'save Tomcat','15',0,'2023-09-03 03:01:41',0,'2023-09-03 03:01:41',b'0'),
	(736413937750261760,'Tomcat','10',0,'2023-09-22 00:59:02',0,'2023-09-22 00:59:02',b'0'),
	(736413937997725696,'TomcatND','1',0,'2023-09-22 00:59:03',0,'2023-09-22 00:59:03',b'0'),
	(736413938043863040,'Tomcat2','10',0,'2023-09-22 00:59:03',0,'2023-09-22 00:59:03',b'0'),
	(736413938484264960,'save Tomcat','15',0,'2023-09-22 00:59:03',0,'2023-09-22 00:59:03',b'0'),
	(736415281320050688,'Tomcat','10',0,'2023-09-22 01:04:23',0,'2023-09-22 01:04:23',b'0'),
	(736415281743675392,'TomcatND','1',0,'2023-09-22 01:04:23',0,'2023-09-22 01:04:23',b'0'),
	(736415281877893120,'Tomcat2','10',0,'2023-09-22 01:04:23',0,'2023-09-22 01:04:23',b'0'),
	(736415282343460864,'save Tomcat','15',0,'2023-09-22 01:04:23',0,'2023-09-22 01:04:23',b'0'),
	(736416099154804736,'Tomcat','10',0,'2023-09-22 01:07:38',0,'2023-09-22 01:07:38',b'0'),
	(736416099402268672,'TomcatND','1',0,'2023-09-22 01:07:38',0,'2023-09-22 01:07:38',b'0'),
	(736416099465183232,'Tomcat2','10',0,'2023-09-22 01:07:38',0,'2023-09-22 01:07:38',b'0'),
	(736416099645538304,'save Tomcat','15',0,'2023-09-22 01:07:38',0,'2023-09-22 01:07:38',b'0'),
	(736418402213576704,'Tomcat','10',0,'2023-09-22 01:16:47',0,'2023-09-22 01:16:47',b'0'),
	(736418402427486208,'TomcatND','1',0,'2023-09-22 01:16:47',0,'2023-09-22 01:16:47',b'0'),
	(736418402532343808,'Tomcat2','10',0,'2023-09-22 01:16:47',0,'2023-09-22 01:16:47',b'0'),
	(736418402779807744,'save Tomcat','15',0,'2023-09-22 01:16:47',0,'2023-09-22 01:16:47',b'0'),
	(736418738542231552,'Tomcat','10',0,'2023-09-22 01:18:07',0,'2023-09-22 01:18:07',b'0'),
	(736418738810667008,'TomcatND','1',0,'2023-09-22 01:18:07',0,'2023-09-22 01:18:07',b'0'),
	(736418738865192960,'Tomcat2','10',0,'2023-09-22 01:18:07',0,'2023-09-22 01:18:07',b'0'),
	(736418739137822720,'save Tomcat','15',0,'2023-09-22 01:18:07',0,'2023-09-22 01:18:07',b'0'),
	(784652327658196992,'Tomcat','10',0,'2024-02-02 03:41:11',0,'2024-02-02 03:41:11',b'0'),
	(784652327935021056,'TomcatND','1',0,'2024-02-02 03:41:11',0,'2024-02-02 03:41:11',b'0'),
	(784652327985352704,'Tomcat2','10',0,'2024-02-02 03:41:11',0,'2024-02-02 03:41:11',b'0'),
	(784652328283148288,'save Tomcat','15',0,'2024-02-02 03:41:11',0,'2024-02-02 03:41:11',b'0'),
	(784653818578079744,'Tomcat','10',0,'2024-02-02 03:47:06',0,'2024-02-02 03:47:06',b'0'),
	(784653818817155072,'TomcatND','1',0,'2024-02-02 03:47:06',0,'2024-02-02 03:47:06',b'0'),
	(784653818880069632,'Tomcat2','10',0,'2024-02-02 03:47:06',0,'2024-02-02 03:47:06',b'0'),
	(784653819127533568,'save Tomcat','15',0,'2024-02-02 03:47:06',0,'2024-02-02 03:47:06',b'0');

/*!40000 ALTER TABLE `cat` ENABLE KEYS */;
UNLOCK TABLES;


# Dump of table cat_reward
# ------------------------------------------------------------

CREATE TABLE `cat_reward` (
  `id` bigint NOT NULL COMMENT '主键',
  `title` varchar(32) DEFAULT NULL,
  `cat_id` bigint DEFAULT NULL,
  `create_by` bigint DEFAULT NULL COMMENT '创建人',
  `create_time` datetime DEFAULT NULL COMMENT '创建时间',
  `update_by` bigint DEFAULT NULL COMMENT '更新人',
  `update_time` datetime DEFAULT NULL COMMENT '更新时间',
  `is_deleted` bit(1) DEFAULT NULL COMMENT '是否逻辑删除',
  PRIMARY KEY (`id`)
) ENGINE=InnoDB DEFAULT CHARSET=utf8mb4 COLLATE=utf8mb4_0900_ai_ci COMMENT='猫的证书';

LOCK TABLES `cat_reward` WRITE;
/*!40000 ALTER TABLE `cat_reward` DISABLE KEYS */;

INSERT INTO `cat_reward` (`id`, `title`, `cat_id`, `create_by`, `create_time`, `update_by`, `update_time`, `is_deleted`)
VALUES
	(706172141099323392,'吃饭冠军',706172121272848384,0,'2023-06-30 14:08:56',0,'2023-06-30 14:08:56',b'0'),
	(706174000719499264,'吃饭冠军',706174000581087232,0,'2023-06-30 14:16:20',0,'2023-06-30 14:16:20',b'0'),
	(706177036451876864,'吃饭冠军',706177036384768000,0,'2023-06-30 14:28:23',0,'2023-06-30 14:28:23',b'0'),
	(706177163111469056,'吃饭冠军',706177163073720320,0,'2023-06-30 14:28:54',0,'2023-06-30 14:28:54',b'0'),
	(706178231711076352,'吃饭冠军',706178231681716224,0,'2023-06-30 14:33:08',0,'2023-06-30 14:33:08',b'0'),
	(706193843866865664,'吃饭冠军',706193843824922624,0,'2023-06-30 15:35:11',0,'2023-06-30 15:35:11',b'0'),
	(706224209344368640,'吃饭冠军',706224209302425600,0,'2023-06-30 17:35:50',0,'2023-06-30 17:35:50',b'0'),
	(706399774789636096,'吃饭冠军',706399774751887360,0,'2023-07-01 05:13:28',0,'2023-07-01 05:13:28',b'0'),
	(706553022926327808,'吃饭冠军',706553022880190464,0,'2023-07-01 15:22:26',0,'2023-07-01 15:22:26',b'0'),
	(706554901500563456,'吃饭冠军',706554901471203328,0,'2023-07-01 15:29:53',0,'2023-07-01 15:29:53',b'0'),
	(707296700103954432,'吃饭冠军',NULL,0,'2023-07-03 16:37:32',0,'2023-07-03 16:37:32',b'0'),
	(707297514490990592,'吃饭冠军',707297514453241856,0,'2023-07-03 16:40:46',0,'2023-07-03 16:40:46',b'0'),
	(707297874601349120,'吃饭冠军',707297874571988992,0,'2023-07-03 16:42:12',0,'2023-07-03 16:42:12',b'0'),
	(707378815290085376,'吃饭冠军',707378815269113856,0,'2023-07-03 22:03:50',0,'2023-07-03 22:03:50',b'0'),
	(707379031888138240,'吃饭冠军',707379031858778112,0,'2023-07-03 22:04:41',0,'2023-07-03 22:04:41',b'0'),
	(707379161727012864,'吃饭冠军',707379161693458432,0,'2023-07-03 22:05:12',0,'2023-07-03 22:05:12',b'0'),
	(707586256678195200,'吃饭冠军',707586256657223680,0,'2023-07-04 11:48:08',0,'2023-07-04 11:48:08',b'0'),
	(708015883183755264,'吃饭冠军',708015883158589440,0,'2023-07-05 16:15:19',0,'2023-07-05 16:15:19',b'0'),
	(708016808635961344,'吃饭冠军',708016808564658176,0,'2023-07-05 16:18:59',0,'2023-07-05 16:18:59',b'0'),
	(708085385791574016,'吃饭冠军',708085385762213888,0,'2023-07-05 20:51:29',0,'2023-07-05 20:51:29',b'0'),
	(708828148480872448,'吃饭冠军',708828148459900928,0,'2023-07-07 22:02:58',0,'2023-07-07 22:02:58',b'0'),
	(708829299079122944,'吃饭冠军',708829299012014080,0,'2023-07-07 22:07:32',0,'2023-07-07 22:07:32',b'0'),
	(708882206541508608,'吃饭冠军',708882206512148480,0,'2023-07-08 01:37:46',0,'2023-07-08 01:37:46',b'0'),
	(708883625382277120,'吃饭冠军',708883625352916992,0,'2023-07-08 01:43:25',0,'2023-07-08 01:43:25',b'0'),
	(708883932967366656,'吃饭冠军',708883932942200832,0,'2023-07-08 01:44:38',0,'2023-07-08 01:44:38',b'0'),
	(710570777795104768,'吃饭冠军',710570777744773120,0,'2023-07-12 17:27:33',0,'2023-07-12 17:27:33',b'0'),
	(711293584732590080,'吃饭冠军',711293584707424256,0,'2023-07-14 17:19:44',0,'2023-07-14 17:19:44',b'0'),
	(711296978037772288,'吃饭冠军',711296977958080512,0,'2023-07-14 17:33:13',0,'2023-07-14 17:33:13',b'0'),
	(715398514519072768,'吃饭冠军',715398514493906944,0,'2023-07-26 01:11:15',0,'2023-07-26 01:11:15',b'0'),
	(716076966498820096,'吃饭冠军',716076966461071360,0,'2023-07-27 22:07:11',0,'2023-07-27 22:07:11',b'0'),
	(716106670161289216,'吃饭冠军',716106670123540480,0,'2023-07-28 00:05:13',0,'2023-07-28 00:05:13',b'0'),
	(716119653918728192,'吃饭冠军',716119653818064896,0,'2023-07-28 00:56:48',0,'2023-07-28 00:56:48',b'0'),
	(716123470987026432,'吃饭冠军',716123470911528960,0,'2023-07-28 01:11:58',0,'2023-07-28 01:11:58',b'0'),
	(716127384453013504,'吃饭冠军',716127384415264768,0,'2023-07-28 01:27:31',0,'2023-07-28 01:27:31',b'0'),
	(716133660134236160,'吃饭冠军',716133660067127296,0,'2023-07-28 01:52:28',0,'2023-07-28 01:52:28',b'0'),
	(716146059427995648,'吃饭冠军',716146059356692480,0,'2023-07-28 02:41:44',0,'2023-07-28 02:41:44',b'0'),
	(716788798947614720,'吃饭冠军',716788798909865984,0,'2023-07-29 21:15:45',0,'2023-07-29 21:15:45',b'0'),
	(717757289494220800,'吃饭冠军',717757289469054976,0,'2023-08-01 13:24:11',0,'2023-08-01 13:24:11',b'0'),
	(717759091186864128,'吃饭冠军',717759091157504000,0,'2023-08-01 13:31:20',0,'2023-08-01 13:31:20',b'0'),
	(718653027157823488,'吃饭冠军',718653027061354496,0,'2023-08-04 00:43:31',0,'2023-08-04 00:43:31',b'0'),
	(718653552733474816,'吃饭冠军',718653552678948864,0,'2023-08-04 00:45:37',0,'2023-08-04 00:45:37',b'0'),
	(721395172721561600,'吃饭冠军',721395172604121088,0,'2023-08-11 14:19:50',0,'2023-08-11 14:19:50',b'0'),
	(723281780680966144,'吃饭冠军',723281780655800320,0,'2023-08-16 19:16:32',0,'2023-08-16 19:16:32',b'0'),
	(729133071613304832,'吃饭冠军',729133071596527616,0,'2023-09-01 22:47:29',0,'2023-09-01 22:47:29',b'0'),
	(729559431871729664,'吃饭冠军',729559431842369536,0,'2023-09-03 03:01:41',0,'2023-09-03 03:01:41',b'0'),
	(736413938073223168,'吃饭冠军',736413938043863040,0,'2023-09-22 00:59:03',0,'2023-09-22 00:59:03',b'0'),
	(736415281965973504,'吃饭冠军',736415281877893120,0,'2023-09-22 01:04:23',0,'2023-09-22 01:04:23',b'0'),
	(736416099486154752,'吃饭冠军',736416099465183232,0,'2023-09-22 01:07:38',0,'2023-09-22 01:07:38',b'0'),
	(736418402557509632,'吃饭冠军',736418402532343808,0,'2023-09-22 01:16:47',0,'2023-09-22 01:16:47',b'0'),
	(736418738902941696,'吃饭冠军',736418738865192960,0,'2023-09-22 01:18:07',0,'2023-09-22 01:18:07',b'0'),
	(784652328018907136,'吃饭冠军',784652327985352704,0,'2024-02-02 03:41:11',0,'2024-02-02 03:41:11',b'0'),
	(784653818909429760,'吃饭冠军',784653818880069632,0,'2024-02-02 03:47:06',0,'2024-02-02 03:47:06',b'0');

/*!40000 ALTER TABLE `cat_reward` ENABLE KEYS */;
UNLOCK TABLES;


# Dump of table dog
# ------------------------------------------------------------

CREATE TABLE `dog` (
  `id` varchar(32) NOT NULL COMMENT '主键',
  `name` varchar(32) DEFAULT NULL,
  `age` int DEFAULT NULL,
  PRIMARY KEY (`id`)
) ENGINE=InnoDB DEFAULT CHARSET=utf8mb4 COLLATE=utf8mb4_0900_ai_ci;

LOCK TABLES `dog` WRITE;
/*!40000 ALTER TABLE `dog` DISABLE KEYS */;

INSERT INTO `dog` (`id`, `name`, `age`)
VALUES
	('sq1688159556056','Tomcat2',10),
	('sq1688159575001','Tomcat2',10),
	('sq1688159608417','Tomcat2',10),
	('sq1688196145634','Tomcat2',10),
	('sq1688196225658','Tomcat2',10),
	('sq1688196593507','Tomcat2',10),
	('sq1688373452084','Tomcat2',10),
	('sq1688373646254','Tomcat2',10),
	('sq1688373732091','Tomcat2',10),
	('sq1688393029863','Tomcat2',10),
	('sq1688393081508','Tomcat2',10),
	('sq1688393112459','Tomcat2',10),
	('sq1688442487738','Tomcat2',10),
	('sq1688545101222','Tomcat2',10),
	('sq1688545139370','Tomcat2',10),
	('sq1688561489395','Tomcat2',10),
	('sq1688738577815','Tomcat2',10),
	('sq1688738852171','Tomcat2',10),
	('sq1688751466267','Tomcat2',10),
	('sq1688751804546','Tomcat2',10),
	('sq1688751877879','Tomcat2',10),
	('sq1689154053045','Tomcat2',10),
	('sq1689326383630','Tomcat2',10),
	('sq1689327192679','Tomcat2',10),
	('sq1689615929588','Tomcat2',10),
	('sq1690305075166','Tomcat2',10),
	('sq1690466830734','Tomcat2',10),
	('sq1690473912632','Tomcat2',10),
	('sq1690477008232','Tomcat2',10),
	('sq1690477918277','Tomcat2',10),
	('sq1690478851291','Tomcat2',10),
	('sq1690480347553','Tomcat2',10),
	('sq1690483303781','Tomcat2',10),
	('sq1690636544791','Tomcat2',10),
	('sq1690867450935','Tomcat2',10),
	('sq1690867880500','Tomcat2',10),
	('sq1691081011434','Tomcat2',10),
	('sq1691081136782','Tomcat2',10),
	('sq1691734789924','Tomcat2',10),
	('sq1692184592275','Tomcat2',10),
	('sq1693579648745','Tomcat2',10),
	('sq1693681300966','Tomcat2',10),
	('sq1695315542576','Tomcat2',10),
	('sq1695315863011','Tomcat2',10),
	('sq1695316057897','Tomcat2',10),
	('sq1695316606996','Tomcat2',10),
	('sq1695316687187','Tomcat2',10),
	('sq1706816470976','Tomcat2',10),
	('sq1706816826427','Tomcat2',10);

/*!40000 ALTER TABLE `dog` ENABLE KEYS */;
UNLOCK TABLES;


# Dump of table mm_serial_number
# ------------------------------------------------------------

CREATE TABLE `mm_serial_number` (
  `id` bigint NOT NULL COMMENT '主键',
  `code` varchar(32) NOT NULL COMMENT '外部可见，唯一code',
  `status` varchar(16) DEFAULT NULL,
  `create_by` bigint DEFAULT NULL,
  `create_time` datetime DEFAULT NULL,
  `update_by` bigint DEFAULT NULL,
  `update_time` datetime DEFAULT NULL,
  `is_deleted` bit(1) DEFAULT NULL,
  PRIMARY KEY (`id`)
) ENGINE=InnoDB DEFAULT CHARSET=utf8mb4 COLLATE=utf8mb4_0900_ai_ci COMMENT='序列号';

LOCK TABLES `mm_serial_number` WRITE;
/*!40000 ALTER TABLE `mm_serial_number` DISABLE KEYS */;

INSERT INTO `mm_serial_number` (`id`, `code`, `status`, `create_by`, `create_time`, `update_by`, `update_time`, `is_deleted`)
VALUES
	(664984730659258368,'11','SOLD',0,'2023-03-08 22:24:52',0,'2024-02-02 03:47:02',b'0');

/*!40000 ALTER TABLE `mm_serial_number` ENABLE KEYS */;
UNLOCK TABLES;


# Dump of table plant_storage_location
# ------------------------------------------------------------

CREATE TABLE `plant_storage_location` (
  `id` bigint NOT NULL COMMENT '主键',
  `code` varchar(32) NOT NULL COMMENT '外部可见，唯一code',
  `description` varchar(32) DEFAULT NULL,
  `plant_id` bigint DEFAULT NULL,
  `create_by` bigint DEFAULT NULL COMMENT '创建人',
  `create_time` datetime DEFAULT NULL COMMENT '创建时间',
  `update_by` bigint DEFAULT NULL COMMENT '更新人',
  `update_time` datetime DEFAULT NULL COMMENT '更新时间',
  `is_deleted` bit(1) DEFAULT NULL COMMENT '是否逻辑删除',
  PRIMARY KEY (`id`)
) ENGINE=InnoDB DEFAULT CHARSET=utf8mb4 COLLATE=utf8mb4_0900_ai_ci COMMENT='库位';

LOCK TABLES `plant_storage_location` WRITE;
/*!40000 ALTER TABLE `plant_storage_location` DISABLE KEYS */;

INSERT INTO `plant_storage_location` (`id`, `code`, `description`, `plant_id`, `create_by`, `create_time`, `update_by`, `update_time`, `is_deleted`)
VALUES
	(784653820025114624,'B','bbbbB222',1,0,'2024-02-02 03:47:07',0,'2024-02-02 03:47:07',b'0'),
	(784653820025114625,'F','ffffF2222',1,0,'2024-02-02 03:47:07',0,'2024-02-02 03:47:07',b'0');

/*!40000 ALTER TABLE `plant_storage_location` ENABLE KEYS */;
UNLOCK TABLES;


# Dump of table sys_dict
# ------------------------------------------------------------

CREATE TABLE `sys_dict` (
  `id` bigint DEFAULT NULL,
  `type` varchar(32) NOT NULL,
  `name` varchar(32) NOT NULL,
  `label` varchar(32) NOT NULL,
  `sort` int DEFAULT NULL,
  `remark` varchar(64) DEFAULT NULL,
PRIMARY KEY (`type`,`name`)
) ENGINE=InnoDB DEFAULT CHARSET=utf8mb4 COLLATE=utf8mb4_0900_ai_ci;

LOCK TABLES `sys_dict` WRITE;
/*!40000 ALTER TABLE `sys_dict` DISABLE KEYS */;

INSERT INTO `sys_dict` (id, `type`, `name`, `label`, `sort`)
VALUES
	(1,'gender','0','女',2),
	(2,'gender','1','男',1),
	(3,'gender','2','未知',0),
	(4,'sex','F','女',1),
	(5,'sex','M','男',0);

/*!40000 ALTER TABLE `sys_dict` ENABLE KEYS */;
UNLOCK TABLES;


# Dump of table sys_document
# ------------------------------------------------------------

CREATE TABLE `sys_document` (
  `id` bigint(20) NOT NULL,
  `name` varchar(255) NOT NULL,
  `extension` varchar(16) DEFAULT NULL,
  `content_type` varchar(128) DEFAULT NULL,
  `size` int(11) DEFAULT NULL,
  `group_name` varchar(255) NOT NULL,
  `path` varchar(255) NOT NULL,
  `create_by` bigint(20) DEFAULT NULL,
  `create_time` datetime NOT NULL,
  `update_by` bigint(20) DEFAULT NULL,
  `update_time` datetime DEFAULT NULL,
  `is_deleted` bit(1) DEFAULT NULL,
PRIMARY KEY (`id`)
) ENGINE=InnoDB DEFAULT CHARSET=utf8mb3;

LOCK TABLES `sys_document` WRITE;
/*!40000 ALTER TABLE `sys_document` DISABLE KEYS */;

INSERT INTO `sys_document` (`id`, `name`, `extension`, `content_type`, `size`, `group_name`, `path`, `create_time`, `is_deleted`)
VALUES
    (479729243354726400,'1','jpg','image/jpeg',116460,'document','479729243296006144.jpg','2021-10-13 17:25:42',0),
    (484832683802132480,'1','jpg','image/jpeg',116460,'document','484832683730829312.jpg','2021-10-27 19:24:57',0),
    (489114464315408384,'1','png','image/png',444136,'upload','489114464034390016.png','2021-11-08 14:59:13',0),
    (489114509278347264,'f2','png','image/png',388722,'upload','489114509261570048.png','2021-11-08 14:59:24',0),
    (489114576676618240,'f3','png','image/png',391942,'upload','489114576659841024.png','2021-11-08 14:59:40',0),
    (489144193131118592,'2','jpg','image/jpeg',9445,'upload','489144193105952768.jpg','2021-11-08 16:57:21',0),
    (489145884731670528,'1','jpeg','image/jpeg',5732,'upload','489145884433874944.jpeg','2021-11-08 17:04:05',0),
    (489150705647910912,'2','jpg','image/jpeg',9445,'upload','489150705358503936.jpg','2021-11-08 17:23:14',0),
    (489150772983267328,'1912_20150629164828313194_1','jpg','image/jpeg',149763,'upload','489150772974878720.jpg','2021-11-08 17:23:30',0),
    (489150972124626944,'鲁迅2','jpg','image/jpeg',875103,'upload','489150972107849728.jpg','2021-11-08 17:24:18',0),
    (489151648720388096,'timg','jpeg','image/jpeg',21716,'upload','489151648711999488.jpeg','2021-11-08 17:26:59',0),
    (489152276658028544,'3','jpg','image/jpeg',6739,'upload','489152276330872832.jpg','2021-11-08 17:29:29',0),
    (489152551447855104,'3','jpg','image/jpeg',6739,'upload','489152551414300672.jpg','2021-11-08 17:30:34',0),
    (489152551452049408,'2','jpg','image/jpeg',9445,'upload','489152551414300673.jpg','2021-11-08 17:30:34',0),
    (489152551452049409,'1','jpeg','image/jpeg',5732,'upload','489152551418494976.jpeg','2021-11-08 17:30:34',0),
    (489153538648604672,'hell','jpeg','image/jpeg',91903,'upload','489153538371780608.jpeg','2021-11-08 17:34:29',0),
    (489160811324276736,'组织架构合并问题','png','image/png',620177,'upload','489160811039064064.png','2021-11-08 18:03:23',0),
    (489160872816967680,'2','jpg','image/jpeg',9445,'upload','489160872800190464.jpg','2021-11-08 18:03:38',0),
    (489161589204090880,'hell','jpeg','image/jpeg',91903,'upload','489161588902100992.jpeg','2021-11-08 18:06:29',0),
    (489161634167029760,'2','jpg','image/jpeg',9445,'upload','489161634154446848.jpg','2021-11-08 18:06:40',0),
    (489163374236958720,'hell','jpeg','image/jpeg',91903,'upload','489163373943357440.jpeg','2021-11-08 18:13:34',0),
    (489163421108305920,'鲁迅2','jpg','image/jpeg',875103,'upload','489163421087334400.jpg','2021-11-08 18:13:46',0),
    (489164586541809664,'hell','jpeg','image/jpeg',91903,'upload','489164586181099520.jpeg','2021-11-08 18:18:23',0),
    (489164666858536960,'1912_20150629164828313194_1','jpg','image/jpeg',149763,'upload','489164666845954048.jpg','2021-11-08 18:18:43',0),
    (489165024959823872,'banner1','jpg','image/jpeg',117348,'upload','489165024947240960.jpg','2021-11-08 18:20:08',0),
    (489165204958380032,'轮播图','jpg','image/jpeg',86575,'upload','489165204941602816.jpg','2021-11-08 18:20:51',0),
    (489165645054115840,'1','jpeg','image/jpeg',5732,'upload','489165644768903168.jpeg','2021-11-08 18:22:36',0),
    (489165707217895424,'轮播图','jpg','image/jpeg',86575,'upload','489165707205312512.jpg','2021-11-08 18:22:51',0),
    (489166010369605632,'timg','jpeg','image/jpeg',21716,'upload','489166010361217024.jpeg','2021-11-08 18:24:03',0),
    (489166169287589888,'2','jpg','image/jpeg',9445,'upload','489166169275006976.jpg','2021-11-08 18:24:41',0),
    (489166273570570240,'1','jpeg','image/jpeg',5732,'upload','489166273553793024.jpeg','2021-11-08 18:25:06',0),
    (489166877479043072,'1','jpeg','image/jpeg',5732,'upload','489166877147693056.jpeg','2021-11-08 18:27:30',0),
    (489168076282429440,'3','jpg','image/jpeg',6739,'upload','489168075993022464.jpg','2021-11-08 18:32:15',0),
    (489169519756345344,'组织架构合并问题','png','image/png',620177,'upload','489169519445966848.png','2021-11-08 18:38:00',0),
    (489169519907340288,'3','jpg','image/jpeg',6739,'upload','489169519454355456.jpg','2021-11-08 18:38:00',0),
    (489169519907340289,'2','jpg','image/jpeg',9445,'upload','489169519454355457.jpg','2021-11-08 18:38:00',0),
    (489170087040155648,'组织架构合并问题','png','image/png',620177,'upload','489170086511673344.png','2021-11-08 18:40:15',0),
    (489170087195344896,'3','jpg','image/jpeg',6739,'upload','489170086515867648.jpg','2021-11-08 18:40:15',0),
    (489170087195344897,'2','jpg','image/jpeg',9445,'upload','489170086520061952.jpg','2021-11-08 18:40:15',0),
    (556676173866917888,'Test','jpg','image/jpeg',116460,'document','556676173770448896.jpg','2022-05-14 01:25:20',0),
    (556676339046998016,'Test','jpg','image/jpeg',116460,'document','556676338954723328.jpg','2022-05-14 01:26:00',0),
    (616697898108723200,'企业照片2','jpg','image/jpeg',238848,'upload','616697898029031424.jpg','2022-10-26 16:30:14',0),
    (665015016189132800,'tttest','jpg','image/jpeg',41329,'upload','665015016105246720.jpg','2023-03-09 00:25:13',0),
    (665024788107952128,'we-all','jpeg','image/jpeg',879857,'upload','665024788078592000.jpeg','2023-03-09 01:04:03',0),
    (665024788128923648,'size','png','image/png',412744,'upload','665024788086980608.png','2023-03-09 01:04:03',0),
    (665229878127259648,'logo 2','png','image/png',4442,'upload','665229878081122304.png','2023-03-09 14:39:00',0),
    (665257422134210560,'logo 2','png','image/png',4442,'upload','665257422096461824.png','2023-03-09 16:28:27',0),
    (665276245235232768,'logo 2','png','image/png',4442,'upload','665276245205872640.png','2023-03-09 17:43:15',0),
    (665276624748441600,'logo 2','png','image/png',4442,'upload','665276624740052992.png','2023-03-09 17:44:45',0),
    (665551765332062208,'Test','jpg','image/jpeg',116460,'document','665551765269147648.jpg','2023-03-10 11:58:04',0),
    (665552263300804608,'Test','jpg','image/jpeg',116460,'document','665552263246278656.jpg','2023-03-10 12:00:03',0),
    (665582351685808128,'logo 2','png','image/png',4442,'upload','665582351635476480.png','2023-03-10 13:59:36',0),
    (665627239756361728,'logo 2','png','image/png',4442,'upload','665627239727001600.png','2023-03-10 16:57:59',0),
    (665627403065782273,'logo 2','png','image/png',4442,'upload','665627403065782272.png','2023-03-10 16:58:37',0),
    (665683449960493056,'logo 2','png','image/png',4442,'upload','665683449918550016.png','2023-03-10 20:41:20',0),
    (665685329079988224,'logo 2','png','image/png',4442,'upload','665685329050628096.png','2023-03-10 20:48:48',0),
    (665685608399663104,'logo 2','png','image/png',4442,'upload','665685608395468800.png','2023-03-10 20:49:55',0),
    (665692047952343040,'logo 2','png','image/png',4442,'upload','665692047918788608.png','2023-03-10 21:15:30',0),
    (665693280670871552,'logo 2','png','image/png',4442,'upload','665693280666677248.png','2023-03-10 21:20:24',0),
    (665694067656519680,'logo 2','png','image/png',4442,'upload','665694067652325376.png','2023-03-10 21:23:32',0),
    (665702318280306688,'logo 2','png','image/png',4442,'upload','665702318255140864.png','2023-03-10 21:56:19',0),
    (665702631234105344,'logo 2','png','image/png',4442,'upload','665702631225716736.png','2023-03-10 21:57:33',0),
    (665707211036585984,'logo 2','png','image/png',4442,'upload','665707210990448640.png','2023-03-10 22:15:45',0),
    (665708998271463424,'logo 2','png','image/png',4442,'upload','665708998242103296.png','2023-03-10 22:22:51',0),
    (665709771185221632,'logo 2','png','image/png',4442,'upload','665709771181027328.png','2023-03-10 22:25:56',0),
    (665720812916994048,'logo 2','png','image/png',4442,'upload','665720812887633920.png','2023-03-10 23:09:48',0),
    (665721441429254144,'logo 2','png','image/png',4442,'upload','665721441399894016.png','2023-03-10 23:12:18',0),
    (665723702192664576,'logo 2','png','image/png',4442,'upload','665723702167498752.png','2023-03-10 23:21:17',0),
    (665724466868809728,'logo 2','png','image/png',4442,'upload','665724466839449600.png','2023-03-10 23:24:19',0),
    (665724808679419904,'logo 2','png','image/png',4442,'upload','665724808658448384.png','2023-03-10 23:25:41',0),
    (665725334712250368,'logo 2','png','image/png',4442,'upload','665725334691278848.png','2023-03-10 23:27:46',0),
    (666709350588387328,'logo 2','png','image/png',4442,'upload','666709350567415808.png','2023-03-13 16:37:54',0),
    (666714303612620800,'logo 2','png','image/png',4442,'upload','666714303579066368.png','2023-03-13 16:57:35',0),
    (666722127554056192,'logo 2','png','image/png',4442,'upload','666722127533084672.png','2023-03-13 17:28:40',0),
    (666723699948294144,'logo 2','png','image/png',4442,'upload','666723699914739712.png','2023-03-13 17:34:55',0),
    (666724516499591168,'logo 2','png','image/png',4442,'upload','666724516474425344.png','2023-03-13 17:38:10',0),
    (666728978819616768,'logo 2','png','image/png',4442,'upload','666728978790256640.png','2023-03-13 17:55:54',0),
    (666734427929350144,'logo 2','png','image/png',4442,'upload','666734427887407104.png','2023-03-13 18:17:33',0),
    (666734795207774208,'logo 2','png','image/png',4442,'upload','666734795203579904.png','2023-03-13 18:19:00',0),
    (666734947138048001,'logo 2','png','image/png',4442,'upload','666734947138048000.png','2023-03-13 18:19:37',0),
    (666735092663619584,'logo 2','png','image/png',4442,'upload','666735092659425280.png','2023-03-13 18:20:11',0),
    (666735449649221632,'logo 2','png','image/png',4442,'upload','666735449645027328.png','2023-03-13 18:21:36',0),
    (666735827493097472,'logo 2','png','image/png',4442,'upload','666735827488903168.png','2023-03-13 18:23:06',0),
    (666740991654400000,'logo 2','png','image/png',4442,'upload','666740991616651264.png','2023-03-13 18:43:38',0),
    (666741629146664961,'logo 2','png','image/png',4442,'upload','666741629146664960.png','2023-03-13 18:46:10',0),
    (666741961918550017,'logo 2','png','image/png',4442,'upload','666741961918550016.png','2023-03-13 18:47:29',0),
    (666742074212651008,'logo 2','png','image/png',4442,'upload','666742074208456704.png','2023-03-13 18:47:56',0),
    (666742162142040064,'logo 2','png','image/png',4442,'upload','666742162137845760.png','2023-03-13 18:48:17',0),
    (666742441264582656,'logo 2','png','image/png',4442,'upload','666742441260388352.png','2023-03-13 18:49:23',0),
    (666742764762861568,'logo 2','png','image/png',4442,'upload','666742764758667264.png','2023-03-13 18:50:40',0),
    (666742764762861569,'点研账号信息',NULL,'application/octet-stream',575,'upload','666742764758667265','2023-03-13 18:50:40',0),
    (666742962817896449,'102启动',NULL,'application/octet-stream',126,'upload','666742962817896448','2023-03-13 18:51:28',0),
    (666774383569702912,'logo 2','png','image/png',4442,'upload','666774383540342784.png','2023-03-13 20:56:19',0),
    (666774665594703873,'logo 2','png','image/png',4442,'upload','666774665594703872.png','2023-03-13 20:57:26',0),
    (666775396368289793,'logo 2','png','image/png',4442,'upload','666775396368289792.png','2023-03-13 21:00:20',0),
    (666778851262631936,'logo 2','png','image/png',4442,'upload','666778851229077504.png','2023-03-13 21:14:04',0),
    (666816447816699904,'logo 2','png','image/png',4442,'upload','666816447766368256.png','2023-03-13 23:43:28',0),
    (667195521659596800,'logo 2','png','image/png',4442,'upload','667195521638625280.png','2023-03-15 00:49:46',0),
    (667195959389745153,'logo 2','png','image/png',4442,'upload','667195959389745152.png','2023-03-15 00:51:30',0),
    (667475708490051584,'logo 2','png','image/png',4442,'upload','667475708460691456.png','2023-03-15 19:23:08',0),
    (667476918932631552,'logo 2','png','image/png',4442,'upload','667476918899077120.png','2023-03-15 19:27:56',0),
    (667477009852559360,'logo 2','png','image/png',4442,'upload','667477009844170752.png','2023-03-15 19:28:18',0),
    (667686452997455872,'logo 2','png','image/png',4442,'upload','667686452947124224.png','2023-03-16 09:20:33',0),
    (667752554800676864,'logo 2','png','image/png',4442,'upload','667752554767122432.png','2023-03-16 13:43:13',0),
    (667752781267927040,'logo 2','png','image/png',4442,'upload','667752781263732736.png','2023-03-16 13:44:07',0),
    (667753080271470593,'logo 2','png','image/png',4442,'upload','667753080271470592.png','2023-03-16 13:45:18',0),
    (667888737643966464,'logo 2','png','image/png',4442,'upload','667888737597829120.png','2023-03-16 22:44:22',0),
    (667891327240810497,'logo 2','png','image/png',4442,'upload','667891327240810496.png','2023-03-16 22:54:39',0),
    (667916623717380096,'logo 2','png','image/png',4442,'upload','667916623683825664.png','2023-03-17 00:35:10',0),
    (667919383451971584,'logo 2','png','image/png',4442,'upload','667919383414222848.png','2023-03-17 00:46:08',0),
    (667919802983034880,'logo 2','png','image/png',4442,'upload','667919802978840576.png','2023-03-17 00:47:48',0),
    (667921223778349056,'logo 2','png','image/png',4442,'upload','667921223694462976.png','2023-03-17 00:53:27',0),
    (667924442239774720,'logo 2','png','image/png',4442,'upload','667924442218803200.png','2023-03-17 01:06:14',0),
    (668059258910191616,'logo 2','png','image/png',4442,'upload','668059258868248576.png','2023-03-17 10:01:57',0),
    (668059708623466497,'logo 2','png','image/png',4442,'upload','668059708623466496.png','2023-03-17 10:03:44',0),
    (668060562487291904,'logo 2','png','image/png',4442,'upload','668060562483097600.png','2023-03-17 10:07:08',0),
    (668061831125839873,'logo 2','png','image/png',4442,'upload','668061831125839872.png','2023-03-17 10:12:10',0),
    (668062614223368192,'logo 2','png','image/png',4442,'upload','668062614219173888.png','2023-03-17 10:15:17',0),
    (668063064200884224,'logo 2','png','image/png',4442,'upload','668063064163135488.png','2023-03-17 10:17:04',0),
    (668065590258216960,'logo 2','png','image/png',4442,'upload','668065590224662528.png','2023-03-17 10:27:07',0),
    (668067834277965824,'logo 2','png','image/png',4442,'upload','668067834244411392.png','2023-03-17 10:36:02',0),
    (668069488654069760,'logo 2','png','image/png',4442,'upload','668069488612126720.png','2023-03-17 10:42:36',0),
    (668070350596124672,'logo 2','png','image/png',4442,'upload','668070350562570240.png','2023-03-17 10:46:02',0),
    (668070623955693569,'logo 2','png','image/png',4442,'upload','668070623955693568.png','2023-03-17 10:47:07',0),
    (668075281554124800,'logo 2','png','image/png',4442,'upload','668075281545736192.png','2023-03-17 11:05:37',0),
    (668082106517204992,'logo 2','png','image/png',4442,'upload','668082106471067648.png','2023-03-17 11:32:44',0),
    (668183087288463360,'logo 2','png','image/png',4442,'upload','668183087259103232.png','2023-03-17 18:14:00',0),
    (670611135447220224,'logback.2023-03-24','log','application/octet-stream',436410,'upload','670611135401082880.log','2023-03-24 11:02:12',0),
    (670612377548406784,'logback.2023-03-24','log','application/octet-stream',436410,'upload','670612377498075136.log','2023-03-24 11:07:08',0),
    (670615643543879680,'logback.2023-03-24','log','application/octet-stream',436410,'upload','670615643497742336.log','2023-03-24 11:20:07',0),
    (671738231657644032,'logback.2023-03-24','log','application/octet-stream',581992,'upload','671738231607312384.log','2023-03-27 13:40:53',0),
    (671739844078125056,'logback.2023-03-24','log','application/octet-stream',581992,'upload','671739844027793408.log','2023-03-27 13:47:17',0),
    (672214922930733056,'logback.2023-03-24','log','application/octet-stream',581992,'upload','672214922872012800.log','2023-03-28 21:15:05',0),
    (688448607686258688,'1','jpg','image/jpeg',41329,'document','688448607602372608.jpg','2023-05-12 16:21:57',0),
    (688969891222392832,'1','jpg','image/jpeg',41329,'document','688969891142701056.jpg','2023-05-14 02:53:20',0),
    (696014222730989568,'DPlayer','png','image/png',986888,'upload','696014222701629440.png','2023-06-02 13:25:00',0),
    (696015179963437056,'3','xlsx','application/vnd.openxmlformats-officedocument.spreadsheetml.sheet',3454,'upload','696015179955048448.xlsx','2023-06-02 13:28:48',0),
    (696015573565313024,'库房202306011858072','xlsx','application/vnd.openxmlformats-officedocument.spreadsheetml.sheet',3804,'upload','696015573519175680.xlsx','2023-06-02 13:30:22',0),
    (696015874355630080,'小程序需求文档','docx','application/vnd.openxmlformats-officedocument.wordprocessingml.document',206871,'upload','696015874351435776.docx','2023-06-02 13:31:34',0),
    (696015902319054848,'2023-05-16__info','log','application/octet-stream',528824,'upload','696015902310666240.log','2023-06-02 13:31:40',0),
    (696059431573524480,'库房202306011858072','xlsx','application/vnd.openxmlformats-officedocument.spreadsheetml.sheet',3804,'upload','696059431527387136.xlsx','2023-06-02 16:24:38',0),
    (696059613467906048,'1684250430_14654','jpg','image/jpeg',625809,'upload','696059613451128832.jpg','2023-06-02 16:25:22',0),
    (696059666232250368,'1684250430_14654','jpg','image/jpeg',625809,'upload','696059666223861760.jpg','2023-06-02 16:25:34',0),
    (696059767885402112,'1684250430_14654','jpg','image/jpeg',625809,'upload','696059767851847680.jpg','2023-06-02 16:25:59',0);

/*!40000 ALTER TABLE `sys_document` ENABLE KEYS */;
UNLOCK TABLES;


# Dump of table sys_form
# ------------------------------------------------------------

CREATE TABLE `sys_form` (
  `id` bigint NOT NULL,
  `code` varchar(32) DEFAULT NULL,
  `name` varchar(32) NOT NULL,
  `form_advice_name` varchar(32) DEFAULT NULL,
  `table_name` varchar(32) DEFAULT NULL,
  `repository_name` varchar(32) DEFAULT NULL,
  `storage_strategy` varchar(16) DEFAULT NULL,
  `create_by` bigint NOT NULL,
  `create_time` datetime DEFAULT NULL,
  `update_by` bigint NOT NULL,
  `update_time` datetime DEFAULT NULL,
  `is_deleted` bit(1) NOT NULL,
  `tpl_name` varchar(32) DEFAULT NULL,
  `additional_info` varchar(512) CHARACTER SET utf8mb4 COLLATE utf8mb4_0900_ai_ci DEFAULT NULL,
  PRIMARY KEY (`id`)
) ENGINE=InnoDB DEFAULT CHARSET=utf8mb4 COLLATE=utf8mb4_0900_ai_ci;

LOCK TABLES `sys_form` WRITE;
/*!40000 ALTER TABLE `sys_form` DISABLE KEYS */;

INSERT INTO `sys_form` (`id`, `code`, `name`, `form_advice_name`, `table_name`, `repository_name`, `storage_strategy`, `create_by`, `create_time`, `update_by`, `update_time`, `is_deleted`, `tpl_name`, `additional_info`)
VALUES
	(487677232379494400,'first','我的第一个表单',NULL,'t_info',NULL,'INNER_TABLE',0,'2021-11-04 15:48:11',0,'2021-11-04 15:48:11',b'0',NULL,NULL),
	(670604125091708928,'t_user','人员信息表','userFormAdvice','t_user','userDAO','CREATE_TABLE',0,'2023-03-24 10:34:20',0,'2023-03-27 13:46:20',b'0',NULL,NULL);

/*!40000 ALTER TABLE `sys_form` ENABLE KEYS */;
UNLOCK TABLES;


# Dump of table sys_form_configurer
# ------------------------------------------------------------

CREATE TABLE `sys_form_configurer` (
  `id` bigint NOT NULL,
  `name` varchar(32) DEFAULT NULL,
  `label` varchar(16) NOT NULL,
  `type` varchar(32) NOT NULL,
  `validators` text,
  `options` varchar(1024) DEFAULT NULL,
  `default_value` varchar(64) DEFAULT NULL,
  `placeholder` varchar(32) DEFAULT NULL,
  `additional_info` varchar(1024) DEFAULT NULL,
  `cpn_value_converter_name` varchar(32) CHARACTER SET utf8mb4 COLLATE utf8mb4_0900_ai_ci DEFAULT NULL,
  `create_by` bigint NOT NULL,
  `create_time` datetime DEFAULT NULL,
  `update_by` bigint NOT NULL,
  `update_time` datetime DEFAULT NULL,
  `is_deleted` bit(1) NOT NULL,
  `data_source` varchar(32) DEFAULT NULL,
  `is_disabled` bit(1) DEFAULT NULL,
  PRIMARY KEY (`id`)
) ENGINE=InnoDB DEFAULT CHARSET=utf8mb4 COLLATE=utf8mb4_0900_ai_ci;

LOCK TABLES `sys_form_configurer` WRITE;
/*!40000 ALTER TABLE `sys_form_configurer` DISABLE KEYS */;

INSERT INTO `sys_form_configurer` (`id`, `name`, `label`, `type`, `validators`, `options`, `default_value`, `placeholder`, `additional_info`, `cpn_value_converter_name`, `create_by`, `create_time`, `update_by`, `update_time`, `is_deleted`, `data_source`, `is_disabled`)
VALUES
	(487671506907070464,'name','姓名','TEXT','[{\"required\":true,\"message\":\"必填项需要填写\",\"validatorType\":\"REQUIRED\"},{\"min\":0,\"max\":16,\"message\":\"长度范围 0 - 16 个字符\",\"validatorType\":\"LENGTH\"}]',NULL,'Rick','请输入姓名',NULL,NULL,0,'2021-11-04 15:25:26',0,'2021-11-04 15:25:26',b'0',NULL,NULL),
	(487671506907070465,'age','年龄','NUMBER_TEXT','[{\"min\":18,\"max\":100,\"message\":\"大小范围是18 - 100\",\"validatorType\":\"SIZE\"},{\"required\":true,\"message\":\"必填项需要填写\",\"validatorType\":\"REQUIRED\"}]',NULL,'18','请输入年龄',NULL,NULL,0,'2021-11-04 15:25:26',0,'2021-11-04 15:25:26',b'0',NULL,NULL),
	(487671506907070466,'native_place','籍贯(单选)','SELECT','[{\"required\":true,\"message\":\"必填项\",\"validatorType\":\"REQUIRED\"}]','[{\"name\":\"陕西\",\"label\":\"陕西\"},{\"name\":\"江苏\",\"label\":\"江苏\"},{\"name\":\"四川\",\"label\":\"四川\"},{\"name\":\"上海\",\"label\":\"上海\"}]','四川','请选择籍贯',NULL,NULL,0,'2021-11-04 15:25:26',0,'2021-11-04 15:25:26',b'0',NULL,NULL),
	(487671506907070467,'info','信息收集','TABLE','[]',NULL,'[[\"李四\", \"23\"]]','请选择兴趣爱好','{\"columns\":[{\"name\":\"name\",\"label\":\"姓名\",\"cpnType\":\"TEXT\",\"validators\":[{\"min\":0,\"max\":16,\"message\":\"长度范围 0 - 16 个字符\",\"validator_type\":\"LENGTH\"},{\"required\":true,\"message\":\"必填项需要填写\",\"validator_type\":\"REQUIRED\"}],\"defaultValue\":\"Rick\",\"placeholder\":\"请输入姓名\"},{\"name\":\"age\",\"label\":\"年龄\",\"cpnType\":\"NUMBER_TEXT\",\"validators\":[{\"min\":18,\"max\":100,\"message\":\"大小范围是18 - 100\",\"validator_type\":\"SIZE\"},{\"required\":true,\"message\":\"必填项需要填写\",\"validator_type\":\"REQUIRED\"}],\"defaultValue\":\"18\",\"placeholder\":\"请输入年龄\"}]}',NULL,0,'2021-11-04 15:25:26',0,'2021-11-04 15:25:26',b'0',NULL,NULL),
	(487671506907070468,'hobby','兴趣爱好（多选）','CHECKBOX','[{\"required\":true,\"message\":\"必填项\",\"validatorType\":\"REQUIRED\"}]','[{\"name\":\"足球\",\"label\":\"足球\"},{\"name\":\"篮球\",\"label\":\"篮球\"},{\"name\":\"乒乓球\",\"label\":\"乒乓球\"},{\"name\":\"羽毛球\",\"label\":\"羽毛球\"}]','[\"足球\", \"篮球\"]','请选择兴趣爱好','{\"labels\":[\"姓名\",\"年龄\"]}',NULL,0,'2021-11-04 15:25:26',0,'2021-11-04 15:25:26',b'0',NULL,NULL),
	(487671506907070469,'sex','性别','RADIO','[{\"required\":true,\"message\":\"必填项需要填写\",\"validatorType\":\"REQUIRED\"},{\"min\":0,\"max\":16,\"message\":\"长度范围 0 - 16 个字符\",\"validatorType\":\"LENGTH\"}]','[{\"name\":\"男\",\"label\":\"男\"},{\"name\":\"女\",\"label\":\"女\"},{\"name\":\"保密\",\"label\":\"保密\"}]','保密','请输入性别',NULL,NULL,0,'2023-03-09 16:25:12',0,'2023-03-09 16:25:12',b'0',NULL,NULL),
	(487671506907070470,'agree','是否同意','CHECKBOX','[{\"required\":true,\"message\":\"必填项\",\"validatorType\":\"REQUIRED\"}]','[{\"name\":\"同意\",\"label\":\"同意\"}]','[\"同意\"]',NULL,NULL,NULL,0,'2021-11-04 15:25:26',0,'2021-11-04 15:25:26',b'0',NULL,NULL),
	(487671506907070471,'remark','简介','TEXTAREA','[{\"max\":16,\"message\":\"长度不能超过16个字符\",\"validatorType\":\"LENGTH\"},{\"required\":true,\"message\":\"必填项\",\"validatorType\":\"REQUIRED\"}]',NULL,'挺好...','请输入简介',NULL,NULL,0,'2021-11-04 15:25:26',0,'2021-11-04 15:25:26',b'0',NULL,NULL),
	(487671506907070473,'mobile','手机','MOBILE','[{\"required\":true,\"message\":\"必填项\",\"validatorType\":\"REQUIRED\"}]',NULL,'18896725517',NULL,NULL,NULL,0,'2021-11-04 15:25:26',0,'2021-11-04 15:25:26',b'0',NULL,NULL),
	(487671506907070474,'file','文件','FILE','[{\"required\":true,\"message\":\"必填项\",\"validatorType\":\"REQUIRED\"}]',NULL,NULL,NULL,NULL,NULL,0,'2021-11-04 15:25:26',0,'2021-11-04 15:25:26',b'0',NULL,NULL),
	(487671506907070475,'email','邮箱','EMAIL','[]',NULL,'jkxyx205@163.com',NULL,NULL,NULL,0,'2021-11-04 15:25:26',0,'2021-11-04 15:25:26',b'0',NULL,NULL),
	(487671506907070476,'date','日期','DATE','[]',NULL,'2021-11-11',NULL,NULL,NULL,0,'2021-11-04 15:25:26',0,'2021-11-04 15:25:26',b'0',NULL,NULL),
	(670609451929092096,'name','姓名','TEXT','[{\"min\":0,\"max\":16,\"validatorType\":\"LENGTH\",\"message\":\"长度范围 0 - 16 个字符\"},{\"required\":true,\"validatorType\":\"REQUIRED\",\"message\":\"必填项需要填写\"}]',NULL,'Rick.Xu','请输入姓名',NULL,NULL,0,'2023-03-24 10:55:30',0,'2023-03-24 10:55:30',b'0',NULL,NULL),
	(670609451933286400,'gender','性别','RADIO','[{\"required\":true,\"validatorType\":\"REQUIRED\",\"message\":\"必填项需要填写\"}]','[{\"name\":\"0\",\"label\":\"未知\"},{\"name\":\"1\",\"label\":\"男\"},{\"name\":\"2\",\"label\":\"女\"}]','1',NULL,NULL,NULL,0,'2023-03-24 10:55:30',0,'2023-03-24 10:55:30',b'0',NULL,NULL),
	(670609451933286401,'age','年龄','INTEGER_NUMBER','[{\"min\":18,\"max\":100,\"validatorType\":\"SIZE\",\"message\":\"大小范围是18 - 100\"},{\"required\":true,\"validatorType\":\"REQUIRED\",\"message\":\"必填项需要填写\"}]',NULL,'28','请输入年龄',NULL,NULL,0,'2023-03-24 10:55:30',0,'2023-03-24 10:55:30',b'0',NULL,NULL),
	(670609451933286402,'score','成绩','NUMBER_TEXT','[{\"min\":0,\"max\":100,\"validatorType\":\"TEXT_NUMBER_SIZE\",\"message\":\"大小范围是0 - 100\"}]',NULL,'99.5','请输入成绩',NULL,NULL,0,'2023-03-24 10:55:30',0,'2023-03-24 10:55:30',b'0',NULL,NULL),
	(670609451933286403,'birthday','出生时间','DATE','[]',NULL,'1989-12-11','请输入出生时间',NULL,NULL,0,'2023-03-24 10:55:30',0,'2023-03-24 10:55:30',b'0',NULL,NULL),
	(670609451933286404,'mobile','手机号码','MOBILE','[{\"required\":true,\"validatorType\":\"REQUIRED\",\"message\":\"必填项需要填写\"}]',NULL,'18898765543','请输入手机号码',NULL,NULL,0,'2023-03-24 10:55:30',0,'2023-03-24 10:55:30',b'0',NULL,NULL),
	(670609451933286405,'email','邮箱','EMAIL','[]',NULL,'jkxyx@163.com','请输入邮箱',NULL,NULL,0,'2023-03-24 10:55:30',0,'2023-03-24 10:55:30',b'0',NULL,NULL),
	(670609451933286406,'native_place','籍贯','SELECT','[{\"required\":true,\"validatorType\":\"REQUIRED\",\"message\":\"必填项需要填写\"}]','[{\"name\":\"陕西\",\"label\":\"陕西\"},{\"name\":\"江苏\",\"label\":\"江苏\"},{\"name\":\"四川\",\"label\":\"四川\"},{\"name\":\"上海\",\"label\":\"上海\"}]','江苏',NULL,NULL,NULL,0,'2023-03-24 10:55:30',0,'2023-03-24 10:55:30',b'0',NULL,NULL),
	(670609451933286407,'hobby','兴趣爱好','CHECKBOX','[{\"required\":true,\"validatorType\":\"REQUIRED\",\"message\":\"必填项需要填写\"}]','[{\"name\":\"BASKETBALL\",\"label\":\"篮球\"},{\"name\":\"FOOTBALL\",\"label\":\"足球\"},{\"name\":\"BADMINTON\",\"label\":\"羽毛球\"},{\"name\":\"VOLLEYBALL\",\"label\":\"排球\"}]','[\"BASKETBALL\", \"FOOTBALL\"]',NULL,NULL,NULL,0,'2023-03-24 10:55:30',0,'2023-03-24 10:55:30',b'0',NULL,NULL),
	(670609451933286408,'marriage','婚否','CHECKBOX','[]','[{\"name\":\"1\",\"label\":\"\"}]','true',NULL,NULL,NULL,0,'2023-03-24 10:55:30',0,'2023-03-24 10:55:30',b'0',NULL,NULL),
	(670609451937480704,'introduce','自我介绍','TEXTAREA','[{\"min\":0,\"max\":16,\"validatorType\":\"LENGTH\",\"message\":\"长度范围 0 - 16 个字符\"},{\"required\":true,\"validatorType\":\"REQUIRED\",\"message\":\"必填项需要填写\"}]',NULL,'我叫Rick...','请输入自我介绍',NULL,NULL,0,'2023-03-24 10:55:30',0,'2023-03-24 10:55:30',b'0',NULL,NULL),
	(670609451937480705,'attachment','附件','FILE','[{\"required\":true,\"validatorType\":\"REQUIRED\",\"message\":\"必填项需要填写\"}]',NULL,NULL,NULL,NULL,NULL,0,'2023-03-24 10:55:30',0,'2023-03-24 10:55:30',b'0',NULL,NULL),
	(670609451937480706,'school_experience','学习经历','TABLE','[]',NULL,'[[\"2021-2022\", \"四川大学\"], [\"2012-2015\", \"永安高中\"]]',NULL,'{\"columns\":[{\"name\":\"school_year\",\"label\":\"年份\",\"cpn_type\":\"TEXT\",\"validators\":[{\"min\":0,\"max\":16,\"validator_type\":\"LENGTH\",\"message\":\"长度范围 0 - 16 个字符\"},{\"required\":true,\"validator_type\":\"REQUIRED\",\"message\":\"必填项需要填写\"}],\"default_value\":\"Rick.Xu\",\"validator_properties\":{\"Required.required\":true,\"Length.min\":0,\"Length.max\":16}},{\"name\":\"school_name\",\"label\":\"学校名称\",\"cpn_type\":\"TEXT\",\"validators\":[{\"min\":0,\"max\":16,\"validator_type\":\"LENGTH\",\"message\":\"长度范围 0 - 16 个字符\"},{\"required\":true,\"validator_type\":\"REQUIRED\",\"message\":\"必填项需要填写\"}],\"default_value\":\"Rick.Xu\",\"validator_properties\":{\"Required.required\":true,\"Length.min\":0,\"Length.max\":16}}]}',NULL,0,'2023-03-24 10:55:30',0,'2023-03-24 10:55:30',b'0',NULL,NULL),
	(670609451937480707,'status','用户状态','SELECT','[]','[{\"name\":\"LOCKED\",\"label\":\"锁定\"},{\"name\":\"NORMAL\",\"label\":\"正常\"}]','LOCKED',NULL,NULL,NULL,0,'2023-03-24 10:55:30',0,'2023-03-24 10:55:30',b'0',NULL,NULL);

/*!40000 ALTER TABLE `sys_form_configurer` ENABLE KEYS */;
UNLOCK TABLES;


# Dump of table sys_form_cpn_configurer
# ------------------------------------------------------------

CREATE TABLE `sys_form_cpn_configurer` (
  `id` bigint NOT NULL,
  `form_id` bigint NOT NULL,
  `config_id` bigint NOT NULL,
  `order_num` int DEFAULT NULL,
  `additional_info` varchar(512) CHARACTER SET utf8mb4 COLLATE utf8mb4_0900_ai_ci DEFAULT NULL,
  `create_by` bigint NOT NULL,
  `create_time` datetime DEFAULT NULL,
  `update_by` bigint NOT NULL,
  `update_time` datetime DEFAULT NULL,
  `is_deleted` bit(1) NOT NULL,
  PRIMARY KEY (`id`)
) ENGINE=InnoDB DEFAULT CHARSET=utf8mb4 COLLATE=utf8mb4_0900_ai_ci;

LOCK TABLES `sys_form_cpn_configurer` WRITE;
/*!40000 ALTER TABLE `sys_form_cpn_configurer` DISABLE KEYS */;

INSERT INTO `sys_form_cpn_configurer` (`id`, `form_id`, `config_id`, `order_num`, `additional_info`, `create_by`, `create_time`, `update_by`, `update_time`, `is_deleted`)
VALUES
	(48768180410374540,487677232379494400,487671506907070468,3,NULL,0,'2023-09-22 01:18:05',0,'2023-09-22 01:18:05',b'0'),
	(487681804103745536,487677232379494400,487671506907070464,0,NULL,0,'2023-09-22 01:18:05',0,'2023-09-22 01:18:05',b'0'),
	(487681804103745537,487677232379494400,487671506907070465,1,NULL,0,'2023-09-22 01:18:05',0,'2023-09-22 01:18:05',b'0'),
	(487681804103745538,487677232379494400,487671506907070466,2,NULL,0,'2023-09-22 01:18:05',0,'2023-09-22 01:18:05',b'0'),
	(487681804103745539,487677232379494400,487671506907070467,11,NULL,0,'2023-09-22 01:18:05',0,'2023-09-22 01:18:05',b'0'),
	(487681804103745540,487677232379494400,487671506907070469,5,NULL,0,'2023-09-22 01:18:05',0,'2023-09-22 01:18:05',b'0'),
	(487681804103745541,487677232379494400,487671506907070470,4,NULL,0,'2023-09-22 01:18:05',0,'2023-09-22 01:18:05',b'0'),
	(487681804103745542,487677232379494400,487671506907070471,6,NULL,0,'2023-09-22 01:18:05',0,'2023-09-22 01:18:05',b'0'),
	(487681804103745544,487677232379494400,487671506907070473,7,NULL,0,'2023-09-22 01:18:05',0,'2023-09-22 01:18:05',b'0'),
	(487681804103745545,487677232379494400,487671506907070474,8,NULL,0,'2023-09-22 01:18:05',0,'2023-09-22 01:18:05',b'0'),
	(487681804103745546,487677232379494400,487671506907070475,9,NULL,0,'2023-09-22 01:18:05',0,'2023-09-22 01:18:05',b'0'),
	(487681804103745547,487677232379494400,487671506907070476,10,NULL,0,'2023-09-22 01:18:05',0,'2023-09-22 01:18:05',b'0'),
	(671739606374334464,670604125091708928,670609451929092096,0,NULL,0,'2023-03-27 13:46:20',0,'2023-03-27 13:46:20',b'0'),
	(671739606374334465,670604125091708928,670609451933286400,1,NULL,0,'2023-03-27 13:46:20',0,'2023-03-27 13:46:20',b'0'),
	(671739606374334466,670604125091708928,670609451933286401,2,NULL,0,'2023-03-27 13:46:20',0,'2023-03-27 13:46:20',b'0'),
	(671739606374334467,670604125091708928,670609451933286402,3,NULL,0,'2023-03-27 13:46:20',0,'2023-03-27 13:46:20',b'0'),
	(671739606374334468,670604125091708928,670609451933286403,4,NULL,0,'2023-03-27 13:46:20',0,'2023-03-27 13:46:20',b'0'),
	(671739606374334469,670604125091708928,670609451933286404,5,NULL,0,'2023-03-27 13:46:20',0,'2023-03-27 13:46:20',b'0'),
	(671739606374334470,670604125091708928,670609451933286405,6,NULL,0,'2023-03-27 13:46:20',0,'2023-03-27 13:46:20',b'0'),
	(671739606374334471,670604125091708928,670609451933286406,7,NULL,0,'2023-03-27 13:46:20',0,'2023-03-27 13:46:20',b'0'),
	(671739606378528768,670604125091708928,670609451933286407,8,NULL,0,'2023-03-27 13:46:20',0,'2023-03-27 13:46:20',b'0'),
	(671739606378528769,670604125091708928,670609451933286408,9,NULL,0,'2023-03-27 13:46:20',0,'2023-03-27 13:46:20',b'0'),
	(671739606378528770,670604125091708928,670609451937480704,10,NULL,0,'2023-03-27 13:46:20',0,'2023-03-27 13:46:20',b'0'),
	(671739606378528771,670604125091708928,670609451937480705,11,NULL,0,'2023-03-27 13:46:20',0,'2023-03-27 13:46:20',b'0'),
	(671739606378528772,670604125091708928,670609451937480706,12,NULL,0,'2023-03-27 13:46:20',0,'2023-03-27 13:46:20',b'0'),
	(671739606378528773,670604125091708928,670609451937480707,13,NULL,0,'2023-03-27 13:46:20',0,'2023-03-27 13:46:20',b'0');

/*!40000 ALTER TABLE `sys_form_cpn_configurer` ENABLE KEYS */;
UNLOCK TABLES;


# Dump of table sys_form_cpn_value
# ------------------------------------------------------------

CREATE TABLE `sys_form_cpn_value` (
  `id` bigint NOT NULL,
  `value` text,
  `form_cpn_id` bigint NOT NULL,
  `form_id` bigint NOT NULL,
  `config_id` bigint NOT NULL,
  `instance_id` bigint NOT NULL,
  `create_by` bigint NOT NULL,
  `create_time` datetime DEFAULT NULL,
  `update_by` bigint NOT NULL,
  `update_time` datetime DEFAULT NULL,
  `is_deleted` bit(1) NOT NULL,
  PRIMARY KEY (`id`)
) ENGINE=InnoDB DEFAULT CHARSET=utf8mb4 COLLATE=utf8mb4_0900_ai_ci;



# Dump of table sys_form_instance_first
# ------------------------------------------------------------

CREATE TABLE `sys_form_instance_first` (
  `id` bigint NOT NULL,
  `name` varchar(32) DEFAULT NULL,
  `age` int DEFAULT NULL,
  `hobby` varchar(32) DEFAULT NULL,
  `hobby2` varchar(32) DEFAULT NULL,
  `agree` varchar(32) DEFAULT NULL,
  `remark` varchar(32) DEFAULT NULL,
  `sex` varchar(32) DEFAULT NULL,
  `mobile` varchar(32) DEFAULT NULL,
  `file` varchar(4369) DEFAULT NULL,
  `email` varchar(32) DEFAULT NULL,
  `date` date DEFAULT NULL,
  `info` json DEFAULT NULL,
  `create_by` bigint DEFAULT NULL,
  `create_time` datetime DEFAULT NULL,
  `update_by` bigint DEFAULT NULL,
  `update_time` datetime DEFAULT NULL,
  `is_deleted` bit(1) DEFAULT NULL,
  PRIMARY KEY (`id`)
) ENGINE=InnoDB DEFAULT CHARSET=utf8mb4 COLLATE=utf8mb4_0900_ai_ci COMMENT='用户信息';

LOCK TABLES `sys_form_instance_first` WRITE;
/*!40000 ALTER TABLE `sys_form_instance_first` DISABLE KEYS */;

INSERT INTO `sys_form_instance_first` (`id`, `name`, `age`, `hobby`, `hobby2`, `agree`, `remark`, `sex`, `mobile`, `file`, `email`, `date`, `info`, `create_by`, `create_time`, `update_by`, `update_time`, `is_deleted`)
VALUES
	(666728985765384192,'Rick789',18,'足球','[\"足球\",\"篮球\",\"乒乓球\",\"羽毛球\"]','[\"同意\"]','挺好...222','女','18896725517','[{\"name\":\"logo 2\",\"extension\":\"png\",\"contentType\":\"image/png\",\"size\":4442,\"groupName\":\"upload\",\"path\":\"666728978790256640.png\",\"url\":\"http://localhost:7892/upload/666728978790256640.png\",\"id\":\"666728978819616768\",\"createdAt\":\"2023-03-13T09:55:53.585Z\",\"fullName\":\"logo 2.png\",\"fullPath\":\"upload/666728978790256640.png\"}]','jkxyx205@163.com','2021-11-11','[[\"足球\", \"篮球\"], [\"789\", \"789\"]]',NULL,NULL,0,'2023-03-13 18:17:06',b'0'),
	(666734460133216256,'abc',19,'乒乓球','[\"足球\",\"篮球\",\"乒乓球\",\"羽毛球\"]','[\"同意\"]','挺好...','女','18896725517','[{\"name\":\"logo 2\",\"extension\":\"png\",\"contentType\":\"image/png\",\"size\":4442,\"groupName\":\"upload\",\"path\":\"666734427887407104.png\",\"url\":\"http://localhost:7892/upload/666734427887407104.png\",\"id\":\"666734427929350144\",\"createdAt\":\"2023-03-13T10:17:32.754Z\",\"fullName\":\"logo 2.png\",\"fullPath\":\"upload/666734427887407104.png\"}]','jkxyx205@163.com','2021-11-11','[[\"足球\", \"篮球\"], [\"abc\", \"abc\"]]',0,'2023-03-13 18:17:40',0,'2023-03-13 18:17:40',b'0'),
	(666735843670528000,'QBS2222',18,'足球','[\"足球\",\"篮球\",\"乒乓球\",\"羽毛球\"]','[\"同意\"]','挺好...','女','18896725517','[{\"name\":\"logo 2\",\"extension\":\"png\",\"contentType\":\"image/png\",\"size\":4442,\"groupName\":\"upload\",\"path\":\"666735827488903168.png\",\"url\":\"http://localhost:7892/upload/666735827488903168.png\",\"id\":\"666735827493097472\",\"createdAt\":\"2023-03-13T10:23:06.436Z\",\"fullName\":\"logo 2.png\",\"fullPath\":\"upload/666735827488903168.png\"}]','jkxyx205@163.com','2021-11-11','[[\"足球\", \"篮球\"], [\"QBS\", \"QBS\"]]',NULL,NULL,0,'2023-03-13 18:41:06',b'0'),
	(666741996802576384,'CREATE_TABLE',18,'足球','[\"足球\",\"篮球\"]','[\"同意\"]','挺好...CREATE_TABL','保密','18896725517','[{\"name\":\"logo 2\",\"extension\":\"png\",\"contentType\":\"image/png\",\"size\":4442,\"groupName\":\"upload\",\"path\":\"666741961918550016.png\",\"url\":\"http://localhost:7892/upload/666741961918550016.png\",\"id\":\"666741961918550017\",\"createdAt\":\"2023-03-13T10:47:28.997Z\",\"fullName\":\"logo 2.png\",\"fullPath\":\"upload/666741961918550016.png\"}]','jkxyx205@163.com','2021-11-11','[[\"足球\", \"篮球\"], [\"CREATE_TABLE\", \"CREATE_TABLE\"]]',0,'2023-03-13 18:47:37',0,'2023-03-13 18:47:37',b'0'),
	(666742021284728832,'CREATE_TABLE',18,'足球','[\"足球\",\"篮球\"]','[\"同意\"]','挺好...CREATE_TABL','保密','18896725517','[{\"name\":\"logo 2\",\"extension\":\"png\",\"contentType\":\"image/png\",\"size\":4442,\"groupName\":\"upload\",\"path\":\"666741961918550016.png\",\"url\":\"http://localhost:7892/upload/666741961918550016.png\",\"id\":\"666741961918550017\",\"createdAt\":\"2023-03-13T10:47:28.997Z\",\"fullName\":\"logo 2.png\",\"fullPath\":\"upload/666741961918550016.png\"}]','jkxyx205@163.com','2021-11-11','[[\"足球\", \"篮球\"], [\"CREATE_TABLE\", \"CREATE_TABLE\"]]',0,'2023-03-13 18:47:43',0,'2023-03-13 18:47:43',b'0'),
	(666742091291856896,'CREATE_TABLE',18,'足球','[\"足球\",\"篮球\"]','[\"同意\"]','挺好...CREATE_TABL','保密','18896725517','[{\"name\":\"logo 2\",\"extension\":\"png\",\"contentType\":\"image/png\",\"size\":4442,\"groupName\":\"upload\",\"path\":\"666741961918550016.png\",\"url\":\"http://localhost:7892/upload/666741961918550016.png\",\"id\":\"666741961918550017\",\"createdAt\":\"2023-03-13T10:47:28.997Z\",\"fullName\":\"logo 2.png\",\"fullPath\":\"upload/666741961918550016.png\"}]','jkxyx205@163.com','2021-11-11','[[\"足球\", \"篮球\"], [\"CREATE_TABLE\", \"CREATE_TABLE\"]]',0,'2023-03-13 18:48:00',0,'2023-03-13 18:48:00',b'0'),
	(666742400101683200,'CREATE_TABLE',18,'足球','[\"足球\",\"篮球\"]','[\"同意\"]','挺好...CREATE_TABL','保密','18896725517','[{\"name\":\"logo 2\",\"extension\":\"png\",\"contentType\":\"image/png\",\"size\":4442,\"groupName\":\"upload\",\"path\":\"666741961918550016.png\",\"url\":\"http://localhost:7892/upload/666741961918550016.png\",\"id\":\"666741961918550017\",\"createdAt\":\"2023-03-13T10:47:28.997Z\",\"fullName\":\"logo 2.png\",\"fullPath\":\"upload/666741961918550016.png\"}]','jkxyx205@163.com','2021-11-11','[[\"足球\", \"篮球\"], [\"CREATE_TABLE\", \"CREATE_TABLE\"]]',0,'2023-03-13 18:49:13',0,'2023-03-13 18:49:13',b'0'),
	(666742629257482240,'CREATE_TABLE',18,'足球','[\"足球\",\"篮球\"]','[\"同意\"]','挺好...CREATE_TABL','保密','18896725517','[{\"name\":\"logo 2\",\"extension\":\"png\",\"contentType\":\"image/png\",\"size\":4442,\"groupName\":\"upload\",\"path\":\"666741961918550016.png\",\"url\":\"http://localhost:7892/upload/666741961918550016.png\",\"id\":\"666741961918550017\",\"createdAt\":\"2023-03-13T10:47:28.997Z\",\"fullName\":\"logo 2.png\",\"fullPath\":\"upload/666741961918550016.png\"}]','jkxyx205@163.com','2021-11-11','[[\"足球\", \"篮球\"], [\"CREATE_TABLE\", \"CREATE_TABLE\"]]',0,'2023-03-13 18:50:08',0,'2023-03-13 18:50:08',b'0');

/*!40000 ALTER TABLE `sys_form_instance_first` ENABLE KEYS */;
UNLOCK TABLES;


# Dump of table sys_property
# ------------------------------------------------------------

CREATE TABLE `sys_property` (
  `name` varchar(32) NOT NULL,
  `value` varchar(255) NOT NULL,
  PRIMARY KEY (`name`)
) ENGINE=InnoDB DEFAULT CHARSET=utf8mb4 COLLATE=utf8mb4_0900_ai_ci;

LOCK TABLES `sys_property` WRITE;
/*!40000 ALTER TABLE `sys_property` DISABLE KEYS */;

INSERT INTO `sys_property` (`name`, `value`)
VALUES
	('hello','world'),
	('name','Ashley');

/*!40000 ALTER TABLE `sys_property` ENABLE KEYS */;
UNLOCK TABLES;


# Dump of table sys_report
# ------------------------------------------------------------

CREATE TABLE `sys_report` (
  `id` bigint NOT NULL COMMENT '主键',
  `pageable` bit(1) DEFAULT NULL,
  `sidx` varchar(32) DEFAULT NULL,
  `sord` varchar(16) DEFAULT NULL,
  `name` varchar(32) DEFAULT NULL,
  `query_sql` text NOT NULL,
  `summary_column_names` varchar(128) DEFAULT NULL,
  `report_column_list` text,
  `query_field_list` text,
  `create_by` bigint DEFAULT NULL,
  `create_time` datetime DEFAULT NULL,
  `update_by` bigint DEFAULT NULL,
  `update_time` datetime DEFAULT NULL,
  `is_deleted` bit(1) DEFAULT NULL,
  `tpl_name` varchar(32) DEFAULT NULL,
  `additional_info` varchar(512) DEFAULT NULL,
  `code` varchar(64) CHARACTER SET utf8mb4 COLLATE utf8mb4_0900_ai_ci DEFAULT NULL,
  `report_advice_name` varchar(64) DEFAULT NULL,
  PRIMARY KEY (`id`)
) ENGINE=InnoDB DEFAULT CHARSET=utf8mb4 COLLATE=utf8mb4_0900_ai_ci COMMENT='报表';

LOCK TABLES `sys_report` WRITE;
/*!40000 ALTER TABLE `sys_report` DISABLE KEYS */;

INSERT INTO `sys_report` (`id`, `pageable`, `sidx`, `sord`, `name`, `query_sql`, `summary_column_names`, `report_column_list`, `query_field_list`, `create_by`, `create_time`, `update_by`, `update_time`, `is_deleted`, `tpl_name`, `additional_info`, `code`, `report_advice_name`)
VALUES
	(619541501440958464,b'1','title','ASC','图书报表','SELECT t_book.id, t_book.title, t_person.name, sys_dict.label \"sexLabel\"\nFROM t_book,\n     t_person LEFT JOIN sys_dict on t_person.sex = sys_dict.name AND type = \'sex\'\nWHERE t_book.person_id = t_person.id\n  AND t_book.title LIKE :title\n  AND t_person.name = :name\n  AND t_person.sex = :sex',NULL,'[{\"name\":\"title\",\"label\":\"书名\",\"sortable\":true,\"hidden\":false,\"align\":\"left\",\"tooltip\":false,\"type\":\"text\"},{\"name\":\"name\",\"label\":\"作者\",\"sortable\":true,\"hidden\":false,\"align\":\"left\",\"tooltip\":false,\"type\":\"text\"},{\"name\":\"sexLabel\",\"label\":\"性别\",\"sortable\":false,\"hidden\":false,\"align\":\"left\",\"tooltip\":false,\"type\":\"text\"}]','[{\"name\":\"title\",\"label\":\"书名\",\"type\":\"TEXT\"},{\"name\":\"name\",\"label\":\"作者\",\"type\":\"TEXT\"},{\"name\":\"sex\",\"label\":\"性别\",\"type\":\"SELECT\",\"extraData\":\"sex\"}]',0,'2022-11-03 12:49:42',0,'2023-09-22 01:18:06',b'0',NULL,NULL,'0001',NULL),
	(668074769748373504,b'1','name','ASC','人员信息表','SELECT t_user.name              AS \"name\",\n#        t_user.gender            AS \"gender\",\n       sd.label AS \"gender\",\n       t_user.age               AS \"age\",\n       t_user.birthday          AS \"birthday\",\n       t_user.mobile            AS \"mobile\",\n       t_user.score            AS \"score\",\n       t_user.email             AS \"email\",\n       t_user.native_place      AS \"nativePlace\",\n       t_user.hobby             AS \"hobbyList\",\n       IF(t_user.marriage, \'是\', \'否\')         AS \"marriage\",\n       t_user.introduce         AS \"introduce\",\n       t_user.attachment        AS \"attachmentList\",\n       t_user.school_experience AS \"schoolExperienceList\",\n       t_user.status            AS \"status\",\n       t_user.create_by        AS \"createdBy\",\n       t_user.create_time        AS \"createdAt\",\n       t_user.update_by        AS \"updatedBy\",\n       t_user.update_time        AS \"updatedAt\",\n       t_user.is_deleted        AS \"deleted\",\n       t_user.id                AS \"id\"\nFROM t_user left JOIN sys_dict sd ON t_user.gender = sd.name WHERE is_deleted = 0 AND t_user.name like :name AND t_user.gender = :gender AND t_user.mobile = :mobile AND t_user.native_place IN (:nativePlace) AND t_user.status = :status AND t_user.hobby like :hobbyList AND t_user.birthday >= :birthday0 AND t_user.birthday <= :birthday1 AND marriage = :marriage','age, score','[{\"name\":\"name\",\"label\":\"姓名\",\"sortable\":true,\"hidden\":false,\"align\":\"left\",\"tooltip\":false,\"type\":\"text\"},{\"name\":\"gender\",\"label\":\"性别\",\"sortable\":false,\"hidden\":false,\"align\":\"left\",\"tooltip\":false,\"type\":\"text\"},{\"name\":\"age\",\"label\":\"年龄\",\"sortable\":false,\"hidden\":false,\"align\":\"left\",\"tooltip\":false,\"type\":\"text\"},{\"name\":\"birthday\",\"label\":\"出生日期\",\"valueConverterNameList\":[\"localDateConverter\"],\"sortable\":true,\"hidden\":false,\"align\":\"left\",\"tooltip\":false,\"type\":\"text\"},{\"name\":\"mobile\",\"label\":\"手机号码\",\"sortable\":false,\"hidden\":false,\"align\":\"left\",\"tooltip\":false,\"type\":\"text\"},{\"name\":\"score\",\"label\":\"得分\",\"sortable\":false,\"hidden\":false,\"align\":\"left\",\"tooltip\":false,\"type\":\"text\"},{\"name\":\"email\",\"label\":\"邮箱\",\"sortable\":false,\"hidden\":false,\"align\":\"left\",\"tooltip\":false,\"type\":\"text\"},{\"name\":\"nativePlace\",\"label\":\"籍贯\",\"sortable\":false,\"hidden\":false,\"align\":\"left\",\"tooltip\":false,\"type\":\"text\"},{\"name\":\"hobbyList\",\"label\":\"兴趣爱好\",\"valueConverterNameList\":[\"arrayDictConverter\"],\"context\":\"hobbyList\",\"sortable\":false,\"hidden\":false,\"align\":\"left\",\"tooltip\":false,\"type\":\"text\"},{\"name\":\"marriage\",\"label\":\"婚否\",\"sortable\":false,\"hidden\":false,\"align\":\"left\",\"tooltip\":false,\"type\":\"text\"},{\"name\":\"introduce\",\"label\":\"自我介绍\",\"sortable\":false,\"hidden\":false,\"align\":\"left\",\"tooltip\":false,\"type\":\"text\"},{\"name\":\"status\",\"label\":\"状态\",\"valueConverterNameList\":[\"dictConverter\"],\"context\":\"status\",\"sortable\":false,\"hidden\":false,\"align\":\"left\",\"tooltip\":false,\"type\":\"text\"}]','[{\"name\":\"name\",\"label\":\"姓名\",\"type\":\"TEXT\"},{\"name\":\"mobile\",\"label\":\"手机号码\",\"type\":\"TEXT\"},{\"name\":\"gender\",\"label\":\"性别\",\"type\":\"SELECT\",\"extraData\":\"gender\"},{\"name\":\"birthday\",\"label\":\"出生日期\",\"type\":\"DATE_RANGE\"},{\"name\":\"nativePlace\",\"label\":\"籍贯\",\"type\":\"MULTIPLE_SELECT\",\"extraData\":\"nativePlace\"},{\"name\":\"hobbyList\",\"label\":\"兴趣爱好\",\"type\":\"SELECT\",\"extraData\":\"hobbyList\"},{\"name\":\"status\",\"label\":\"状态\",\"type\":\"SELECT\",\"extraData\":\"status\"},{\"name\":\"marriage\",\"label\":\"婚否\",\"type\":\"SELECT\",\"extraData\":\"bol\"}]',0,'2023-03-17 11:03:35',0,'2023-09-22 01:17:56',b'0',NULL,NULL,'t_user',NULL);

/*!40000 ALTER TABLE `sys_report` ENABLE KEYS */;
UNLOCK TABLES;


# Dump of table sys_user
# ------------------------------------------------------------

CREATE TABLE `sys_user` (
  `username` varchar(255) DEFAULT NULL,
  `name` varchar(255) DEFAULT NULL,
  `id` int NOT NULL,
  PRIMARY KEY (`id`)
) ENGINE=InnoDB DEFAULT CHARSET=utf8mb4 COLLATE=utf8mb4_0900_ai_ci;

LOCK TABLES `sys_user` WRITE;
/*!40000 ALTER TABLE `sys_user` DISABLE KEYS */;

INSERT INTO `sys_user` (`username`, `name`, `id`)
VALUES
	('jkxyx205','Rick',1);

/*!40000 ALTER TABLE `sys_user` ENABLE KEYS */;
UNLOCK TABLES;


# Dump of table t_book
# ------------------------------------------------------------

CREATE TABLE `t_book` (
  `id` bigint NOT NULL COMMENT '主键',
  `title` varchar(32) NOT NULL,
  `person_id` bigint DEFAULT NULL,
  `create_by` bigint DEFAULT NULL,
  `create_time` datetime DEFAULT NULL,
  `update_by` bigint DEFAULT NULL,
  `update_time` datetime DEFAULT NULL,
  `is_deleted` bit(1) DEFAULT NULL,
  PRIMARY KEY (`id`),
  UNIQUE KEY `t_book_title_uindex` (`title`)
) ENGINE=InnoDB DEFAULT CHARSET=utf8mb4 COLLATE=utf8mb4_0900_ai_ci COMMENT='书';

LOCK TABLES `t_book` WRITE;
/*!40000 ALTER TABLE `t_book` DISABLE KEYS */;

INSERT INTO `t_book` (`id`, `title`, `person_id`, `create_by`, `create_time`, `update_by`, `update_time`, `is_deleted`)
VALUES
	(1678682617744205,'Test2',666643811488796672,NULL,NULL,NULL,NULL,NULL),
	(1678692844044605,'Test1',617327246029365249,NULL,NULL,NULL,NULL,NULL),
	(1678715593020556,'Test11678715593020',617327246029365249,NULL,NULL,NULL,NULL,NULL),
	(1678718481865966,'Test11678718481865',617327246029365249,NULL,NULL,NULL,NULL,NULL),
	(1678718760677185,'Test11678718760677',617327246029365249,NULL,NULL,NULL,NULL,NULL),
	(1678720856830145,'Test11678720856830',617327246029365249,NULL,NULL,NULL,NULL,NULL),
	(1678722218565857,'Test11678722218565',617327246029365249,NULL,NULL,NULL,NULL,NULL),
	(1678722366687810,'Test11678722366687',617327246029365249,NULL,NULL,NULL,NULL,NULL),
	(1678775552149426,'Test11678775552149',617327246029365249,NULL,NULL,NULL,NULL,NULL),
	(1678776076253159,'Test11678776076254',617327246029365249,NULL,NULL,NULL,NULL,NULL),
	(1678776272840111,'Test11678776272840',617327246029365249,NULL,NULL,NULL,NULL,NULL),
	(1678776339341141,'Test11678776339341',617327246029365249,NULL,NULL,NULL,NULL,NULL),
	(1678776368312587,'Test11678776368312',617327246029365249,NULL,NULL,NULL,NULL,NULL),
	(1678776855935852,'Test11678776855936',617327246029365249,NULL,NULL,NULL,NULL,NULL),
	(1678776957406462,'Test11678776957407',617327246029365249,NULL,NULL,NULL,NULL,NULL),
	(1678777012888845,'Test11678777012889',617327246029365249,NULL,NULL,NULL,NULL,NULL),
	(1678779621329375,'Test11678779621329',617327246029365249,NULL,NULL,NULL,NULL,NULL),
	(1678785261300876,'Test11678785261300',617327246029365249,NULL,NULL,NULL,NULL,NULL),
	(1678785385856875,'Test11678785385856',617327246029365249,NULL,NULL,NULL,NULL,NULL),
	(1678792693841868,'Test11678792693841',617327246029365249,NULL,NULL,NULL,NULL,NULL),
	(1678792815955772,'Test11678792815956',617327246029365249,NULL,NULL,NULL,NULL,NULL),
	(1678792965052143,'Test11678792965053',617327246029365249,NULL,NULL,NULL,NULL,NULL),
	(1678792993889174,'Test11678792993889',617327246029365249,NULL,NULL,NULL,NULL,NULL),
	(1678793027460725,'Test11678793027460',617327246029365249,NULL,NULL,NULL,NULL,NULL),
	(1678812550073781,'Test11678812550073',617327246029365249,NULL,NULL,NULL,NULL,NULL),
	(1678820358908741,'Test11678820358909',617327246029365249,NULL,NULL,NULL,NULL,NULL),
	(1678871031340387,'Test11678871031341',617327246029365249,NULL,NULL,NULL,NULL,NULL),
	(1678878771372747,'Test11678878771373',617327246029365249,NULL,NULL,NULL,NULL,NULL),
	(1678879762028954,'Test11678879762029',617327246029365249,NULL,NULL,NULL,NULL,NULL),
	(1678929079366363,'Test11678929079366',617327246029365249,NULL,NULL,NULL,NULL,NULL),
	(1678933081482554,'Test11678933081482',617327246029365249,NULL,NULL,NULL,NULL,NULL),
	(1678937347058577,'Test11678937347058',617327246029365249,NULL,NULL,NULL,NULL,NULL),
	(1678943329464363,'Test11678943329464',617327246029365249,NULL,NULL,NULL,NULL,NULL),
	(1678943504541578,'Test11678943504541',617327246029365249,NULL,NULL,NULL,NULL,NULL),
	(1678943586417836,'Test11678943586417',617327246029365249,NULL,NULL,NULL,NULL,NULL),
	(1678945243333680,'Test11678945243333',617327246029365249,NULL,NULL,NULL,NULL,NULL),
	(1678948667318186,'Test11678948667318',617327246029365249,NULL,NULL,NULL,NULL,NULL),
	(1679597789728192,'Test11679597789728',617327246029365249,NULL,NULL,NULL,NULL,NULL),
	(1679597910822125,'Test11679597910822',617327246029365249,NULL,NULL,NULL,NULL,NULL),
	(1679623402299826,'Test11679623402300',617327246029365249,NULL,NULL,NULL,NULL,NULL),
	(1679623419847515,'Test11679623419847',617327246029365249,NULL,NULL,NULL,NULL,NULL),
	(1679624248964484,'Test11679624248964',617327246029365249,NULL,NULL,NULL,NULL,NULL),
	(1679624330118529,'Test11679624330118',617327246029365249,NULL,NULL,NULL,NULL,NULL),
	(1679624361454505,'Test11679624361454',617327246029365249,NULL,NULL,NULL,NULL,NULL),
	(1679624441464165,'Test11679624441464',617327246029365249,NULL,NULL,NULL,NULL,NULL),
	(1679624667883365,'Test11679624667883',617327246029365249,NULL,NULL,NULL,NULL,NULL),
	(1679626686117830,'Test11679626686117',617327246029365249,NULL,NULL,NULL,NULL,NULL),
	(1679627434542751,'Test11679627434542',617327246029365249,NULL,NULL,NULL,NULL,NULL),
	(1679627523924635,'Test11679627523924',617327246029365249,NULL,NULL,NULL,NULL,NULL),
	(1679629167461659,'Test11679629167461',617327246029365249,NULL,NULL,NULL,NULL,NULL),
	(1679756396793373,'Test11679756396793',617327246029365249,NULL,NULL,NULL,NULL,NULL),
	(1679846104307370,'Test11679846104307',617327246029365249,NULL,NULL,NULL,NULL,NULL),
	(1679849797389943,'Test11679849797390',617327246029365249,NULL,NULL,NULL,NULL,NULL),
	(1679896325963432,'Test11679896325964',617327246029365249,NULL,NULL,NULL,NULL,NULL),
	(1679996938124695,'Test11679996938124',617327246029365249,NULL,NULL,NULL,NULL,NULL),
	(1680008851394843,'Test11680008851394',617327246029365249,NULL,NULL,NULL,NULL,NULL),
	(1682321186612189,'Test11682321186612',617327246029365249,NULL,NULL,NULL,NULL,NULL),
	(1682322398061948,'Test11682322398061',617327246029365249,NULL,NULL,NULL,NULL,NULL),
	(1682322574658273,'Test11682322574658',617327246029365249,NULL,NULL,NULL,NULL,NULL),
	(1682334317088580,'Test11682334317088',617327246029365249,NULL,NULL,NULL,NULL,NULL),
	(1682430760524876,'Test11682430760524',617327246029365249,NULL,NULL,NULL,NULL,NULL),
	(1683879557911190,'Test11683879557911',617327246029365249,NULL,NULL,NULL,NULL,NULL),
	(1683879738774715,'Test11683879738774',617327246029365249,NULL,NULL,NULL,NULL,NULL),
	(1683880272201414,'Test11683880272202',617327246029365249,NULL,NULL,NULL,NULL,NULL),
	(1683882435423741,'Test11683882435423',617327246029365249,NULL,NULL,NULL,NULL,NULL),
	(1684001054338434,'Test11684001054338',617327246029365249,NULL,NULL,NULL,NULL,NULL),
	(1684001752599112,'Test11684001752600',617327246029365249,NULL,NULL,NULL,NULL,NULL),
	(1684003653940661,'Test11684003653941',617327246029365249,NULL,NULL,NULL,NULL,NULL),
	(1684003742943100,'Test11684003742943',617327246029365249,NULL,NULL,NULL,NULL,NULL),
	(1684003929259811,'Test11684003929259',617327246029365249,NULL,NULL,NULL,NULL,NULL),
	(1684005405925709,'Test11684005405926',617327246029365249,NULL,NULL,NULL,NULL,NULL),
	(1684141835684333,'Test11684141835685',617327246029365249,NULL,NULL,NULL,NULL,NULL),
	(1684144520379691,'Test11684144520379',617327246029365249,NULL,NULL,NULL,NULL,NULL),
	(1684149938567178,'Test11684149938567',617327246029365249,NULL,NULL,NULL,NULL,NULL),
	(1684151001902185,'Test11684151001903',617327246029365249,NULL,NULL,NULL,NULL,NULL),
	(1684163557830485,'Test11684163557830',617327246029365249,NULL,NULL,NULL,NULL,NULL),
	(1685529173235941,'Test11685529173235',617327246029365249,NULL,NULL,NULL,NULL,NULL),
	(1685546388298305,'Test11685546388299',617327246029365249,NULL,NULL,NULL,NULL,NULL),
	(1685546621492958,'Test11685546621492',617327246029365249,NULL,NULL,NULL,NULL,NULL),
	(1685546662123802,'Test11685546662123',617327246029365249,NULL,NULL,NULL,NULL,NULL),
	(1685546790684870,'Test11685546790684',617327246029365249,NULL,NULL,NULL,NULL,NULL),
	(1685546867278804,'Test11685546867278',617327246029365249,NULL,NULL,NULL,NULL,NULL),
	(1685546924218660,'Test11685546924219',617327246029365249,NULL,NULL,NULL,NULL,NULL),
	(1685547049310933,'Test11685547049310',617327246029365249,NULL,NULL,NULL,NULL,NULL),
	(1685630077224475,'Test11685630077225',617327246029365249,NULL,NULL,NULL,NULL,NULL),
	(1685698617054953,'Test11685698617054',617327246029365249,NULL,NULL,NULL,NULL,NULL),
	(1686418596315175,'Test11686418596315',617327246029365249,NULL,NULL,NULL,NULL,NULL),
	(1686418790117856,'Test11686418790117',617327246029365249,NULL,NULL,NULL,NULL,NULL),
	(1686418844210619,'Test11686418844210',617327246029365249,NULL,NULL,NULL,NULL,NULL),
	(1686418932628960,'Test11686418932628',617327246029365249,NULL,NULL,NULL,NULL,NULL),
	(1686624036180825,'Test11686624036180',617327246029365249,NULL,NULL,NULL,NULL,NULL),
	(1687942316487485,'Test11687942316487',617327246029365249,NULL,NULL,NULL,NULL,NULL),
	(1688106540527805,'Test11688106540527',617327246029365249,NULL,NULL,NULL,NULL,NULL),
	(1688106794395506,'Test11688106794395',617327246029365249,NULL,NULL,NULL,NULL,NULL),
	(1688110517172991,'Test11688110517172',617327246029365249,NULL,NULL,NULL,NULL,NULL),
	(1688117756146135,'Test11688117756147',617327246029365249,NULL,NULL,NULL,NULL,NULL),
	(1688159601113814,'Test11688159601113',617327246029365249,NULL,NULL,NULL,NULL,NULL),
	(1688196138817926,'Test11688196138817',617327246029365249,NULL,NULL,NULL,NULL,NULL),
	(1688196586861421,'Test11688196586861',617327246029365249,NULL,NULL,NULL,NULL,NULL),
	(1688373444923900,'Test11688373444923',617327246029365249,NULL,NULL,NULL,NULL,NULL),
	(1688373639297882,'Test11688373639298',617327246029365249,NULL,NULL,NULL,NULL,NULL),
	(1688373725519464,'Test11688373725519',617327246029365249,NULL,NULL,NULL,NULL,NULL),
	(1688393023499879,'Test11688393023499',617327246029365249,NULL,NULL,NULL,NULL,NULL),
	(1688393075054925,'Test11688393075054',617327246029365249,NULL,NULL,NULL,NULL,NULL),
	(1688393108327360,'Test11688393108328',617327246029365249,NULL,NULL,NULL,NULL,NULL),
	(1688442480812714,'Test11688442480812',617327246029365249,NULL,NULL,NULL,NULL,NULL),
	(1688544118688305,'Test11688544118688',617327246029365249,NULL,NULL,NULL,NULL,NULL),
	(1688544161020241,'Test11688544161020',617327246029365249,NULL,NULL,NULL,NULL,NULL),
	(1688544216245840,'Test1xxxxxxxx1688544216246',617327246029365249,NULL,NULL,NULL,NULL,NULL),
	(1688544911741171,'Test11688544911741',617327246029365249,NULL,NULL,NULL,NULL,NULL),
	(1688545132906954,'Test11688545132906',617327246029365249,NULL,NULL,NULL,NULL,NULL),
	(1688561482829880,'Test11688561482829',617327246029365249,NULL,NULL,NULL,NULL,NULL),
	(1688738571109917,'Test11688738571110',617327246029365249,NULL,NULL,NULL,NULL,NULL),
	(1688738845898950,'Test11688738845898',617327246029365249,NULL,NULL,NULL,NULL,NULL),
	(1688751459369175,'Test11688751459369',617327246029365249,NULL,NULL,NULL,NULL,NULL),
	(1688751798554352,'Test11688751798554',617327246029365249,NULL,NULL,NULL,NULL,NULL),
	(1688751871887160,'Test11688751871887',617327246029365249,NULL,NULL,NULL,NULL,NULL),
	(1689154046951185,'Test11689154046951',617327246029365249,NULL,NULL,NULL,NULL,NULL),
	(1689326377210964,'Test11689326377210',617327246029365249,NULL,NULL,NULL,NULL,NULL),
	(1689327186066158,'Test11689327186066',617327246029365249,NULL,NULL,NULL,NULL,NULL),
	(1689615923235345,'Test11689615923235',617327246029365249,NULL,NULL,NULL,NULL,NULL),
	(1690305068598179,'Test11690305068598',617327246029365249,NULL,NULL,NULL,NULL,NULL),
	(1690466824249104,'Test11690466824249',617327246029365249,NULL,NULL,NULL,NULL,NULL),
	(1690473905772878,'Test11690473905772',617327246029365249,NULL,NULL,NULL,NULL,NULL),
	(1690477001378445,'Test11690477001378',617327246029365249,NULL,NULL,NULL,NULL,NULL),
	(1690477911767948,'Test11690477911767',617327246029365249,NULL,NULL,NULL,NULL,NULL),
	(1690478844607978,'Test11690478844607',617327246029365249,NULL,NULL,NULL,NULL,NULL),
	(1690480341005253,'Test11690480341005',617327246029365249,NULL,NULL,NULL,NULL,NULL),
	(1690483297372273,'Test11690483297372',617327246029365249,NULL,NULL,NULL,NULL,NULL),
	(1690636538409365,'Test11690636538409',617327246029365249,NULL,NULL,NULL,NULL,NULL),
	(1690867444226360,'Test11690867444227',617327246029365249,NULL,NULL,NULL,NULL,NULL),
	(1690867874089144,'Test11690867874089',617327246029365249,NULL,NULL,NULL,NULL,NULL),
	(1691081004673785,'Test11691081004673',617327246029365249,NULL,NULL,NULL,NULL,NULL),
	(1691081129776466,'Test11691081129776',617327246029365249,NULL,NULL,NULL,NULL,NULL),
	(1691734782869749,'Test11691734782869',617327246029365249,NULL,NULL,NULL,NULL,NULL),
	(1692184585399277,'Test11692184585399',617327246029365249,NULL,NULL,NULL,NULL,NULL),
	(1693579642043545,'Test11693579642043',617327246029365249,NULL,NULL,NULL,NULL,NULL),
	(1693681294152985,'Test11693681294152',617327246029365249,NULL,NULL,NULL,NULL,NULL),
	(1695315535301287,'Test11695315535301',617327246029365249,NULL,NULL,NULL,NULL,NULL),
	(1695315856420571,'Test11695315856420',617327246029365249,NULL,NULL,NULL,NULL,NULL),
	(1695316051918934,'Test11695316051918',617327246029365249,NULL,NULL,NULL,NULL,NULL),
	(1695316600658641,'Test11695316600658',617327246029365249,NULL,NULL,NULL,NULL,NULL),
	(1695316680831846,'Test11695316680831',617327246029365249,NULL,NULL,NULL,NULL,NULL),
	(1706816467923155,'Test11706816467923',617327246029365249,NULL,NULL,NULL,NULL,NULL),
	(1706816823009272,'Test11706816823010',617327246029365249,NULL,NULL,NULL,NULL,NULL),
	(617321100761636264,'demo05',552098712424472576,0,'2022-10-28 09:46:38',0,'2022-11-02 21:50:23',b'0'),
	(617321100761636861,'demo01',552100575806939136,0,'2022-10-28 09:46:38',0,'2022-11-02 21:50:23',b'0'),
	(617321100761636864,'威尼斯人',617327246029365249,0,'2022-10-28 09:46:38',0,'2024-02-02 03:47:03',b'0'),
	(617339338685947902,'demo02',619315189338267648,0,'2022-10-28 10:59:06',0,'2022-10-28 10:59:06',b'0'),
	(617339338685947904,'李尔王',619315189485068288,0,'2022-10-28 10:59:06',0,'2022-10-28 10:59:06',b'0'),
	(617341071192741056,'demo03',619315190571393024,0,'2022-10-28 11:05:59',0,'2022-10-28 11:05:59',b'0'),
	(617341071197741023,'demo07',617327246029365249,0,'2022-10-28 11:05:59',0,'2022-10-28 11:05:59',b'0'),
	(617341071197741056,'罗密欧与朱丽叶',617327246029365249,0,'2022-10-28 11:05:59',0,'2022-10-28 11:05:59',b'0'),
	(617342584087311160,'demo08',552098712424472576,0,'2022-10-28 11:12:00',0,'2022-10-28 11:12:00',b'0'),
	(617342584087388160,'哈姆雷特',552100575806939136,0,'2022-10-28 11:12:00',0,'2022-10-28 11:12:00',b'0'),
	(617347699162750954,'demo09',617327246029365249,0,'2022-10-28 11:32:19',0,'2022-10-28 11:32:19',b'0'),
	(617347699162750976,'仲夏夜之梦',619315189338267648,0,'2022-10-28 11:32:19',0,'2022-10-28 11:32:19',b'0'),
	(627342584087388160,'demo04',619315189485068288,0,'2022-10-28 11:12:00',0,'2022-10-28 11:12:00',b'0'),
	(650339338685947904,'demo22',619315190571393024,0,'2022-10-28 10:59:06',0,'2022-10-28 10:59:06',b'0'),
	(667181047905021952,'威尼斯商人',617123167957344257,0,'2023-03-14 23:52:15',0,'2023-03-14 23:52:15',b'0'),
	(667181800220553216,'威尼斯商人2',617327246029365249,0,'2023-03-14 23:55:15',0,'2023-03-14 23:55:15',b'0'),
	(667220355420549120,'威尼斯商人x',617327246029365249,0,'2023-03-15 02:28:27',0,'2023-03-15 02:28:27',b'0'),
	(667222149689274368,'威尼斯商人44',617327246029365249,0,'2023-03-15 02:35:35',0,'2023-03-15 02:35:35',b'0'),
	(667344393933451264,'威尼斯商人11',NULL,0,'2023-03-15 10:41:20',0,'2023-03-15 10:41:20',b'0'),
	(667374391813763072,'威尼斯商人TT',617327246029365249,0,'2023-03-15 12:40:32',0,'2023-03-15 12:40:32',b'0'),
	(667375925838508032,'威尼斯商人haha',617327246029365249,0,'2023-03-15 12:46:38',0,'2023-03-15 12:46:38',b'0');

/*!40000 ALTER TABLE `t_book` ENABLE KEYS */;
UNLOCK TABLES;


# Dump of table t_book_tag
# ------------------------------------------------------------

CREATE TABLE `t_book_tag` (
  `book_id` bigint NOT NULL,
  `tag_id` bigint NOT NULL,
  `is_deleted` bit(1) NOT NULL DEFAULT b'0',
  UNIQUE KEY `t_book_tag_pk` (`book_id`,`tag_id`)
) ENGINE=InnoDB DEFAULT CHARSET=utf8mb4 COLLATE=utf8mb4_0900_ai_ci;

LOCK TABLES `t_book_tag` WRITE;
/*!40000 ALTER TABLE `t_book_tag` DISABLE KEYS */;

INSERT INTO `t_book_tag` (`book_id`, `tag_id`, `is_deleted`)
VALUES
	(617084709792391168,617083724571353088,b'0'),
	(617084709792391168,617083724571353089,b'0'),
	(617321100761636864,617320872469864448,b'0'),
	(617321100761636864,617320872469864450,b'0'),
	(617339338685947904,617320872469864448,b'0'),
	(617339338685947904,617320872469864449,b'0'),
	(617341071197741056,617320872469864448,b'0'),
	(617341071197741056,617320872469864449,b'0'),
	(617342584087388160,617320872469864448,b'0'),
	(617342584087388160,617320872469864449,b'0'),
	(617347699162750976,617320872469864448,b'0'),
	(617347699162750976,617320872469864449,b'0'),
	(667181047905021952,617083724562964480,b'0'),
	(667181047905021952,617083724571353088,b'0'),
	(667181800220553216,617320872469864448,b'0'),
	(667181800220553216,617320872469864449,b'0'),
	(667220355420549120,617320872469864448,b'0'),
	(667220355420549120,617320872469864449,b'0'),
	(667222149689274368,617320872469864448,b'0'),
	(667222149689274368,617320872469864449,b'0'),
	(667374391813763072,617320872469864448,b'0'),
	(667374391813763072,617320872469864449,b'0'),
	(667375925838508032,617320872469864448,b'0'),
	(667375925838508032,617320872469864449,b'0');

/*!40000 ALTER TABLE `t_book_tag` ENABLE KEYS */;
UNLOCK TABLES;


# Dump of table t_company
# ------------------------------------------------------------

CREATE TABLE `t_company` (
  `id` bigint NOT NULL COMMENT '主键',
  `name` varchar(32) DEFAULT NULL,
  `address` varchar(32) DEFAULT NULL,
  `phone` varchar(32) DEFAULT NULL,
  `first_name` varchar(32) DEFAULT NULL,
  `last_name` varchar(32) DEFAULT NULL,
  `contact_phone` varchar(32) DEFAULT NULL,
  `role_id` bigint DEFAULT NULL,
  PRIMARY KEY (`id`)
) ENGINE=InnoDB DEFAULT CHARSET=utf8mb4 COLLATE=utf8mb4_0900_ai_ci COMMENT='公司';

LOCK TABLES `t_company` WRITE;
/*!40000 ALTER TABLE `t_company` DISABLE KEYS */;

INSERT INTO `t_company` (`id`, `name`, `address`, `phone`, `first_name`, `last_name`, `contact_phone`, `role_id`)
VALUES
	(664272777510924288,'云','Nanjing','110','Rick','Xu','120',NULL),
	(664988601615974400,'云','Nanjing','110','Rick','Xu','120',NULL),
	(664989107511951360,'点','Nanjing','110','Jim','Xu','119',NULL),
	(665284797907628032,'云','Nanjing','110','Rick','Xu','120',NULL),
	(665291327260356608,'云','Nanjing','110','Rick','Xu','120',NULL),
	(665298000695816192,'云','Nanjing','110','Rick','Xu','120',NULL),
	(665307262566297600,'云','Nanjing','110','Rick','Xu','120',NULL),
	(665308632480509952,'云','Nanjing','110','Rick','Xu','120',NULL),
	(665341520445992960,'云','Nanjing','110','Rick','Xu','120',NULL),
	(665343860855042048,'云','Nanjing','110','Rick','Xu','120',NULL),
	(665344242087915520,'云','Nanjing','110','Rick','Xu','120',NULL),
	(665357286910226432,'云','Nanjing','110','Rick','Xu','120',NULL),
	(665359698123321344,'云','Nanjing','110','Rick','Xu','120',NULL),
	(665360706551443456,'云','Nanjing','110','Rick','Xu','120',NULL),
	(665362149362659328,'云','Nanjing','110','Rick','Xu','120',NULL),
	(665363106330865664,'云','Nanjing','110','Rick','Xu','120',NULL),
	(665364344908836864,'云','Nanjing','110','Rick','Xu','120',NULL),
	(665368041151819776,'云','Nanjing','110','Rick','Xu','120',NULL),
	(665369425901285376,'云','Nanjing','110','Rick','Xu','120',NULL),
	(665370856947478528,'云','Nanjing','110','Rick','Xu','120',NULL),
	(665373343704182784,'云','Nanjing','110','Rick','Xu','120',NULL),
	(665384554894225408,'云','Nanjing','110','Rick','Xu','120',NULL),
	(665385282010378240,'云','Nanjing','110','Rick','Xu','120',NULL),
	(665390305524084736,'云','Nanjing','110','Rick','Xu','120',NULL),
	(665507878605451264,'云','Nanjing','110','Rick','Xu','120',NULL),
	(665531050700599296,'云','Nanjing','110','Rick','Xu','120',NULL),
	(665532559840538624,'云','Nanjing','110','Rick','Xu','120',NULL),
	(665533082702475264,'云','Nanjing','110','Rick','Xu','120',NULL),
	(665533239493947392,'云','Nanjing','110','Rick','Xu','120',NULL),
	(665533401582825472,'云','Nanjing','110','Rick','Xu','120',NULL),
	(665533585465307136,'云','Nanjing','110','Rick','Xu','120',NULL),
	(665534689641000960,'云','Nanjing','110','Rick','Xu','120',NULL),
	(665535030113628160,'云','Nanjing','110','Rick','Xu','120',NULL),
	(665535377708183552,'云','Nanjing','110','Rick','Xu','120',NULL),
	(665536435117387776,'云','Nanjing','110','Rick','Xu','120',NULL),
	(665538835895054336,'云','Nanjing','110','Rick','Xu','120',NULL),
	(665551762043727872,'云','Nanjing','110','Rick','Xu','120',NULL),
	(665552259358158848,'云','Nanjing','110','Rick','Xu','120',NULL),
	(665555148151484416,'云','Nanjing','110','Rick','Xu','120',NULL),
	(665558252808859648,'云','Nanjing','110','Rick','Xu','120',NULL),
	(665561533434064896,'云','Nanjing','110','Rick','Xu','120',NULL),
	(665561839270129664,'云','Nanjing','110','Rick','Xu','120',NULL),
	(665562730542952448,'云','Nanjing','110','Rick','Xu','120',NULL),
	(665578055732850688,'云','Nanjing','110','Rick','Xu','120',NULL),
	(665578250734432256,'云','Nanjing','110','Rick','Xu','120',NULL),
	(665579134885326848,'云','Nanjing','110','Rick','Xu','120',NULL),
	(665582033455575040,'云','Nanjing','110','Rick','Xu','120',NULL),
	(665591388510908416,'云','Nanjing','110','Rick','Xu','120',NULL),
	(665664303004676096,'云','Nanjing','110','Rick','Xu','120',NULL),
	(665668608562589696,'云','Nanjing','110','Rick','Xu','120',NULL),
	(665670103190237184,'云','Nanjing','110','Rick','Xu','120',NULL),
	(665671471779049472,'云','Nanjing','110','Rick','Xu','120',NULL),
	(665675993482031104,'云','Nanjing','110','Rick','Xu','120',NULL),
	(665677989496778752,'云','Nanjing','110','Rick','Xu','120',NULL),
	(665689646524559360,'云','Nanjing','110','Rick','Xu','120',NULL),
	(665726177494724608,'云','Nanjing','110','Rick','Xu','120',NULL),
	(665731935976321024,'云','Nanjing','110','Rick','Xu','120',NULL),
	(665733065456250880,'云','Nanjing','110','Rick','Xu','120',NULL),
	(666031596670840832,'云','Nanjing','110','Rick','Xu','120',NULL),
	(666036504149127168,'云','Nanjing','110','Rick','Xu','120',NULL),
	(666637259939811328,'云','Nanjing','110','Rick','Xu','120',NULL),
	(666643827854970880,'云','Nanjing','110','Rick','Xu','120',NULL),
	(666693309942501376,'云','Nanjing','110','Rick','Xu','120',NULL),
	(666788422341398528,'云','Nanjing','110','Rick','Xu','120',NULL),
	(666800842375991296,'云','Nanjing','110','Rick','Xu','120',NULL),
	(666802011047497728,'云','Nanjing','110','Rick','Xu','120',NULL),
	(666810803122376704,'云','Nanjing','110','Rick','Xu','120',NULL),
	(666816513734381568,'云','Nanjing','110','Rick','Xu','120',NULL),
	(666817135602864128,'云','Nanjing','110','Rick','Xu','120',NULL),
	(667040213989617664,'云','Nanjing','110','Rick','Xu','120',NULL),
	(667042411192545280,'云','Nanjing','110','Rick','Xu','120',NULL),
	(667043203987304448,'云','Nanjing','110','Rick','Xu','120',NULL),
	(667043481218215936,'云','Nanjing','110','Rick','Xu','120',NULL),
	(667043603880636416,'云','Nanjing','110','Rick','Xu','120',NULL),
	(667045649304285184,'云','Nanjing','110','Rick','Xu','120',NULL),
	(667046075051307008,'云','Nanjing','110','Rick','Xu','120',NULL),
	(667046307432525824,'云','Nanjing','110','Rick','Xu','120',NULL),
	(667057279572406272,'云','Nanjing','110','Rick','Xu','120',NULL),
	(667080903192768512,'云','Nanjing','110','Rick','Xu','120',NULL),
	(667081426205700096,'云','Nanjing','110','Rick','Xu','120',NULL),
	(667112110693576704,'云','Nanjing','110','Rick','Xu','120',NULL),
	(667112620498644992,'云','Nanjing','110','Rick','Xu','120',NULL),
	(667113216295333888,'云','Nanjing','110','Rick','Xu','120',NULL),
	(667113368456294400,'云','Nanjing','110','Rick','Xu','120',NULL),
	(667113507627495424,'云','Nanjing','110','Rick','Xu','120',NULL),
	(667195393552969728,'云','Nanjing','110','Rick','Xu','120',NULL),
	(667228147338473472,'云','Nanjing','110','Rick','Xu','120',NULL),
	(667440680712302592,'云','Nanjing','110','Rick','Xu','120',NULL),
	(667473146135212032,'云','Nanjing','110','Rick','Xu','120',NULL),
	(667477302682087424,'云','Nanjing','110','Rick','Xu','120',NULL),
	(667684155668103168,'云','Nanjing','110','Rick','Xu','120',NULL),
	(667700940828114944,'云','Nanjing','110','Rick','Xu','120',NULL),
	(667718835725467648,'云','Nanjing','110','Rick','Xu','120',NULL),
	(667743928899928064,'云','Nanjing','110','Rick','Xu','120',NULL),
	(667744664274665472,'云','Nanjing','110','Rick','Xu','120',NULL),
	(667744967501873152,'云','Nanjing','110','Rick','Xu','120',NULL),
	(667751949503889408,'云','Nanjing','110','Rick','Xu','120',NULL),
	(667766310951780352,'云','Nanjing','110','Rick','Xu','120',NULL),
	(670488920030494720,'云','Nanjing','110','Rick','Xu','120',NULL),
	(670596400014213120,'云','Nanjing','110','Rick','Xu','120',NULL),
	(670599901733765120,'云','Nanjing','110','Rick','Xu','120',NULL),
	(670600239874359296,'云','Nanjing','110','Rick','Xu','120',NULL),
	(670600362859741184,'云','Nanjing','110','Rick','Xu','120',NULL),
	(670600706482290688,'云','Nanjing','110','Rick','Xu','120',NULL),
	(670601656013996032,'云','Nanjing','110','Rick','Xu','120',NULL),
	(670610123856592896,'云','Nanjing','110','Rick','Xu','120',NULL),
	(670613259581177856,'云','Nanjing','110','Rick','Xu','120',NULL),
	(670613635000745984,'云','Nanjing','110','Rick','Xu','120',NULL),
	(670620528918183936,'云','Nanjing','110','Rick','Xu','120',NULL),
	(671154169758924800,'云','Nanjing','110','Rick','Xu','120',NULL),
	(671530431350358016,'云','Nanjing','110','Rick','Xu','120',NULL),
	(671545918817878016,'云','Nanjing','110','Rick','Xu','120',NULL),
	(671741073915166720,'云','Nanjing','110','Rick','Xu','120',NULL),
	(672163071107579904,'云','Nanjing','110','Rick','Xu','120',NULL),
	(672213040262856704,'云','Nanjing','110','Rick','Xu','120',NULL),
	(681916761825636352,'云','Nanjing','110','Rick','Xu','120',NULL),
	(681917499159113728,'云','Nanjing','110','Rick','Xu','120',NULL),
	(681966749565874176,'云','Nanjing','110','Rick','Xu','120',NULL),
	(682371263762558976,'云','Nanjing','110','Rick','Xu','120',NULL),
	(688447961708916736,'云','Nanjing','110','Rick','Xu','120',NULL),
	(688448716935294976,'云','Nanjing','110','Rick','Xu','120',NULL),
	(688450956576190464,'云','Nanjing','110','Rick','Xu','120',NULL),
	(688460028998348800,'云','Nanjing','110','Rick','Xu','120',NULL),
	(688957552540520448,'云','Nanjing','110','Rick','Xu','120',NULL),
	(688960482001817600,'云','Nanjing','110','Rick','Xu','120',NULL),
	(688968457747697664,'云','Nanjing','110','Rick','Xu','120',NULL),
	(688968830730375168,'云','Nanjing','110','Rick','Xu','120',NULL),
	(688969610078195712,'云','Nanjing','110','Rick','Xu','120',NULL),
	(688975805765652480,'云','Nanjing','110','Rick','Xu','120',NULL),
	(689548035142717440,'云','Nanjing','110','Rick','Xu','120',NULL),
	(689559294617587712,'云','Nanjing','110','Rick','Xu','120',NULL),
	(689582022154260480,'云','Nanjing','110','Rick','Xu','120',NULL),
	(689582383808122880,'云','Nanjing','110','Rick','Xu','120',NULL),
	(689582619326681088,'云','Nanjing','110','Rick','Xu','120',NULL),
	(689583242021441536,'云','Nanjing','110','Rick','Xu','120',NULL),
	(689583336741408768,'云','Nanjing','110','Rick','Xu','120',NULL),
	(689583958408564736,'云','Nanjing','110','Rick','Xu','120',NULL),
	(689584790910799872,'云','Nanjing','110','Rick','Xu','120',NULL),
	(689585117047296000,'点','Nanjing','119','Rick','Xu','120',689585117265399808),
	(689585543587041280,'点','Nanjing','119','Rick','Xu','120',689585543838699520),
	(689585673291698176,'云','Nanjing','110','Rick','Xu','120',NULL),
	(689586478983942144,'点','Nanjing','119','Rick','Xu','120',689586479046856704),
	(689586479088799744,'云','Nanjing','110','Rick','Xu','120',NULL),
	(689639144049111040,'点','Nanjing','119','Rick','Xu','120',689639144091054080),
	(689639144128802816,'云','Nanjing','110','Rick','Xu','120',NULL),
	(695366925034766336,'点','Nanjing','119','Rick','Xu','120',695366925097680896),
	(695366925143818240,'云','Nanjing','110','Rick','Xu','120',NULL),
	(695439131454521344,'点','Nanjing','119','Rick','Xu','120',695439131509047296),
	(695439131546796032,'云','Nanjing','110','Rick','Xu','120',NULL),
	(695440109096452096,'点','Nanjing','119','Rick','Xu','120',695440109180338176),
	(695440109218086912,'云','Nanjing','110','Rick','Xu','120',NULL),
	(695440302349008896,'点','Nanjing','119','Rick','Xu','120',695440302386757632),
	(695440302466449408,'云','Nanjing','110','Rick','Xu','120',NULL),
	(695440839605796864,'点','Nanjing','119','Rick','Xu','120',695440839660322816),
	(695440839689682944,'云','Nanjing','110','Rick','Xu','120',NULL),
	(695441160658796544,'点','Nanjing','119','Rick','Xu','120',695441160734294016),
	(695441160767848448,'云','Nanjing','110','Rick','Xu','120',NULL),
	(695441400795283456,'点','Nanjing','119','Rick','Xu','120',695441400874975232),
	(695441400916918272,'云','Nanjing','110','Rick','Xu','120',NULL),
	(695441926190579712,'点','Nanjing','119','Rick','Xu','120',695441926219939840),
	(695441926253494272,'云','Nanjing','110','Rick','Xu','120',NULL),
	(695790159920136192,'点','Nanjing','119','Rick','Xu','120',695790159949496320),
	(695790159978856448,'云','Nanjing','110','Rick','Xu','120',NULL),
	(696077647544848384,'点','Nanjing','119','Rick','Xu','120',696077647574208512),
	(696077647603568640,'云','Nanjing','110','Rick','Xu','120',NULL),
	(699097459762167808,'点','Nanjing','119','Rick','Xu','120',699097459858636800),
	(699097459896385536,'云','Nanjing','110','Rick','Xu','120',NULL),
	(699098269137010688,'点','Nanjing','119','Rick','Xu','120',699098269174759424),
	(699098269199925248,'云','Nanjing','110','Rick','Xu','120',NULL),
	(699098498221506560,'点','Nanjing','119','Rick','Xu','120',699098498297004032),
	(699098498385084416,'云','Nanjing','110','Rick','Xu','120',NULL),
	(699098868398194688,'点','Nanjing','119','Rick','Xu','120',699098868431749120),
	(699098868456914944,'云','Nanjing','110','Rick','Xu','120',NULL),
	(699959135717851136,'点','Nanjing','119','Rick','Xu','120',699959135755599872),
	(699959135784960000,'云','Nanjing','110','Rick','Xu','120',NULL),
	(705488404233609216,'点','Nanjing','119','Rick','Xu','120',705488404262969344),
	(705488404292329472,'云','Nanjing','110','Rick','Xu','120',NULL),
	(706177209697603584,'点','Nanjing','119','Rick','Xu','120',706177209731158016),
	(706177209773101056,'云','Nanjing','110','Rick','Xu','120',NULL),
	(706178275348615168,'点','Nanjing','119','Rick','Xu','120',706178275390558208),
	(706178275432501248,'云','Nanjing','110','Rick','Xu','120',NULL),
	(706193889123405824,'点','Nanjing','119','Rick','Xu','120',706193889152765952),
	(706193889186320384,'云','Nanjing','110','Rick','Xu','120',NULL),
	(706224251677478912,'点','Nanjing','119','Rick','Xu','120',706224251706839040),
	(706224251740393472,'云','Nanjing','110','Rick','Xu','120',NULL),
	(706399766719795200,'点','Nanjing','119','Rick','Xu','120',706399766744961024),
	(706399766778515456,'云','Nanjing','110','Rick','Xu','120',NULL),
	(706553016337076224,'点','Nanjing','119','Rick','Xu','120',706553016362242048),
	(706553016408379392,'云','Nanjing','110','Rick','Xu','120',NULL),
	(706554894705790976,'点','Nanjing','119','Rick','Xu','120',706554894793871360),
	(706554894898728960,'云','Nanjing','110','Rick','Xu','120',NULL),
	(707296692390629376,'云','Nanjing','110','Rick','Xu','120',NULL),
	(707297507843018752,'点','Nanjing','119','Rick','Xu','120',707297507868184576),
	(707297507897544704,'云','Nanjing','110','Rick','Xu','120',NULL),
	(707297869001953280,'点','Nanjing','119','Rick','Xu','120',707297869052284928),
	(707297869094227968,'云','Nanjing','110','Rick','Xu','120',NULL),
	(707378809875238912,'点','Nanjing','119','Rick','Xu','120',707378809896210432),
	(707378809942347776,'云','Nanjing','110','Rick','Xu','120',NULL),
	(707379026133553152,'点','Nanjing','119','Rick','Xu','120',707379026158718976),
	(707379026183884800,'云','Nanjing','110','Rick','Xu','120',NULL),
	(707379156119228416,'点','Nanjing','119','Rick','Xu','120',707379156161171456),
	(707379156190531584,'云','Nanjing','110','Rick','Xu','120',NULL),
	(707586249724039168,'点','Nanjing','119','Rick','Xu','120',707586249745010688),
	(707586249774370816,'云','Nanjing','110','Rick','Xu','120',NULL),
	(708015877055877120,'点','Nanjing','119','Rick','Xu','120',708015877093625856),
	(708015877118791680,'云','Nanjing','110','Rick','Xu','120',NULL),
	(708016803154006016,'点','Nanjing','119','Rick','Xu','120',708016803183366144),
	(708016803216920576,'云','Nanjing','110','Rick','Xu','120',NULL),
	(708085378908721152,'点','Nanjing','119','Rick','Xu','120',708085378933886976),
	(708085378959052800,'云','Nanjing','110','Rick','Xu','120',NULL),
	(708828143074414592,'点','Nanjing','119','Rick','Xu','120',708828143128940544),
	(708828143154106368,'云','Nanjing','110','Rick','Xu','120',NULL),
	(708829292888330240,'点','Nanjing','119','Rick','Xu','120',708829292913496064),
	(708829292938661888,'云','Nanjing','110','Rick','Xu','120',NULL),
	(708882199016927232,'点','Nanjing','119','Rick','Xu','120',708882199058870272),
	(708882199092424704,'云','Nanjing','110','Rick','Xu','120',NULL),
	(708883620038733824,'点','Nanjing','119','Rick','Xu','120',708883620059705344),
	(708883620084871168,'云','Nanjing','110','Rick','Xu','120',NULL),
	(708883927636406272,'点','Nanjing','119','Rick','Xu','120',708883927661572096),
	(708883927686737920,'云','Nanjing','110','Rick','Xu','120',NULL),
	(710570772652888064,'点','Nanjing','119','Rick','Xu','120',710570772678053888),
	(710570772715802624,'云','Nanjing','110','Rick','Xu','120',NULL),
	(711293579296772096,'点','Nanjing','119','Rick','Xu','120',711293579330326528),
	(711293579359686656,'云','Nanjing','110','Rick','Xu','120',NULL),
	(711296970672574464,'点','Nanjing','119','Rick','Xu','120',711296970710323200),
	(711296970735489024,'云','Nanjing','110','Rick','Xu','120',NULL),
	(712508022798159872,'点','Nanjing','119','Rick','Xu','120',712508022835908608),
	(712508022869463040,'云','Nanjing','110','Rick','Xu','120',NULL),
	(715398508894511104,'点','Nanjing','119','Rick','Xu','120',715398508915482624),
	(715398508953231360,'云','Nanjing','110','Rick','Xu','120',NULL),
	(716076960731652096,'点','Nanjing','119','Rick','Xu','120',716076960756817920),
	(716076960777789440,'云','Nanjing','110','Rick','Xu','120',NULL),
	(716106664301846528,'点','Nanjing','119','Rick','Xu','120',716106664335400960),
	(716106664364761088,'云','Nanjing','110','Rick','Xu','120',NULL),
	(716119646599667712,'点','Nanjing','119','Rick','Xu','120',716119646620639232),
	(716119646649999360,'云','Nanjing','110','Rick','Xu','120',NULL),
	(716123464204836864,'点','Nanjing','119','Rick','Xu','120',716123464234196992),
	(716123464271945728,'云','Nanjing','110','Rick','Xu','120',NULL),
	(716127379235299328,'点','Nanjing','119','Rick','Xu','120',716127379260465152),
	(716127379285630976,'云','Nanjing','110','Rick','Xu','120',NULL),
	(716133654354485248,'点','Nanjing','119','Rick','Xu','120',716133654379651072),
	(716133654413205504,'云','Nanjing','110','Rick','Xu','120',NULL),
	(716146053644050432,'点','Nanjing','119','Rick','Xu','120',716146053673410560),
	(716146053694382080,'云','Nanjing','110','Rick','Xu','120',NULL),
	(716788793281110016,'点','Nanjing','119','Rick','Xu','120',716788793310470144),
	(716788793339830272,'云','Nanjing','110','Rick','Xu','120',NULL),
	(717757282443595776,'点','Nanjing','119','Rick','Xu','120',717757282489733120),
	(717757282519093248,'云','Nanjing','110','Rick','Xu','120',NULL),
	(717759085256118272,'点','Nanjing','119','Rick','Xu','120',717759085285478400),
	(717759085314838528,'云','Nanjing','110','Rick','Xu','120',NULL),
	(718653019696156672,'点','Nanjing','119','Rick','Xu','120',718653019725516800),
	(718653019754876928,'云','Nanjing','110','Rick','Xu','120',NULL),
	(718653546060337152,'点','Nanjing','119','Rick','Xu','120',718653546102280192),
	(718653546127446016,'云','Nanjing','110','Rick','Xu','120',NULL),
	(721395165121482752,'点','Nanjing','119','Rick','Xu','120',721395165171814400),
	(721395165209563136,'云','Nanjing','110','Rick','Xu','120',NULL),
	(723281774200766464,'点','Nanjing','119','Rick','Xu','120',723281774238515200),
	(723281774272069632,'云','Nanjing','110','Rick','Xu','120',NULL),
	(729133064759812096,'点','Nanjing','119','Rick','Xu','120',729133064793366528),
	(729133064822726656,'云','Nanjing','110','Rick','Xu','120',NULL),
	(729559424842076160,'点','Nanjing','119','Rick','Xu','120',729559424879824896),
	(729559424909185024,'云','Nanjing','110','Rick','Xu','120',NULL),
	(736413930796105728,'点','Nanjing','119','Rick','Xu','120',736413930838048768),
	(736413930867408896,'云','Nanjing','110','Rick','Xu','120',NULL),
	(736415274391060480,'点','Nanjing','119','Rick','Xu','120',736415274433003520),
	(736415274462363648,'云','Nanjing','110','Rick','Xu','120',NULL),
	(736416093823844352,'点','Nanjing','119','Rick','Xu','120',736416093853204480),
	(736416093886758912,'云','Nanjing','110','Rick','Xu','120',NULL),
	(736418395573993472,'点','Nanjing','119','Rick','Xu','120',736418395603353600),
	(736418395632713728,'云','Nanjing','110','Rick','Xu','120',NULL),
	(736418731869093888,'点','Nanjing','119','Rick','Xu','120',736418731898454016),
	(736418731927814144,'云','Nanjing','110','Rick','Xu','120',NULL),
	(784652322868301824,'点','Nanjing','119','Rick','Xu','120',784652322901856256),
	(784652322935410688,'云','Nanjing','110','Rick','Xu','120',NULL),
	(784653813364559872,'点','Nanjing','119','Rick','Xu','120',784653813410697216),
	(784653813452640256,'云','Nanjing','110','Rick','Xu','120',NULL);

/*!40000 ALTER TABLE `t_company` ENABLE KEYS */;
UNLOCK TABLES;


# Dump of table t_company_vendor
# ------------------------------------------------------------

CREATE TABLE `t_company_vendor` (
  `id` bigint NOT NULL COMMENT '主键',
  `name` varchar(32) DEFAULT NULL,
  `company_id` bigint DEFAULT NULL,
  PRIMARY KEY (`id`)
) ENGINE=InnoDB DEFAULT CHARSET=utf8mb4 COLLATE=utf8mb4_0900_ai_ci COMMENT='供应商';

LOCK TABLES `t_company_vendor` WRITE;
/*!40000 ALTER TABLE `t_company_vendor` DISABLE KEYS */;

INSERT INTO `t_company_vendor` (`id`, `name`, `company_id`)
VALUES
	(665341521150636032,'BUILD',NULL),
	(665341521150636033,'DREAM',NULL),
	(667766311476068352,'BUILD',664271916529364992),
	(667766311476068353,'DREAM',664271916529364992),
	(670613635118186496,'BUILD',670484273421139968),
	(670613635118186497,'DREAM',670484273421139968),
	(689585117181513728,'VE_CO',689585117047296000),
	(689585117181513729,'BUILD',689585117047296000),
	(689585543742230528,'VE_CO',689585543587041280),
	(689585543742230529,'BUILD',689585543587041280),
	(689586479025885184,'VE_CO',689586478983942144),
	(689586479025885185,'BUILD',689586478983942144),
	(689639144074276864,'VE_CO',689639144049111040),
	(689639144074276865,'BUILD',689639144049111040),
	(695366925076709376,'VE_CO',695366925034766336),
	(695366925076709377,'BUILD',695366925034766336),
	(695439131479687168,'VE_CO',695439131454521344),
	(695439131479687169,'BUILD',695439131454521344),
	(695440109150978048,'VE_CO',695440109096452096),
	(695440109150978049,'BUILD',695440109096452096),
	(695440302369980416,'VE_CO',695440302349008896),
	(695440302369980417,'BUILD',695440302349008896),
	(695440839630962688,'VE_CO',695440839605796864),
	(695440839630962689,'BUILD',695440839605796864),
	(695441160709128192,'VE_CO',695441160658796544),
	(695441160713322496,'BUILD',695441160658796544),
	(695441400849809408,'VE_CO',695441400795283456),
	(695441400849809409,'BUILD',695441400795283456),
	(695441926203162624,'VE_CO',695441926190579712),
	(695441926203162625,'BUILD',695441926190579712),
	(695790159932719104,'VE_CO',695790159920136192),
	(695790159932719105,'BUILD',695790159920136192),
	(696077647561625600,'VE_CO',696077647544848384),
	(696077647561625601,'BUILD',696077647544848384),
	(699097459833470976,'VE_CO',699097459762167808),
	(699097459833470977,'BUILD',699097459762167808),
	(699098269162176512,'VE_CO',699098269137010688),
	(699098269162176513,'BUILD',699098269137010688),
	(699098498255060992,'VE_CO',699098498221506560),
	(699098498255060993,'BUILD',699098498221506560),
	(699098868414971904,'VE_CO',699098868398194688),
	(699098868414971905,'BUILD',699098868398194688),
	(699959135734628352,'VE_CO',699959135717851136),
	(699959135734628353,'BUILD',699959135717851136),
	(705488404246192128,'VE_CO',705488404233609216),
	(705488404250386432,'BUILD',705488404233609216),
	(706177209718575104,'VE_CO',706177209697603584),
	(706177209718575105,'BUILD',706177209697603584),
	(706178275369586688,'VE_CO',706178275348615168),
	(706178275373780992,'BUILD',706178275348615168),
	(706193889140183040,'VE_CO',706193889123405824),
	(706193889140183041,'BUILD',706193889123405824),
	(706224251694256128,'VE_CO',706224251677478912),
	(706224251694256129,'BUILD',706224251677478912),
	(706399766728183808,'VE_CO',706399766719795200),
	(706399766728183809,'BUILD',706399766719795200),
	(706553016349659136,'VE_CO',706553016337076224),
	(706553016349659137,'BUILD',706553016337076224),
	(706554894747734016,'VE_CO',706554894705790976),
	(706554894747734017,'BUILD',706554894705790976),
	(707297507855601664,'VE_CO',707297507843018752),
	(707297507855601665,'BUILD',707297507843018752),
	(707297869022924800,'VE_CO',707297869001953280),
	(707297869022924801,'BUILD',707297869001953280),
	(707378809887821824,'VE_CO',707378809875238912),
	(707378809887821825,'BUILD',707378809875238912),
	(707379026146136064,'VE_CO',707379026133553152),
	(707379026146136065,'BUILD',707379026133553152),
	(707379156136005632,'VE_CO',707379156119228416),
	(707379156136005633,'BUILD',707379156119228416),
	(707586249732427776,'VE_CO',707586249724039168),
	(707586249732427777,'BUILD',707586249724039168),
	(708015877064265728,'VE_CO',708015877055877120),
	(708015877064265729,'BUILD',708015877055877120),
	(708016803166588928,'VE_CO',708016803154006016),
	(708016803166588929,'BUILD',708016803154006016),
	(708085378921304064,'VE_CO',708085378908721152),
	(708085378921304065,'BUILD',708085378908721152),
	(708828143086997504,'VE_CO',708828143074414592),
	(708828143086997505,'BUILD',708828143074414592),
	(708829292896718848,'VE_CO',708829292888330240),
	(708829292896718849,'BUILD',708829292888330240),
	(708882199046287360,'VE_CO',708882199016927232),
	(708882199046287361,'BUILD',708882199016927232),
	(708883620047122432,'VE_CO',708883620038733824),
	(708883620047122433,'BUILD',708883620038733824),
	(708883927648989184,'VE_CO',708883927636406272),
	(708883927648989185,'BUILD',708883927636406272),
	(710570772661276672,'VE_CO',710570772652888064),
	(710570772661276673,'BUILD',710570772652888064),
	(711293579309355008,'VE_CO',711293579296772096),
	(711293579309355009,'BUILD',711293579296772096),
	(711296970689351680,'VE_CO',711296970672574464),
	(711296970689351681,'BUILD',711296970672574464),
	(712508022819131392,'VE_CO',712508022798159872),
	(712508022819131393,'BUILD',712508022798159872),
	(715398508907094016,'VE_CO',715398508894511104),
	(715398508907094017,'BUILD',715398508894511104),
	(716076960744235008,'VE_CO',716076960731652096),
	(716076960744235009,'BUILD',716076960731652096),
	(716106664314429440,'VE_CO',716106664301846528),
	(716106664314429441,'BUILD',716106664301846528),
	(716119646608056320,'VE_CO',716119646599667712),
	(716119646608056321,'BUILD',716119646599667712),
	(716123464213225472,'VE_CO',716123464204836864),
	(716123464217419776,'BUILD',716123464204836864),
	(716127379247882240,'VE_CO',716127379235299328),
	(716127379247882241,'BUILD',716127379235299328),
	(716133654367068160,'VE_CO',716133654354485248),
	(716133654367068161,'BUILD',716133654354485248),
	(716146053660827648,'VE_CO',716146053644050432),
	(716146053660827649,'BUILD',716146053644050432),
	(716788793297887232,'VE_CO',716788793281110016),
	(716788793297887233,'BUILD',716788793281110016),
	(717757282472955904,'VE_CO',717757282443595776),
	(717757282472955905,'BUILD',717757282443595776),
	(717759085272895488,'VE_CO',717759085256118272),
	(717759085272895489,'BUILD',717759085256118272),
	(718653019712933888,'VE_CO',718653019696156672),
	(718653019712933889,'BUILD',718653019696156672),
	(718653546089697280,'VE_CO',718653546060337152),
	(718653546089697281,'BUILD',718653546060337152),
	(721395165155037184,'VE_CO',721395165121482752),
	(721395165155037185,'BUILD',721395165121482752),
	(723281774225932288,'VE_CO',723281774200766464),
	(723281774225932289,'BUILD',723281774200766464),
	(729133064780783616,'VE_CO',729133064759812096),
	(729133064780783617,'BUILD',729133064759812096),
	(729559424863047680,'VE_CO',729559424842076160),
	(729559424863047681,'BUILD',729559424842076160),
	(736413930821271552,'VE_CO',736413930796105728),
	(736413930821271553,'BUILD',736413930796105728),
	(736415274420420608,'VE_CO',736415274391060480),
	(736415274420420609,'BUILD',736415274391060480),
	(736416093840621568,'VE_CO',736416093823844352),
	(736416093840621569,'BUILD',736416093823844352),
	(736418395594964992,'VE_CO',736418395573993472),
	(736418395594964993,'BUILD',736418395573993472),
	(736418731890065408,'VE_CO',736418731869093888),
	(736418731890065409,'BUILD',736418731869093888),
	(784652322880884736,'VE_CO',784652322868301824),
	(784652322880884737,'BUILD',784652322868301824),
	(784653813385531392,'VE_CO',784653813364559872),
	(784653813385531393,'BUILD',784653813364559872),
	(784653813616218112,'BUILD',664989107511951360),
	(784653813616218113,'DREAM',664989107511951360);

/*!40000 ALTER TABLE `t_company_vendor` ENABLE KEYS */;
UNLOCK TABLES;


# Dump of table t_demo
# ------------------------------------------------------------

CREATE TABLE `t_demo` (
  `id` bigint NOT NULL COMMENT '主键',
  `title` varchar(255) NOT NULL COMMENT '任务名称',
  `start_time` timestamp NULL DEFAULT NULL COMMENT '开始时间',
  `end_time` timestamp NULL DEFAULT NULL COMMENT '结束时间',
  `demo_type` varchar(16) NOT NULL COMMENT '任务类型',
  `create_by` bigint NOT NULL COMMENT '创建人',
  `create_time` timestamp NULL DEFAULT NULL COMMENT '创建时间',
  `update_by` bigint NOT NULL COMMENT '更新人',
  `update_time` timestamp NULL DEFAULT NULL COMMENT '更新时间',
  `is_deleted` bit(1) NOT NULL COMMENT '是否删除',
  `version` int DEFAULT NULL,
  `work_time` int DEFAULT '0',
  PRIMARY KEY (`id`)
) ENGINE=InnoDB DEFAULT CHARSET=utf8mb4 COLLATE=utf8mb4_0900_ai_ci COMMENT='任务';

LOCK TABLES `t_demo` WRITE;
/*!40000 ALTER TABLE `t_demo` DISABLE KEYS */;

INSERT INTO `t_demo` (`id`, `title`, `start_time`, `end_time`, `demo_type`, `create_by`, `create_time`, `update_by`, `update_time`, `is_deleted`, `version`, `work_time`)
VALUES
	(1,'hello','2021-10-14 13:43:07','2021-10-13 13:43:11','1',1,'2021-10-13 13:43:17',1,'2021-10-13 13:43:23',b'0',1,9);

/*!40000 ALTER TABLE `t_demo` ENABLE KEYS */;
UNLOCK TABLES;


# Dump of table t_farmer
# ------------------------------------------------------------

CREATE TABLE `t_farmer` (
  `id` bigint NOT NULL COMMENT '主键',
  `name` varchar(32) DEFAULT NULL,
  `create_by` bigint DEFAULT NULL,
  `create_time` datetime DEFAULT NULL,
  `update_by` bigint DEFAULT NULL,
  `update_time` datetime DEFAULT NULL,
  `is_deleted` bit(1) DEFAULT NULL,
  PRIMARY KEY (`id`)
) ENGINE=InnoDB DEFAULT CHARSET=utf8mb4 COLLATE=utf8mb4_0900_ai_ci COMMENT='农民';

LOCK TABLES `t_farmer` WRITE;
/*!40000 ALTER TABLE `t_farmer` DISABLE KEYS */;

INSERT INTO `t_farmer` (`id`, `name`, `create_by`, `create_time`, `update_by`, `update_time`, `is_deleted`)
VALUES
	(568272841875841024,'Rick',0,'2022-06-15 01:26:21',0,'2022-06-15 01:26:21',b'0'),
	(568273315991576576,'Rick',0,'2022-06-15 01:28:14',0,'2022-06-15 01:28:14',b'0'),
	(568273474477547520,'Rick',0,'2022-06-15 01:28:52',0,'2022-06-15 01:28:52',b'0'),
	(568273865923551232,'Rick',0,'2022-06-15 01:30:25',0,'2022-06-15 01:30:25',b'0'),
	(568274123646754816,'Rick',0,'2022-06-15 01:31:27',0,'2022-06-15 01:31:27',b'0'),
	(568274604553068544,'Rick',0,'2022-06-15 01:33:22',0,'2022-06-15 01:33:22',b'0'),
	(568275709966082048,'Rick',0,'2022-06-15 01:37:45',0,'2022-06-15 01:37:45',b'0'),
	(568275808418979840,'Rick',0,'2022-06-15 01:38:09',0,'2022-06-15 01:38:09',b'0'),
	(568275938798919680,'Rick',0,'2022-06-15 01:38:40',0,'2022-06-15 01:38:40',b'0'),
	(568276052359700480,'Rick',0,'2022-06-15 01:39:07',0,'2022-06-15 01:39:07',b'0'),
	(568276160736321536,'Rick',0,'2022-06-15 01:39:33',0,'2022-06-15 01:39:33',b'0'),
	(568276573711687680,'Rick',0,'2022-06-15 01:41:11',0,'2022-06-15 01:41:11',b'0'),
	(568281191992713216,'Rick',0,'2022-06-15 01:59:32',0,'2022-06-15 01:59:32',b'0'),
	(568281624295432192,'Rick',0,'2022-06-15 02:01:15',0,'2022-06-15 02:01:15',b'0'),
	(568285139478700032,'Rick',0,'2022-06-15 02:15:13',0,'2022-06-15 02:15:13',b'0'),
	(568285335411417088,'Rick',0,'2022-06-15 02:16:00',0,'2022-06-15 02:16:00',b'0'),
	(568285534380810240,'Rick',0,'2022-06-15 02:16:47',0,'2022-06-15 02:16:47',b'0'),
	(568285648625262592,'Rick',0,'2022-06-15 02:17:15',0,'2022-06-15 02:17:15',b'0'),
	(568286844022874112,'Rick',0,'2022-06-15 02:22:00',0,'2022-06-15 02:22:00',b'0'),
	(614259241578061824,'Rick',0,'2022-10-19 22:59:53',0,'2022-10-19 22:59:53',b'0'),
	(616355649466408960,'Rick',0,'2022-10-25 17:50:16',0,'2022-10-25 17:50:16',b'0'),
	(616358886009479168,'Rick',0,'2022-10-25 18:03:08',0,'2022-10-25 18:03:08',b'0'),
	(616730658848382976,'Rick',0,'2022-10-26 18:40:25',0,'2022-10-26 18:40:25',b'0'),
	(616982294082625536,'Rick',0,'2022-10-27 11:20:20',0,'2022-10-27 11:20:20',b'0'),
	(617326465754603520,'Rick',0,'2022-10-28 10:07:57',0,'2022-10-28 10:07:57',b'0'),
	(617327219903045632,'Rick',0,'2022-10-28 10:10:56',0,'2022-10-28 10:10:56',b'0'),
	(617329094769516544,'Rick',0,'2022-10-28 10:18:23',0,'2022-10-28 10:18:23',b'0'),
	(617329720823914496,'Rick',0,'2022-10-28 10:20:53',0,'2022-10-28 10:20:53',b'0'),
	(617340794117824512,'Rick',0,'2022-10-28 11:04:53',0,'2022-10-28 11:04:53',b'0'),
	(617352721233616896,'Rick',0,'2022-10-28 11:52:16',0,'2022-10-28 11:52:16',b'0'),
	(617354918251995136,'Rick',0,'2022-10-28 12:01:00',0,'2022-10-28 12:01:00',b'0'),
	(617496492218966016,'Rick',0,'2022-10-28 21:23:34',0,'2022-10-28 21:23:34',b'0'),
	(617498988312190976,'Rick',0,'2022-10-28 21:33:29',0,'2022-10-28 21:33:29',b'0'),
	(617499157430722560,'Rick',0,'2022-10-28 21:34:10',0,'2022-10-28 21:34:10',b'0'),
	(617500544168288256,'Rick',0,'2022-10-28 21:39:40',0,'2022-10-28 21:39:40',b'0'),
	(617501378310496256,'Rick',0,'2022-10-28 21:42:59',0,'2022-10-28 21:42:59',b'0'),
	(617502073403138048,'Rick',0,'2022-10-28 21:45:45',0,'2022-10-28 21:45:45',b'0'),
	(617504255305244672,'Rick',0,'2022-10-28 21:54:25',0,'2022-10-28 21:54:25',b'0'),
	(617508951805845504,'Rick',0,'2022-10-28 22:13:05',0,'2022-10-28 22:13:05',b'0'),
	(617517700142522368,'Rick',0,'2022-10-28 22:47:50',0,'2022-10-28 22:47:50',b'0'),
	(617517925569585152,'Rick',0,'2022-10-28 22:48:44',0,'2022-10-28 22:48:44',b'0'),
	(617518775817920512,'Rick',0,'2022-10-28 22:52:07',0,'2022-10-28 22:52:07',b'0'),
	(617533906673131520,'Rick',0,'2022-10-28 23:52:14',0,'2022-10-28 23:52:14',b'0'),
	(617539155534209024,'Rick',0,'2022-10-29 00:13:06',0,'2022-10-29 00:13:06',b'0'),
	(617539884286140416,'Rick',0,'2022-10-29 00:16:00',0,'2022-10-29 00:16:00',b'0'),
	(617540354857689088,'Rick',0,'2022-10-29 00:17:52',0,'2022-10-29 00:17:52',b'0'),
	(617540658911174656,'Rick',0,'2022-10-29 00:19:04',0,'2022-10-29 00:19:04',b'0'),
	(617541041846935552,'Rick',0,'2022-10-29 00:20:36',0,'2022-10-29 00:20:36',b'0'),
	(617541487458181120,'Rick',0,'2022-10-29 00:22:22',0,'2022-10-29 00:22:22',b'0'),
	(617550610623029248,'Rick',0,'2022-10-29 00:58:37',0,'2022-10-29 00:58:37',b'0'),
	(617550959664619520,'Rick',0,'2022-10-29 01:00:00',0,'2022-10-29 01:00:00',b'0'),
	(617551161758769152,'Rick',0,'2022-10-29 01:00:48',0,'2022-10-29 01:00:48',b'0'),
	(617551368919638016,'Rick',0,'2022-10-29 01:01:38',0,'2022-10-29 01:01:38',b'0'),
	(617551621680979968,'Rick',0,'2022-10-29 01:02:38',0,'2022-10-29 01:02:38',b'0'),
	(617553028190494720,'Rick',0,'2022-10-29 01:08:13',0,'2022-10-29 01:08:13',b'0'),
	(617759000129363968,'Rick',0,'2022-10-29 14:46:41',0,'2022-10-29 14:46:41',b'0'),
	(617759542914244608,'Rick',0,'2022-10-29 14:48:50',0,'2022-10-29 14:48:50',b'0'),
	(617760093483753472,'Rick',0,'2022-10-29 14:51:02',0,'2022-10-29 14:51:02',b'0'),
	(617760429682384896,'Rick',0,'2022-10-29 14:52:22',0,'2022-10-29 14:52:22',b'0'),
	(617760581889482752,'Rick',0,'2022-10-29 14:52:58',0,'2022-10-29 14:52:58',b'0'),
	(617765983586803712,'Rick',0,'2022-10-29 15:14:26',0,'2022-10-29 15:14:26',b'0'),
	(617766514082373632,'Rick',0,'2022-10-29 15:16:32',0,'2022-10-29 15:16:32',b'0'),
	(617771732530552832,'Rick',0,'2022-10-29 15:37:16',0,'2022-10-29 15:37:16',b'0'),
	(617771960902017024,'Rick',0,'2022-10-29 15:38:11',0,'2022-10-29 15:38:11',b'0'),
	(617777142553567232,'Rick',0,'2022-10-29 15:58:46',0,'2022-10-29 15:58:46',b'0'),
	(617835457761435648,'Rick',0,'2022-10-29 19:50:30',0,'2022-10-29 19:50:30',b'0'),
	(617835865347121152,'Rick',0,'2022-10-29 19:52:07',0,'2022-10-29 19:52:07',b'0'),
	(617859229717553152,'Rick',0,'2022-10-29 21:24:57',0,'2022-10-29 21:24:57',b'0'),
	(617867221003329536,'Rick',0,'2022-10-29 21:56:43',0,'2022-10-29 21:56:43',b'0'),
	(617867389312360448,'Rick',0,'2022-10-29 21:57:23',0,'2022-10-29 21:57:23',b'0'),
	(617907888052166656,'Rick',0,'2022-10-30 00:38:18',0,'2022-10-30 00:38:18',b'0'),
	(619302891232092160,'Rick',0,'2022-11-02 21:01:33',0,'2022-11-02 21:01:33',b'0'),
	(619308523855208448,'Rick',0,'2022-11-02 21:23:56',0,'2022-11-02 21:23:56',b'0'),
	(619308910838472704,'Rick',0,'2022-11-02 21:25:28',0,'2022-11-02 21:25:28',b'0'),
	(619315164088557568,'Rick',0,'2022-11-02 21:50:19',0,'2022-11-02 21:50:19',b'0'),
	(619907472416579584,'Rick',0,'2022-11-04 13:03:57',0,'2022-11-04 13:03:57',b'0'),
	(622028838846783488,'Rick',0,'2022-11-10 09:33:30',0,'2022-11-10 09:33:30',b'0'),
	(622131271069523968,'Rick',0,'2022-11-10 16:20:31',0,'2022-11-10 16:20:31',b'0'),
	(626173793068412928,'Rick',0,'2022-11-21 20:04:04',0,'2022-11-21 20:04:04',b'0'),
	(627206571457269760,'Rick',0,'2022-11-24 16:27:57',0,'2022-11-24 16:27:57',b'0'),
	(627549139625857024,'Rick',0,'2022-11-25 15:09:12',0,'2022-11-25 15:09:12',b'0'),
	(627550871739191296,'Rick',0,'2022-11-25 15:16:05',0,'2022-11-25 15:16:05',b'0'),
	(627580986430869504,'Rick',0,'2022-11-25 17:15:45',0,'2022-11-25 17:15:45',b'0'),
	(627601723589939200,'Rick',0,'2022-11-25 18:38:09',0,'2022-11-25 18:38:09',b'0'),
	(627602742755479552,'Rick',0,'2022-11-25 18:42:12',0,'2022-11-25 18:42:12',b'0'),
	(627604455608569856,'Rick',0,'2022-11-25 18:49:00',0,'2022-11-25 18:49:00',b'0'),
	(659196323307745280,'Rick',0,'2023-02-20 23:03:49',0,'2023-02-20 23:03:49',b'0'),
	(659921209407860736,'Rick',0,'2023-02-22 23:04:15',0,'2023-02-22 23:04:15',b'0'),
	(660275236146528256,'Rick',0,'2023-02-23 22:31:01',0,'2023-02-23 22:31:01',b'0'),
	(660457830410633216,'Rick',0,'2023-02-24 10:36:35',0,'2023-02-24 10:36:35',b'0'),
	(660617681317150720,'Rick',0,'2023-02-24 21:11:47',0,'2023-02-24 21:11:47',b'0'),
	(663184001481060352,'Rick',0,'2023-03-03 23:09:25',0,'2023-03-03 23:09:25',b'0'),
	(664155745603825664,'Rick',0,'2023-03-06 15:30:47',0,'2023-03-06 15:30:47',b'0'),
	(664178782906626048,'Rick',0,'2023-03-06 17:02:19',0,'2023-03-06 17:02:19',b'0'),
	(664187104175075328,'Rick',0,'2023-03-06 17:35:23',0,'2023-03-06 17:35:23',b'0'),
	(664190401258729472,'Rick',0,'2023-03-06 17:48:30',0,'2023-03-06 17:48:30',b'0'),
	(664191346847789056,'Rick',0,'2023-03-06 17:52:15',0,'2023-03-06 17:52:15',b'0'),
	(664191533364293632,'Rick',0,'2023-03-06 17:52:59',0,'2023-03-06 17:52:59',b'0'),
	(664268062291144704,'Rick',0,'2023-03-06 22:57:05',0,'2023-03-06 22:57:05',b'0'),
	(664988558011990016,'Rick',0,'2023-03-08 22:40:05',0,'2023-03-08 22:40:05',b'0'),
	(664989065388556288,'Rick',0,'2023-03-08 22:42:06',0,'2023-03-08 22:42:06',b'0'),
	(665284797559500800,'Rick',0,'2023-03-09 18:17:14',0,'2023-03-09 18:17:14',b'0'),
	(665291326962561024,'Rick',0,'2023-03-09 18:43:11',0,'2023-03-09 18:43:11',b'0'),
	(665298000414797824,'Rick',0,'2023-03-09 19:09:42',0,'2023-03-09 19:09:42',b'0'),
	(665307262016843776,'Rick',0,'2023-03-09 19:46:30',0,'2023-03-09 19:46:30',b'0'),
	(665308632287571968,'Rick',0,'2023-03-09 19:51:57',0,'2023-03-09 19:51:57',b'0'),
	(665341520148197376,'Rick',0,'2023-03-09 22:02:38',0,'2023-03-09 22:02:38',b'0'),
	(665343860586606592,'Rick',0,'2023-03-09 22:11:56',0,'2023-03-09 22:11:56',b'0'),
	(665357286671151104,'Rick',0,'2023-03-09 23:05:17',0,'2023-03-09 23:05:17',b'0'),
	(665359697842302976,'Rick',0,'2023-03-09 23:14:52',0,'2023-03-09 23:14:52',b'0'),
	(665360706203316224,'Rick',0,'2023-03-09 23:18:52',0,'2023-03-09 23:18:52',b'0'),
	(665362148985171968,'Rick',0,'2023-03-09 23:24:36',0,'2023-03-09 23:24:36',b'0'),
	(665363106037264384,'Rick',0,'2023-03-09 23:28:24',0,'2023-03-09 23:28:24',b'0'),
	(665364344728481792,'Rick',0,'2023-03-09 23:33:19',0,'2023-03-09 23:33:19',b'0'),
	(665368040933715968,'Rick',0,'2023-03-09 23:48:01',0,'2023-03-09 23:48:01',b'0'),
	(665369425595101184,'Rick',0,'2023-03-09 23:53:31',0,'2023-03-09 23:53:31',b'0'),
	(665370856490299392,'Rick',0,'2023-03-09 23:59:12',0,'2023-03-09 23:59:12',b'0'),
	(665373343318306816,'Rick',0,'2023-03-10 00:09:05',0,'2023-03-10 00:09:05',b'0'),
	(665384554629984256,'Rick',0,'2023-03-10 00:53:38',0,'2023-03-10 00:53:38',b'0'),
	(665385231917805568,'Rick',0,'2023-03-10 00:56:19',0,'2023-03-10 00:56:19',b'0'),
	(665390264243744768,'Rick',0,'2023-03-10 01:16:19',0,'2023-03-10 01:16:19',b'0'),
	(665506566241284096,'Rick',0,'2023-03-10 08:58:28',0,'2023-03-10 08:58:28',b'0'),
	(665507822615687168,'Rick',0,'2023-03-10 09:03:27',0,'2023-03-10 09:03:27',b'0'),
	(665531011806818304,'Rick',0,'2023-03-10 10:35:36',0,'2023-03-10 10:35:36',b'0'),
	(665532528844632064,'Rick',0,'2023-03-10 10:41:38',0,'2023-03-10 10:41:38',b'0'),
	(665533082429845504,'Rick',0,'2023-03-10 10:43:50',0,'2023-03-10 10:43:50',b'0'),
	(665533202114310144,'Rick',0,'2023-03-10 10:44:18',0,'2023-03-10 10:44:18',b'0'),
	(665533401213726720,'Rick',0,'2023-03-10 10:45:06',0,'2023-03-10 10:45:06',b'0'),
	(665533537243394048,'Rick',0,'2023-03-10 10:45:38',0,'2023-03-10 10:45:38',b'0'),
	(665534651204399104,'Rick',0,'2023-03-10 10:50:04',0,'2023-03-10 10:50:04',b'0'),
	(665534991811244032,'Rick',0,'2023-03-10 10:51:25',0,'2023-03-10 10:51:25',b'0'),
	(665535339225444352,'Rick',0,'2023-03-10 10:52:48',0,'2023-03-10 10:52:48',b'0'),
	(665536395468632064,'Rick',0,'2023-03-10 10:57:00',0,'2023-03-10 10:57:00',b'0'),
	(665538798490251264,'Rick',0,'2023-03-10 11:06:32',0,'2023-03-10 11:06:32',b'0'),
	(665551728699011072,'Rick',0,'2023-03-10 11:57:55',0,'2023-03-10 11:57:55',b'0'),
	(665552215955501056,'Rick',0,'2023-03-10 11:59:51',0,'2023-03-10 11:59:51',b'0'),
	(665555109505167360,'Rick',0,'2023-03-10 12:11:21',0,'2023-03-10 12:11:21',b'0'),
	(665558213063634944,'Rick',0,'2023-03-10 12:23:41',0,'2023-03-10 12:23:41',b'0'),
	(665561494900994048,'Rick',0,'2023-03-10 12:36:44',0,'2023-03-10 12:36:44',b'0'),
	(665561799118057472,'Rick',0,'2023-03-10 12:37:56',0,'2023-03-10 12:37:56',b'0'),
	(665562690546069504,'Rick',0,'2023-03-10 12:41:29',0,'2023-03-10 12:41:29',b'0'),
	(665578021985480704,'Rick',0,'2023-03-10 13:42:24',0,'2023-03-10 13:42:24',b'0'),
	(665578212025200640,'Rick',0,'2023-03-10 13:43:09',0,'2023-03-10 13:43:09',b'0'),
	(665578471497428992,'Rick',0,'2023-03-10 13:44:11',0,'2023-03-10 13:44:11',b'0'),
	(665579081835769856,'Rick',0,'2023-03-10 13:46:37',0,'2023-03-10 13:46:37',b'0'),
	(665581995396460544,'Rick',0,'2023-03-10 13:58:11',0,'2023-03-10 13:58:11',b'0'),
	(665591349948477440,'Rick',0,'2023-03-10 14:35:22',0,'2023-03-10 14:35:22',b'0'),
	(665664266178686976,'Rick',0,'2023-03-10 19:25:06',0,'2023-03-10 19:25:06',b'0'),
	(665668573334630400,'Rick',0,'2023-03-10 19:42:13',0,'2023-03-10 19:42:13',b'0'),
	(665670067366686720,'Rick',0,'2023-03-10 19:48:09',0,'2023-03-10 19:48:09',b'0'),
	(665671434755928064,'Rick',0,'2023-03-10 19:53:35',0,'2023-03-10 19:53:35',b'0'),
	(665673842747797504,'Rick',0,'2023-03-10 20:03:10',0,'2023-03-10 20:03:10',b'0'),
	(665675953577422848,'Rick',0,'2023-03-10 20:11:33',0,'2023-03-10 20:11:33',b'0'),
	(665677951014039552,'Rick',0,'2023-03-10 20:19:29',0,'2023-03-10 20:19:29',b'0'),
	(665689601137995776,'Rick',0,'2023-03-10 21:05:47',0,'2023-03-10 21:05:47',b'0'),
	(665726138013741056,'Rick',0,'2023-03-10 23:30:58',0,'2023-03-10 23:30:58',b'0'),
	(665731904238022656,'Rick',0,'2023-03-10 23:53:52',0,'2023-03-10 23:53:52',b'0'),
	(665732997445611520,'Rick',0,'2023-03-10 23:58:13',0,'2023-03-10 23:58:13',b'0'),
	(666031596373045248,'Rick',0,'2023-03-11 19:44:45',0,'2023-03-11 19:44:45',b'0'),
	(666036503821971456,'Rick',0,'2023-03-11 20:04:15',0,'2023-03-11 20:04:15',b'0'),
	(666637222535008256,'Rick',0,'2023-03-13 11:51:17',0,'2023-03-13 11:51:17',b'0'),
	(666643790789906432,'Rick',0,'2023-03-13 12:17:23',0,'2023-03-13 12:17:23',b'0'),
	(666693269987561472,'Rick',0,'2023-03-13 15:34:00',0,'2023-03-13 15:34:00',b'0'),
	(666788381082030080,'Rick',0,'2023-03-13 21:51:56',0,'2023-03-13 21:51:56',b'0'),
	(666800802446217216,'Rick',0,'2023-03-13 22:41:18',0,'2023-03-13 22:41:18',b'0'),
	(666801969859432448,'Rick',0,'2023-03-13 22:45:56',0,'2023-03-13 22:45:56',b'0'),
	(666810765256200192,'Rick',0,'2023-03-13 23:20:53',0,'2023-03-13 23:20:53',b'0'),
	(666816477860499456,'Rick',0,'2023-03-13 23:43:35',0,'2023-03-13 23:43:35',b'0'),
	(666817095723421696,'Rick',0,'2023-03-13 23:46:02',0,'2023-03-13 23:46:02',b'0'),
	(667040170578571264,'Rick',0,'2023-03-14 14:32:27',0,'2023-03-14 14:32:27',b'0'),
	(667042369283059712,'Rick',0,'2023-03-14 14:41:12',0,'2023-03-14 14:41:12',b'0'),
	(667043203681120256,'Rick',0,'2023-03-14 14:44:31',0,'2023-03-14 14:44:31',b'0'),
	(667043480899448832,'Rick',0,'2023-03-14 14:45:37',0,'2023-03-14 14:45:37',b'0'),
	(667043603549286400,'Rick',0,'2023-03-14 14:46:06',0,'2023-03-14 14:46:06',b'0'),
	(667045648972935168,'Rick',0,'2023-03-14 14:54:14',0,'2023-03-14 14:54:14',b'0'),
	(667046074703179776,'Rick',0,'2023-03-14 14:55:55',0,'2023-03-14 14:55:55',b'0'),
	(667046307134730240,'Rick',0,'2023-03-14 14:56:51',0,'2023-03-14 14:56:51',b'0'),
	(667057238669553664,'Rick',0,'2023-03-14 15:40:17',0,'2023-03-14 15:40:17',b'0'),
	(667080902848835584,'Rick',0,'2023-03-14 17:14:19',0,'2023-03-14 17:14:19',b'0'),
	(667081425907904512,'Rick',0,'2023-03-14 17:16:24',0,'2023-03-14 17:16:24',b'0'),
	(667112069362905088,'Rick',0,'2023-03-14 19:18:09',0,'2023-03-14 19:18:09',b'0'),
	(667112582263369728,'Rick',0,'2023-03-14 19:20:12',0,'2023-03-14 19:20:12',b'0'),
	(667113216005926912,'Rick',0,'2023-03-14 19:22:43',0,'2023-03-14 19:22:43',b'0'),
	(667113326718775296,'Rick',0,'2023-03-14 19:23:09',0,'2023-03-14 19:23:09',b'0'),
	(667113469367054336,'Rick',0,'2023-03-14 19:23:43',0,'2023-03-14 19:23:43',b'0'),
	(667195353098907648,'Rick',0,'2023-03-15 00:49:06',0,'2023-03-15 00:49:06',b'0'),
	(667228103935815680,'Rick',0,'2023-03-15 02:59:14',0,'2023-03-15 02:59:14',b'0'),
	(667440637309644800,'Rick',0,'2023-03-15 17:03:46',0,'2023-03-15 17:03:46',b'0'),
	(667473105110724608,'Rick',0,'2023-03-15 19:12:47',0,'2023-03-15 19:12:47',b'0'),
	(667477259023577088,'Rick',0,'2023-03-15 19:29:17',0,'2023-03-15 19:29:17',b'0'),
	(667684113976721408,'Rick',0,'2023-03-16 09:11:16',0,'2023-03-16 09:11:16',b'0'),
	(667700897270267904,'Rick',0,'2023-03-16 10:17:57',0,'2023-03-16 10:17:57',b'0'),
	(667718789063835648,'Rick',0,'2023-03-16 11:29:03',0,'2023-03-16 11:29:03',b'0'),
	(667743878157238272,'Rick',0,'2023-03-16 13:08:44',0,'2023-03-16 13:08:44',b'0'),
	(667744612391124992,'Rick',0,'2023-03-16 13:11:39',0,'2023-03-16 13:11:39',b'0'),
	(667744967241826304,'Rick',0,'2023-03-16 13:13:04',0,'2023-03-16 13:13:04',b'0'),
	(667751908819140608,'Rick',0,'2023-03-16 13:40:39',0,'2023-03-16 13:40:39',b'0'),
	(667766271059755008,'Rick',0,'2023-03-16 14:37:43',0,'2023-03-16 14:37:43',b'0'),
	(670488900069801984,'Rick',0,'2023-03-24 02:56:29',0,'2023-03-24 02:56:29',b'0'),
	(670596399909355520,'Rick',0,'2023-03-24 10:03:39',0,'2023-03-24 10:03:39',b'0'),
	(670599869789945856,'Rick',0,'2023-03-24 10:17:26',0,'2023-03-24 10:17:26',b'0'),
	(670600211395035136,'Rick',0,'2023-03-24 10:18:47',0,'2023-03-24 10:18:47',b'0'),
	(670600342886465536,'Rick',0,'2023-03-24 10:19:19',0,'2023-03-24 10:19:19',b'0'),
	(670600678573391872,'Rick',0,'2023-03-24 10:20:39',0,'2023-03-24 10:20:39',b'0'),
	(670601614461026304,'Rick',0,'2023-03-24 10:24:22',0,'2023-03-24 10:24:22',b'0'),
	(670610080894337024,'Rick',0,'2023-03-24 10:58:00',0,'2023-03-24 10:58:00',b'0'),
	(670613219378774016,'Rick',0,'2023-03-24 11:10:29',0,'2023-03-24 11:10:29',b'0'),
	(670613594961920000,'Rick',0,'2023-03-24 11:11:58',0,'2023-03-24 11:11:58',b'0'),
	(670620486501187584,'Rick',0,'2023-03-24 11:39:21',0,'2023-03-24 11:39:21',b'0'),
	(671154125500628992,'Rick',0,'2023-03-25 22:59:51',0,'2023-03-25 22:59:51',b'0'),
	(671530384785195008,'Rick',0,'2023-03-26 23:54:58',0,'2023-03-26 23:54:58',b'0'),
	(671545876627374080,'Rick',0,'2023-03-27 00:56:32',0,'2023-03-27 00:56:32',b'0'),
	(671741033066840064,'Rick',0,'2023-03-27 13:52:00',0,'2023-03-27 13:52:00',b'0'),
	(672163028493451264,'Rick',0,'2023-03-28 17:48:52',0,'2023-03-28 17:48:52',b'0'),
	(672213002346348544,'Rick',0,'2023-03-28 21:07:27',0,'2023-03-28 21:07:27',b'0'),
	(681911634809090048,'Rick',0,'2023-04-24 15:26:21',0,'2023-04-24 15:26:21',b'0'),
	(681916715361136640,'Rick',0,'2023-04-24 15:46:32',0,'2023-04-24 15:46:32',b'0'),
	(681917457010552832,'Rick',0,'2023-04-24 15:49:29',0,'2023-04-24 15:49:29',b'0'),
	(681966708734324736,'Rick',0,'2023-04-24 19:05:12',0,'2023-04-24 19:05:12',b'0'),
	(682371222125703168,'Rick',0,'2023-04-25 21:52:35',0,'2023-04-25 21:52:35',b'0'),
	(688447918079766528,'Rick',0,'2023-05-12 16:19:12',0,'2023-05-12 16:19:12',b'0'),
	(688448676766445568,'Rick',0,'2023-05-12 16:22:13',0,'2023-05-12 16:22:13',b'0'),
	(688450912355643392,'Rick',0,'2023-05-12 16:31:06',0,'2023-05-12 16:31:06',b'0'),
	(688459989345398784,'Rick',0,'2023-05-12 17:07:10',0,'2023-05-12 17:07:10',b'0'),
	(688957510488428544,'Rick',0,'2023-05-14 02:04:09',0,'2023-05-14 02:04:09',b'0'),
	(688960438641102848,'Rick',0,'2023-05-14 02:15:47',0,'2023-05-14 02:15:47',b'0'),
	(688968414512812032,'Rick',NULL,'2023-05-14 02:47:28',NULL,'2023-05-14 02:47:28',b'0'),
	(688968788648923136,'Rick',NULL,'2023-05-14 02:48:57',NULL,'2023-05-14 02:48:57',b'0'),
	(688969567015276544,'Rick',0,'2023-05-14 02:52:03',0,'2023-05-14 02:52:03',b'0'),
	(688975763159912448,'Rick',0,'2023-05-14 03:16:40',0,'2023-05-14 03:16:40',b'0'),
	(689547989215088640,'Rick',0,'2023-05-15 17:10:30',0,'2023-05-15 17:10:30',b'0'),
	(689559253530185728,'Rick',0,'2023-05-15 17:55:15',0,'2023-05-15 17:55:15',b'0'),
	(689581976960634880,'Rick',0,'2023-05-15 19:25:33',0,'2023-05-15 19:25:33',b'0'),
	(689586437644881920,'Rick',0,'2023-05-15 19:43:16',0,'2023-05-15 19:43:16',b'0'),
	(689639100369629184,'Rick',0,'2023-05-15 23:12:32',0,'2023-05-15 23:12:32',b'0'),
	(695366924678250496,'Rick',0,'2023-05-31 18:32:52',0,'2023-05-31 18:32:52',b'0'),
	(695439131118977024,'Rick',0,'2023-05-31 23:19:47',0,'2023-05-31 23:19:47',b'0'),
	(695440108744130560,'Rick',0,'2023-05-31 23:23:40',0,'2023-05-31 23:23:40',b'0'),
	(695440266118610944,'Rick',0,'2023-05-31 23:24:18',0,'2023-05-31 23:24:18',b'0'),
	(695440804595941376,'Rick',0,'2023-05-31 23:26:26',0,'2023-05-31 23:26:26',b'0'),
	(695441126659768320,'Rick',0,'2023-05-31 23:27:43',0,'2023-05-31 23:27:43',b'0'),
	(695441359556886528,'Rick',0,'2023-05-31 23:28:39',0,'2023-05-31 23:28:39',b'0'),
	(695441882771144704,'Rick',0,'2023-05-31 23:30:43',0,'2023-05-31 23:30:43',b'0'),
	(695790126743191552,'Rick',0,'2023-06-01 22:34:31',0,'2023-06-01 22:34:31',b'0'),
	(696077605295624192,'Rick',0,'2023-06-02 17:36:51',0,'2023-06-02 17:36:51',b'0'),
	(699097423041036288,'Rick',0,'2023-06-11 01:36:32',0,'2023-06-11 01:36:32',b'0'),
	(699098236228501504,'Rick',0,'2023-06-11 01:39:46',0,'2023-06-11 01:39:46',b'0'),
	(699098455913562112,'Rick',0,'2023-06-11 01:40:38',0,'2023-06-11 01:40:38',b'0'),
	(699098827163992064,'Rick',0,'2023-06-11 01:42:07',0,'2023-06-11 01:42:07',b'0'),
	(699959094244573184,'Rick',0,'2023-06-13 10:40:30',0,'2023-06-13 10:40:30',b'0'),
	(705488360491212800,'Rick',0,'2023-06-28 16:51:50',0,'2023-06-28 16:51:50',b'0'),
	(706177164176822272,'Rick',0,'2023-06-30 14:28:54',0,'2023-06-30 14:28:54',b'0'),
	(706178232621240320,'Rick',0,'2023-06-30 14:33:09',0,'2023-06-30 14:33:09',b'0'),
	(706193844873498624,'Rick',0,'2023-06-30 15:35:11',0,'2023-06-30 15:35:11',b'0'),
	(706224210334224384,'Rick',0,'2023-06-30 17:35:51',0,'2023-06-30 17:35:51',b'0'),
	(706399717877125120,'Rick',0,'2023-07-01 05:13:15',0,'2023-07-01 05:13:15',b'0'),
	(706552969553809408,'Rick',0,'2023-07-01 15:22:13',0,'2023-07-01 15:22:13',b'0'),
	(706554848576835584,'Rick',0,'2023-07-01 15:29:41',0,'2023-07-01 15:29:41',b'0'),
	(707296644609118208,'Rick',0,'2023-07-03 16:37:19',0,'2023-07-03 16:37:19',b'0'),
	(707297459172315136,'Rick',0,'2023-07-03 16:40:33',0,'2023-07-03 16:40:33',b'0'),
	(707297819911819264,'Rick',0,'2023-07-03 16:41:59',0,'2023-07-03 16:41:59',b'0'),
	(707378762634792960,'Rick',0,'2023-07-03 22:03:37',0,'2023-07-03 22:03:37',b'0'),
	(707378980059123712,'Rick',0,'2023-07-03 22:04:29',0,'2023-07-03 22:04:29',b'0'),
	(707379118471155712,'Rick',0,'2023-07-03 22:05:02',0,'2023-07-03 22:05:02',b'0'),
	(707586202089328640,'Rick',0,'2023-07-04 11:47:55',0,'2023-07-04 11:47:55',b'0'),
	(708015830067089408,'Rick',0,'2023-07-05 16:15:06',0,'2023-07-05 16:15:06',b'0'),
	(708016756626591744,'Rick',0,'2023-07-05 16:18:47',0,'2023-07-05 16:18:47',b'0'),
	(708085334256160768,'Rick',0,'2023-07-05 20:51:17',0,'2023-07-05 20:51:17',b'0'),
	(708828095058022400,'Rick',0,'2023-07-07 22:02:45',0,'2023-07-07 22:02:45',b'0'),
	(708829247954751488,'Rick',0,'2023-07-07 22:07:20',0,'2023-07-07 22:07:20',b'0'),
	(708882160601296896,'Rick',0,'2023-07-08 01:37:35',0,'2023-07-08 01:37:35',b'0'),
	(708883574710890496,'Rick',0,'2023-07-08 01:43:12',0,'2023-07-08 01:43:12',b'0'),
	(708883883000623104,'Rick',0,'2023-07-08 01:44:26',0,'2023-07-08 01:44:26',b'0'),
	(710570726452629504,'Rick',0,'2023-07-12 17:27:21',0,'2023-07-12 17:27:21',b'0'),
	(711293533419474944,'Rick',0,'2023-07-14 17:19:31',0,'2023-07-14 17:19:31',b'0'),
	(711296924224851968,'Rick',0,'2023-07-14 17:33:00',0,'2023-07-14 17:33:00',b'0'),
	(712507977252212736,'Rick',0,'2023-07-18 01:45:17',0,'2023-07-18 01:45:17',b'0'),
	(715398462757167104,'Rick',0,'2023-07-26 01:11:03',0,'2023-07-26 01:11:03',b'0'),
	(716076913663172608,'Rick',0,'2023-07-27 22:06:58',0,'2023-07-27 22:06:58',b'0'),
	(716106615484342272,'Rick',0,'2023-07-28 00:05:00',0,'2023-07-28 00:05:00',b'0'),
	(716119601598980096,'Rick',0,'2023-07-28 00:56:36',0,'2023-07-28 00:56:36',b'0'),
	(716123418436591616,'Rick',0,'2023-07-28 01:11:46',0,'2023-07-28 01:11:46',b'0'),
	(716127331374096384,'Rick',0,'2023-07-28 01:27:19',0,'2023-07-28 01:27:19',b'0'),
	(716133609102139392,'Rick',0,'2023-07-28 01:52:15',0,'2023-07-28 01:52:15',b'0'),
	(716146007800307712,'Rick',0,'2023-07-28 02:41:31',0,'2023-07-28 02:41:31',b'0'),
	(716788747143766016,'Rick',0,'2023-07-29 21:15:32',0,'2023-07-29 21:15:32',b'0'),
	(717757236796985344,'Rick',0,'2023-08-01 13:23:58',0,'2023-08-01 13:23:58',b'0'),
	(717759038229581824,'Rick',0,'2023-08-01 13:31:08',0,'2023-08-01 13:31:08',b'0'),
	(718652976113143808,'Rick',0,'2023-08-04 00:43:19',0,'2023-08-04 00:43:19',b'0'),
	(718653497913921536,'Rick',0,'2023-08-04 00:45:24',0,'2023-08-04 00:45:24',b'0'),
	(721395118426296320,'Rick',0,'2023-08-11 14:19:37',0,'2023-08-11 14:19:37',b'0'),
	(723281726423449600,'Rick',0,'2023-08-16 19:16:19',0,'2023-08-16 19:16:19',b'0'),
	(729133019490689024,'Rick',0,'2023-09-01 22:47:16',0,'2023-09-01 22:47:16',b'0'),
	(729559377941368832,'Rick',0,'2023-09-03 03:01:28',0,'2023-09-03 03:01:28',b'0'),
	(736413883958312960,'Rick',0,'2023-09-22 00:58:50',0,'2023-09-22 00:58:50',b'0'),
	(736415228924805120,'Rick',0,'2023-09-22 01:04:10',0,'2023-09-22 01:04:10',b'0'),
	(736416050135973888,'Rick',0,'2023-09-22 01:07:26',0,'2023-09-22 01:07:26',b'0'),
	(736418352334913536,'Rick',0,'2023-09-22 01:16:35',0,'2023-09-22 01:16:35',b'0'),
	(736418688592265216,'Rick',0,'2023-09-22 01:17:55',0,'2023-09-22 01:17:55',b'0'),
	(784652311459794944,'Rick',0,'2024-02-02 03:41:07',0,'2024-02-02 03:41:07',b'0'),
	(784653801557594112,'Rick',0,'2024-02-02 03:47:02',0,'2024-02-02 03:47:02',b'0');

/*!40000 ALTER TABLE `t_farmer` ENABLE KEYS */;
UNLOCK TABLES;


# Dump of table t_film
# ------------------------------------------------------------

CREATE TABLE `t_film` (
  `seq_id` varchar(32) NOT NULL COMMENT '主键',
  `title` varchar(32) DEFAULT NULL,
  PRIMARY KEY (`seq_id`)
) ENGINE=InnoDB DEFAULT CHARSET=utf8mb4 COLLATE=utf8mb4_0900_ai_ci COMMENT='电影';

LOCK TABLES `t_film` WRITE;
/*!40000 ALTER TABLE `t_film` DISABLE KEYS */;

INSERT INTO `t_film` (`seq_id`, `title`)
VALUES
	('1667050984013','hello world'),
	('1667051815405','hello world'),
	('1667051854867','hello world'),
	('1667061468068xoo','hello world'),
	('1667061510581xoo','hello world'),
	('1667394103455xoo','hello world'),
	('1667395447982xoo','hello world'),
	('1667395542153xoo','hello world'),
	('1667397030942xoo','hello world'),
	('1667538249162xoo','hello world'),
	('1668044021859xoo','hello world'),
	('1668068443750xoo','hello world'),
	('1669032254644xoo','hello world'),
	('1669278488177xoo','hello world'),
	('1669360164415xoo','hello world'),
	('1669360576871xoo','hello world'),
	('1669367756672xoo','hello world'),
	('1669372704715xoo','hello world'),
	('1669372948605xoo','hello world'),
	('1669373352694xoo','hello world'),
	('1676905431951xoo','hello world'),
	('1677078260490xoo','hello world'),
	('1677162666600xoo','hello world'),
	('1677206201122xoo','hello world'),
	('1677244318974xoo','hello world'),
	('1677856169073xoo','hello world'),
	('1678087853098xoo','hello world'),
	('1678093345074xoo','hello world'),
	('1678095327820xoo','hello world'),
	('1678096115046xoo','hello world'),
	('1678096340706xoo','hello world'),
	('1678096392315xoo','hello world'),
	('1678114637502xoo','hello world'),
	('1678286418158xoo','hello world'),
	('1678286538514xoo','hello world'),
	('1678357039848xoo','hello world'),
	('1678358596569xoo','hello world'),
	('1678360187381xoo','hello world'),
	('1678362396947xoo','hello world'),
	('1678362720875xoo','hello world'),
	('1678370563326xoo','hello world'),
	('1678371121338xoo','hello world'),
	('1678371223423xoo','hello world'),
	('1678374322324xoo','hello world'),
	('1678374897513xoo','hello world'),
	('1678375138193xoo','hello world'),
	('1678375482097xoo','hello world'),
	('1678375710039xoo','hello world'),
	('1678376002925xoo','hello world'),
	('1678376886571xoo','hello world'),
	('1678377216538xoo','hello world'),
	('1678377558053xoo','hello world'),
	('1678378151163xoo','hello world'),
	('1678380823497xoo','hello world'),
	('1678380993893xoo','hello world'),
	('1678382191583xoo','hello world'),
	('1678410223594xoo','hello world'),
	('1678415746855xoo','hello world'),
	('1678416105914xoo','hello world'),
	('1678416232167xoo','hello world'),
	('1678416268497xoo','hello world'),
	('1678416308154xoo','hello world'),
	('1678416351112xoo','hello world'),
	('1678416614462xoo','hello world'),
	('1678416695043xoo','hello world'),
	('1678416778476xoo','hello world'),
	('1678417030511xoo','hello world'),
	('1678417602853xoo','hello world'),
	('1678420684327xoo','hello world'),
	('1678420803028xoo','hello world'),
	('1678421492109xoo','hello world'),
	('1678422232407xoo','hello world'),
	('1678423014375xoo','hello world'),
	('1678423087288xoo','hello world'),
	('1678423299865xoo','hello world'),
	('1678426953543xoo','hello world'),
	('1678427000092xoo','hello world'),
	('1678427211148xoo','hello world'),
	('1678427901841xoo','hello world'),
	('1678430132296xoo','hello world'),
	('1678447516170xoo','hello world'),
	('1678448542957xoo','hello world'),
	('1678448899452xoo','hello world'),
	('1678449225634xoo','hello world'),
	('1678450779598xoo','hello world'),
	('1678453558890xoo','hello world'),
	('1678462268452xoo','hello world'),
	('1678463641127xoo','hello world'),
	('1678463910436xoo','hello world'),
	('1678535088126xoo','hello world'),
	('1678536256992xoo','hello world'),
	('1678679486982xoo','hello world'),
	('1678681053359xoo','hello world'),
	('1678692850946xoo','hello world'),
	('1678715527530xoo','hello world'),
	('1678718488469xoo','hello world'),
	('1678718767294xoo','hello world'),
	('1678720862946xoo','hello world'),
	('1678722224979xoo','hello world'),
	('1678722373185xoo','hello world'),
	('1678775559549xoo','hello world'),
	('1678776082983xoo','hello world'),
	('1678776273652xoo','hello world'),
	('1678776340137xoo','hello world'),
	('1678776369042xoo','hello world'),
	('1678776856802xoo','hello world'),
	('1678776958204xoo','hello world'),
	('1678777013821xoo','hello world'),
	('1678779627968xoo','hello world'),
	('1678785261823xoo','hello world'),
	('1678785386432xoo','hello world'),
	('1678792700801xoo','hello world'),
	('1678792822479xoo','hello world'),
	('1678792965833xoo','hello world'),
	('1678793000703xoo','hello world'),
	('1678793033876xoo','hello world'),
	('1678812557021xoo','hello world'),
	('1678820366421xoo','hello world'),
	('1678871037605xoo','hello world'),
	('1678878778365xoo','hello world'),
	('1678879769589xoo','hello world'),
	('1678929086390xoo','hello world'),
	('1678933089009xoo','hello world'),
	('1678937355782xoo','hello world'),
	('1678943338183xoo','hello world'),
	('1678943513817xoo','hello world'),
	('1678943587154xoo','hello world'),
	('1678945250234xoo','hello world'),
	('1678948674227xoo','hello world'),
	('1679597793886xoo','hello world'),
	('1679623420332xoo','hello world'),
	('1679624254102xoo','hello world'),
	('1679624334834xoo','hello world'),
	('1679624364004xoo','hello world'),
	('1679624445969xoo','hello world'),
	('1679624672667xoo','hello world'),
	('1679626691309xoo','hello world'),
	('1679627439114xoo','hello world'),
	('1679627528482xoo','hello world'),
	('1679629172193xoo','hello world'),
	('1679756401939xoo','hello world'),
	('1679846109964xoo','hello world'),
	('1679849802357xoo','hello world'),
	('1679896331142xoo','hello world'),
	('1679996942967xoo','hello world'),
	('1680008856481xoo','hello world'),
	('1682322403991xoo','hello world'),
	('1682322579827xoo','hello world'),
	('1682334321919xoo','hello world'),
	('1682430765741xoo','hello world'),
	('1683879563426xoo','hello world'),
	('1683879743586xoo','hello world'),
	('1683880277469xoo','hello world'),
	('1683882440543xoo','hello world'),
	('1684001059392xoo','hello world'),
	('1684001757827xoo','hello world'),
	('1684003659153xoo','hello world'),
	('1684003748394xoo','hello world'),
	('1684003934192xoo','hello world'),
	('1684005411119xoo','hello world'),
	('1684141841225xoo','hello world'),
	('1684144525857xoo','hello world'),
	('1684149944467xoo','hello world'),
	('1684151007111xoo','hello world'),
	('1684163563438xoo','hello world'),
	('1685529173653xoo','hello world'),
	('1685546388661xoo','hello world'),
	('1685546621965xoo','hello world'),
	('1685546667245xoo','hello world'),
	('1685546795541xoo','hello world'),
	('1685546871812xoo','hello world'),
	('1685546929066xoo','hello world'),
	('1685547054447xoo','hello world'),
	('1685630079696xoo','hello world'),
	('1685698622296xoo','hello world'),
	('1686418601626xoo','hello world'),
	('1686418794431xoo','hello world'),
	('1686418849267xoo','hello world'),
	('1686418937583xoo','hello world'),
	('1686624041032xoo','hello world'),
	('1687942321601xoo','hello world'),
	('1688106545885xoo','hello world'),
	('1688106799449xoo','hello world'),
	('1688110522049xoo','hello world'),
	('1688117761415xoo','hello world'),
	('1688159607224xoo','hello world'),
	('1688196144554xoo','hello world'),
	('1688196592462xoo','hello world'),
	('1688373450769xoo','hello world'),
	('1688373645294xoo','hello world'),
	('1688373731261xoo','hello world'),
	('1688393029053xoo','hello world'),
	('1688393080620xoo','hello world'),
	('1688393111612xoo','hello world'),
	('1688442486707xoo','hello world'),
	('1688544917820xoo','hello world'),
	('1688545138489xoo','hello world'),
	('1688561488295xoo','hello world'),
	('1688738577018xoo','hello world'),
	('1688738851152xoo','hello world'),
	('1688751464949xoo','hello world'),
	('1688751803737xoo','hello world'),
	('1688751877073xoo','hello world'),
	('1689154052239xoo','hello world'),
	('1689326382828xoo','hello world'),
	('1689327191532xoo','hello world'),
	('1689615928721xoo','hello world'),
	('1690305074278xoo','hello world'),
	('1690466829835xoo','hello world'),
	('1690473911715xoo','hello world'),
	('1690477007089xoo','hello world'),
	('1690477917135xoo','hello world'),
	('1690478850484xoo','hello world'),
	('1690480346616xoo','hello world'),
	('1690483302869xoo','hello world'),
	('1690636543940xoo','hello world'),
	('1690867449771xoo','hello world'),
	('1690867879614xoo','hello world'),
	('1691081010427xoo','hello world'),
	('1691081135695xoo','hello world'),
	('1691734788760xoo','hello world'),
	('1692184591212xoo','hello world'),
	('1693579647696xoo','hello world'),
	('1693681299783xoo','hello world'),
	('1695315541414xoo','hello world'),
	('1695315861840xoo','hello world'),
	('1695316057021xoo','hello world'),
	('1695316605944xoo','hello world'),
	('1695316686016xoo','hello world'),
	('1706816469952xoo','hello world'),
	('1706816825354xoo','hello world'),
	('617906253192159232','hello world222'),
	('617907007164440576','hello world222');

/*!40000 ALTER TABLE `t_film` ENABLE KEYS */;
UNLOCK TABLES;


# Dump of table t_info
# ------------------------------------------------------------

CREATE TABLE `t_info` (
  `id` bigint NOT NULL COMMENT '主键',
  `name` varchar(32) DEFAULT NULL,
  `age` int DEFAULT NULL,
  `native_place` varchar(32) DEFAULT NULL,
  `hobby` varchar(32) DEFAULT NULL,
  `agree` varchar(32) DEFAULT NULL,
  `remark` varchar(32) DEFAULT NULL,
  `sex` varchar(32) DEFAULT NULL,
  `mobile` varchar(32) DEFAULT NULL,
  `file` varchar(10000) DEFAULT NULL,
  `email` varchar(32) DEFAULT NULL,
  `date` date DEFAULT NULL,
  `info` json DEFAULT NULL,
  `create_by` bigint DEFAULT NULL,
  `create_time` datetime DEFAULT NULL,
  `update_by` bigint DEFAULT NULL,
  `update_time` datetime DEFAULT NULL,
  `is_deleted` bit(1) DEFAULT NULL,
  PRIMARY KEY (`id`)
) ENGINE=InnoDB DEFAULT CHARSET=utf8mb4 COLLATE=utf8mb4_0900_ai_ci COMMENT='用户信息';

LOCK TABLES `t_info` WRITE;
/*!40000 ALTER TABLE `t_info` DISABLE KEYS */;

INSERT INTO `t_info` (`id`, `name`, `age`, `native_place`, `hobby`, `agree`, `remark`, `sex`, `mobile`, `file`, `email`, `date`, `info`, `create_by`, `create_time`, `update_by`, `update_time`, `is_deleted`)
VALUES
	(668063079401041920,'Rickxb',18,'四川','[\"足球\",\"篮球\"]','[\"同意\"]','挺好...','保密','18896725517','[{\"name\":\"logo 2\",\"extension\":\"png\",\"content_type\":\"image/png\",\"size\":4442,\"group_name\":\"upload\",\"path\":\"668063064163135488.png\",\"url\":\"http://localhost:7892/upload/668063064163135488.png\",\"id\":\"668063064200884224\",\"created_at\":\"2023-03-17T02:17:04.326Z\",\"full_name\":\"logo 2.png\",\"full_path\":\"upload/668063064163135488.png\"}]','jkxyx205@163.com','2023-03-23','[[\"李四\", \"23\"]]',NULL,NULL,0,'2023-03-17 10:26:01',b'0');

/*!40000 ALTER TABLE `t_info` ENABLE KEYS */;
UNLOCK TABLES;


# Dump of table t_material
# ------------------------------------------------------------

CREATE TABLE `t_material` (
  `id` varchar(32) NOT NULL COMMENT '主键',
  `name` varchar(32) DEFAULT NULL,
  `create_by` bigint DEFAULT NULL,
  `create_time` datetime DEFAULT NULL,
  `update_by` bigint DEFAULT NULL,
  `update_time` datetime DEFAULT NULL,
  `is_deleted` bit(1) DEFAULT NULL,
  PRIMARY KEY (`id`)
) ENGINE=InnoDB DEFAULT CHARSET=utf8mb4 COLLATE=utf8mb4_0900_ai_ci COMMENT='农民';

LOCK TABLES `t_material` WRITE;
/*!40000 ALTER TABLE `t_material` DISABLE KEYS */;

INSERT INTO `t_material` (`id`, `name`, `create_by`, `create_time`, `update_by`, `update_time`, `is_deleted`)
VALUES
	('mldnfind','Rick',0,'2022-06-15 01:27:40',0,'2022-06-15 01:27:40',b'0'),
	('mldnfind1655227698026','Rick',0,'2022-06-15 01:28:18',0,'2022-06-15 01:28:18',b'0'),
	('mldnfind1655227736133','Rick',0,'2022-06-15 01:28:56',0,'2022-06-15 01:28:56',b'0'),
	('mldnfind1655227828495','Rick',0,'2022-06-15 01:30:29',0,'2022-06-15 01:30:29',b'0'),
	('mldnfind1655227888801','Rick',0,'2022-06-15 01:31:29',0,'2022-06-15 01:31:29',b'0'),
	('mldnfind1655228004801','Rick',0,'2022-06-15 01:33:25',0,'2022-06-15 01:33:25',b'0'),
	('mldnfind1655228268160','Rick',0,'2022-06-15 01:37:48',0,'2022-06-15 01:37:48',b'0'),
	('mldnfind1655228291746','Rick',0,'2022-06-15 01:38:12',0,'2022-06-15 01:38:12',b'0'),
	('mldnfind1655228375294','Rick',0,'2022-06-15 01:39:35',0,'2022-06-15 01:39:35',b'0'),
	('mldnfind1655228473419','Rick',0,'2022-06-15 01:41:13',0,'2022-06-15 01:41:13',b'0'),
	('mldnfind1655229575678','Rick',0,'2022-06-15 01:59:36',0,'2022-06-15 01:59:36',b'0'),
	('mldnfind1655229678860','Rick',0,'2022-06-15 02:01:19',0,'2022-06-15 02:01:19',b'0'),
	('mldnfind1655230517096','Rick',0,'2022-06-15 02:15:17',0,'2022-06-15 02:15:17',b'0'),
	('mldnfind1655230563750','Rick',0,'2022-06-15 02:16:04',0,'2022-06-15 02:16:04',b'0'),
	('mldnfind1655230610986','Rick',0,'2022-06-15 02:16:51',0,'2022-06-15 02:16:51',b'0'),
	('mldnfind1655230638237','Rick',0,'2022-06-15 02:17:18',0,'2022-06-15 02:17:18',b'0'),
	('mldnfind1655230923311','Rick',0,'2022-06-15 02:22:03',0,'2022-06-15 02:22:03',b'0'),
	('mldnfind1666191596959','Rick',0,'2022-10-19 22:59:57',0,'2022-10-19 22:59:57',b'0'),
	('mldnfind1666691419788','Rick',0,'2022-10-25 17:50:20',0,'2022-10-25 17:50:20',b'0'),
	('mldnfind1666692191682','Rick',0,'2022-10-25 18:03:12',0,'2022-10-25 18:03:12',b'0'),
	('mldnfind1666780830689','Rick',0,'2022-10-26 18:40:31',0,'2022-10-26 18:40:31',b'0'),
	('mldnfind1666840823685','Rick',0,'2022-10-27 11:20:24',0,'2022-10-27 11:20:24',b'0'),
	('mldnfind1666922880641','Rick',0,'2022-10-28 10:08:01',0,'2022-10-28 10:08:01',b'0'),
	('mldnfind1666923060620','Rick',0,'2022-10-28 10:11:01',0,'2022-10-28 10:11:01',b'0'),
	('mldnfind1666923506743','Rick',0,'2022-10-28 10:18:27',0,'2022-10-28 10:18:27',b'0'),
	('mldnfind1666923656855','Rick',0,'2022-10-28 10:20:57',0,'2022-10-28 10:20:57',b'0'),
	('mldnfind1666926296819','Rick',0,'2022-10-28 11:04:57',0,'2022-10-28 11:04:57',b'0'),
	('mldnfind1666929143299','Rick',0,'2022-10-28 11:52:23',0,'2022-10-28 11:52:23',b'0'),
	('mldnfind1666929664081','Rick',0,'2022-10-28 12:01:04',0,'2022-10-28 12:01:04',b'0'),
	('mldnfind1666963418649','Rick',0,'2022-10-28 21:23:39',0,'2022-10-28 21:23:39',b'0'),
	('mldnfind1666964016640','Rick',0,'2022-10-28 21:33:37',0,'2022-10-28 21:33:37',b'0'),
	('mldnfind1666964054279','Rick',0,'2022-10-28 21:34:14',0,'2022-10-28 21:34:14',b'0'),
	('mldnfind1666964384418','Rick',0,'2022-10-28 21:39:44',0,'2022-10-28 21:39:44',b'0'),
	('mldnfind1666964583165','Rick',0,'2022-10-28 21:43:03',0,'2022-10-28 21:43:03',b'0'),
	('mldnfind1666964748847','Rick',0,'2022-10-28 21:45:49',0,'2022-10-28 21:45:49',b'0'),
	('mldnfind1666965269192','Rick',0,'2022-10-28 21:54:29',0,'2022-10-28 21:54:29',b'0'),
	('mldnfind1666966388570','Rick',0,'2022-10-28 22:13:09',0,'2022-10-28 22:13:09',b'0'),
	('mldnfind1666968474190','Rick',0,'2022-10-28 22:47:54',0,'2022-10-28 22:47:54',b'0'),
	('mldnfind1666968527395','Rick',0,'2022-10-28 22:48:47',0,'2022-10-28 22:48:47',b'0'),
	('mldnfind1666968730985','Rick',0,'2022-10-28 22:52:11',0,'2022-10-28 22:52:11',b'0'),
	('mldnfind1666972338313','Rick',0,'2022-10-28 23:52:18',0,'2022-10-28 23:52:18',b'0'),
	('mldnfind1666973589623','Rick',0,'2022-10-29 00:13:10',0,'2022-10-29 00:13:10',b'0'),
	('mldnfind1666973763597','Rick',0,'2022-10-29 00:16:04',0,'2022-10-29 00:16:04',b'0'),
	('mldnfind1666973875053','Rick',0,'2022-10-29 00:17:55',0,'2022-10-29 00:17:55',b'0'),
	('mldnfind1666973948519','Rick',0,'2022-10-29 00:19:09',0,'2022-10-29 00:19:09',b'0'),
	('mldnfind1666974039778','Rick',0,'2022-10-29 00:20:40',0,'2022-10-29 00:20:40',b'0'),
	('mldnfind1666974146012','Rick',0,'2022-10-29 00:22:26',0,'2022-10-29 00:22:26',b'0'),
	('mldnfind1666976320757','Rick',0,'2022-10-29 00:58:41',0,'2022-10-29 00:58:41',b'0'),
	('mldnfind1666976414281','Rick',0,'2022-10-29 01:00:14',0,'2022-10-29 01:00:14',b'0'),
	('mldnfind1666976453574','Rick',0,'2022-10-29 01:00:54',0,'2022-10-29 01:00:54',b'0'),
	('mldnfind1666976502066','Rick',0,'2022-10-29 01:01:42',0,'2022-10-29 01:01:42',b'0'),
	('mldnfind1666976562144','Rick',0,'2022-10-29 01:02:42',0,'2022-10-29 01:02:42',b'0'),
	('mldnfind1666976897678','Rick',0,'2022-10-29 01:08:18',0,'2022-10-29 01:08:18',b'0'),
	('mldnfind1667026004944','Rick',0,'2022-10-29 14:46:45',0,'2022-10-29 14:46:45',b'0'),
	('mldnfind1667026134439','Rick',0,'2022-10-29 14:48:54',0,'2022-10-29 14:48:54',b'0'),
	('mldnfind1667026265690','Rick',0,'2022-10-29 14:51:06',0,'2022-10-29 14:51:06',b'0'),
	('mldnfind1667026381975','Rick',0,'2022-10-29 14:53:02',0,'2022-10-29 14:53:02',b'0'),
	('mldnfind1667027670088','Rick',0,'2022-10-29 15:14:30',0,'2022-10-29 15:14:30',b'0'),
	('mldnfind1667027796835','Rick',0,'2022-10-29 15:16:37',0,'2022-10-29 15:16:37',b'0'),
	('mldnfind1667029043006','Rick',0,'2022-10-29 15:37:23',0,'2022-10-29 15:37:23',b'0'),
	('mldnfind1667029095180','Rick',0,'2022-10-29 15:38:15',0,'2022-10-29 15:38:15',b'0'),
	('mldnfind1667030330321','Rick',0,'2022-10-29 15:58:50',0,'2022-10-29 15:58:50',b'0'),
	('mldnfind1667044233650','Rick',0,'2022-10-29 19:50:34',0,'2022-10-29 19:50:34',b'0'),
	('mldnfind1667044330859','Rick',0,'2022-10-29 19:52:11',0,'2022-10-29 19:52:11',b'0'),
	('mldnfind1667049901847','Rick',0,'2022-10-29 21:25:02',0,'2022-10-29 21:25:02',b'0'),
	('mldnfind1667051806947','Rick',0,'2022-10-29 21:56:47',0,'2022-10-29 21:56:47',b'0'),
	('mldnfind1667051846714','Rick',0,'2022-10-29 21:57:27',0,'2022-10-29 21:57:27',b'0'),
	('mldnfind1667061502585','Rick',0,'2022-10-30 00:38:23',0,'2022-10-30 00:38:23',b'0'),
	('mldnfind1667394097308','Rick',0,'2022-11-02 21:01:37',0,'2022-11-02 21:01:37',b'0'),
	('mldnfind1667395439932','Rick',0,'2022-11-02 21:24:00',0,'2022-11-02 21:24:00',b'0'),
	('mldnfind1667395533471','Rick',0,'2022-11-02 21:25:33',0,'2022-11-02 21:25:33',b'0'),
	('mldnfind1667397023362','Rick',0,'2022-11-02 21:50:23',0,'2022-11-02 21:50:23',b'0'),
	('mldnfind1667538241453','Rick',0,'2022-11-04 13:04:01',0,'2022-11-04 13:04:01',b'0'),
	('mldnfind1668044014530','Rick',0,'2022-11-10 09:33:35',0,'2022-11-10 09:33:35',b'0'),
	('mldnfind1668068436614','Rick',0,'2022-11-10 16:20:37',0,'2022-11-10 16:20:37',b'0'),
	('mldnfind1669032248703','Rick',0,'2022-11-21 20:04:09',0,'2022-11-21 20:04:09',b'0'),
	('mldnfind1669278481750','Rick',0,'2022-11-24 16:28:02',0,'2022-11-24 16:28:02',b'0'),
	('mldnfind1669360156844','Rick',0,'2022-11-25 15:09:17',0,'2022-11-25 15:09:17',b'0'),
	('mldnfind1669360569811','Rick',0,'2022-11-25 15:16:10',0,'2022-11-25 15:16:10',b'0'),
	('mldnfind1669367748584','Rick',0,'2022-11-25 17:15:49',0,'2022-11-25 17:15:49',b'0'),
	('mldnfind1669372695595','Rick',0,'2022-11-25 18:38:16',0,'2022-11-25 18:38:16',b'0'),
	('mldnfind1669372938546','Rick',0,'2022-11-25 18:42:19',0,'2022-11-25 18:42:19',b'0'),
	('mldnfind1669373345004','Rick',0,'2022-11-25 18:49:05',0,'2022-11-25 18:49:05',b'0'),
	('mldnfind1676905430017','Rick',0,'2023-02-20 23:03:50',0,'2023-02-20 23:03:50',b'0'),
	('mldnfind1677078257391','Rick',0,'2023-02-22 23:04:17',0,'2023-02-22 23:04:17',b'0'),
	('mldnfind1677162663619','Rick',0,'2023-02-23 22:31:04',0,'2023-02-23 22:31:04',b'0'),
	('mldnfind1677206197974','Rick',0,'2023-02-24 10:36:38',0,'2023-02-24 10:36:38',b'0'),
	('mldnfind1677244311152','Rick',0,'2023-02-24 21:11:51',0,'2023-02-24 21:11:51',b'0'),
	('mldnfind1677856166699','Rick',0,'2023-03-03 23:09:27',0,'2023-03-03 23:09:27',b'0'),
	('mldnfind1678087849666','Rick',0,'2023-03-06 15:30:50',0,'2023-03-06 15:30:50',b'0'),
	('mldnfind1678093341885','Rick',0,'2023-03-06 17:02:22',0,'2023-03-06 17:02:22',b'0'),
	('mldnfind1678095325368','Rick',0,'2023-03-06 17:35:25',0,'2023-03-06 17:35:25',b'0'),
	('mldnfind1678096112009','Rick',0,'2023-03-06 17:48:32',0,'2023-03-06 17:48:32',b'0'),
	('mldnfind1678096337449','Rick',0,'2023-03-06 17:52:17',0,'2023-03-06 17:52:17',b'0'),
	('mldnfind1678096383938','Rick',0,'2023-03-06 17:53:04',0,'2023-03-06 17:53:04',b'0'),
	('mldnfind1678114629940','Rick',0,'2023-03-06 22:57:10',0,'2023-03-06 22:57:10',b'0'),
	('mldnfind1678286409763','Rick',0,'2023-03-08 22:40:10',0,'2023-03-08 22:40:10',b'0'),
	('mldnfind1678286530560','Rick',0,'2023-03-08 22:42:11',0,'2023-03-08 22:42:11',b'0'),
	('mldnfind1678357036614','Rick',0,'2023-03-09 18:17:17',0,'2023-03-09 18:17:17',b'0'),
	('mldnfind1678358593325','Rick',0,'2023-03-09 18:43:13',0,'2023-03-09 18:43:13',b'0'),
	('mldnfind1678360184256','Rick',0,'2023-03-09 19:09:44',0,'2023-03-09 19:09:44',b'0'),
	('mldnfind1678362393897','Rick',0,'2023-03-09 19:46:34',0,'2023-03-09 19:46:34',b'0'),
	('mldnfind1678362718509','Rick',0,'2023-03-09 19:51:59',0,'2023-03-09 19:51:59',b'0'),
	('mldnfind1678370560090','Rick',0,'2023-03-09 22:02:40',0,'2023-03-09 22:02:40',b'0'),
	('mldnfind1678371118066','Rick',0,'2023-03-09 22:11:58',0,'2023-03-09 22:11:58',b'0'),
	('mldnfind1678374319122','Rick',0,'2023-03-09 23:05:19',0,'2023-03-09 23:05:19',b'0'),
	('mldnfind1678374894212','Rick',0,'2023-03-09 23:14:54',0,'2023-03-09 23:14:54',b'0'),
	('mldnfind1678375134821','Rick',0,'2023-03-09 23:18:55',0,'2023-03-09 23:18:55',b'0'),
	('mldnfind1678375478722','Rick',0,'2023-03-09 23:24:39',0,'2023-03-09 23:24:39',b'0'),
	('mldnfind1678375706620','Rick',0,'2023-03-09 23:28:27',0,'2023-03-09 23:28:27',b'0'),
	('mldnfind1678376000987','Rick',0,'2023-03-09 23:33:21',0,'2023-03-09 23:33:21',b'0'),
	('mldnfind1678376883417','Rick',0,'2023-03-09 23:48:03',0,'2023-03-09 23:48:03',b'0'),
	('mldnfind1678377213387','Rick',0,'2023-03-09 23:53:33',0,'2023-03-09 23:53:33',b'0'),
	('mldnfind1678377554612','Rick',0,'2023-03-09 23:59:15',0,'2023-03-09 23:59:15',b'0'),
	('mldnfind1678378147922','Rick',0,'2023-03-10 00:09:08',0,'2023-03-10 00:09:08',b'0'),
	('mldnfind1678380820339','Rick',0,'2023-03-10 00:53:40',0,'2023-03-10 00:53:40',b'0'),
	('mldnfind1678380984733','Rick',0,'2023-03-10 00:56:25',0,'2023-03-10 00:56:25',b'0'),
	('mldnfind1678382183652','Rick',0,'2023-03-10 01:16:24',0,'2023-03-10 01:16:24',b'0'),
	('mldnfind1678409912288','Rick',0,'2023-03-10 08:58:32',0,'2023-03-10 08:58:32',b'0'),
	('mldnfind1678410213849','Rick',0,'2023-03-10 09:03:34',0,'2023-03-10 09:03:34',b'0'),
	('mldnfind1678415740540','Rick',0,'2023-03-10 10:35:41',0,'2023-03-10 10:35:41',b'0'),
	('mldnfind1678416101326','Rick',0,'2023-03-10 10:41:41',0,'2023-03-10 10:41:41',b'0'),
	('mldnfind1678416232081','Rick',0,'2023-03-10 10:43:52',0,'2023-03-10 10:43:52',b'0'),
	('mldnfind1678416262690','Rick',0,'2023-03-10 10:44:23',0,'2023-03-10 10:44:23',b'0'),
	('mldnfind1678416308061','Rick',0,'2023-03-10 10:45:08',0,'2023-03-10 10:45:08',b'0'),
	('mldnfind1678416342778','Rick',0,'2023-03-10 10:45:43',0,'2023-03-10 10:45:43',b'0'),
	('mldnfind1678416608023','Rick',0,'2023-03-10 10:50:08',0,'2023-03-10 10:50:08',b'0'),
	('mldnfind1678416689974','Rick',0,'2023-03-10 10:51:30',0,'2023-03-10 10:51:30',b'0'),
	('mldnfind1678416772417','Rick',0,'2023-03-10 10:52:52',0,'2023-03-10 10:52:52',b'0'),
	('mldnfind1678417024593','Rick',0,'2023-03-10 10:57:05',0,'2023-03-10 10:57:05',b'0'),
	('mldnfind1678417596928','Rick',0,'2023-03-10 11:06:37',0,'2023-03-10 11:06:37',b'0'),
	('mldnfind1678420679748','Rick',0,'2023-03-10 11:58:00',0,'2023-03-10 11:58:00',b'0'),
	('mldnfind1678420797433','Rick',0,'2023-03-10 11:59:57',0,'2023-03-10 11:59:57',b'0'),
	('mldnfind1678421485635','Rick',0,'2023-03-10 12:11:26',0,'2023-03-10 12:11:26',b'0'),
	('mldnfind1678422225584','Rick',0,'2023-03-10 12:23:46',0,'2023-03-10 12:23:46',b'0'),
	('mldnfind1678423008072','Rick',0,'2023-03-10 12:36:48',0,'2023-03-10 12:36:48',b'0'),
	('mldnfind1678423080937','Rick',0,'2023-03-10 12:38:01',0,'2023-03-10 12:38:01',b'0'),
	('mldnfind1678423293495','Rick',0,'2023-03-10 12:41:34',0,'2023-03-10 12:41:34',b'0'),
	('mldnfind1678426947961','Rick',0,'2023-03-10 13:42:28',0,'2023-03-10 13:42:28',b'0'),
	('mldnfind1678426993966','Rick',0,'2023-03-10 13:43:14',0,'2023-03-10 13:43:14',b'0'),
	('mldnfind1678427202821','Rick',0,'2023-03-10 13:46:43',0,'2023-03-10 13:46:43',b'0'),
	('mldnfind1678427895815','Rick',0,'2023-03-10 13:58:16',0,'2023-03-10 13:58:16',b'0'),
	('mldnfind1678430126082','Rick',0,'2023-03-10 14:35:26',0,'2023-03-10 14:35:26',b'0'),
	('mldnfind1678447510570','Rick',0,'2023-03-10 19:25:11',0,'2023-03-10 19:25:11',b'0'),
	('mldnfind1678448537430','Rick',0,'2023-03-10 19:42:17',0,'2023-03-10 19:42:17',b'0'),
	('mldnfind1678448893619','Rick',0,'2023-03-10 19:48:14',0,'2023-03-10 19:48:14',b'0'),
	('mldnfind1678449219989','Rick',0,'2023-03-10 19:53:40',0,'2023-03-10 19:53:40',b'0'),
	('mldnfind1678449794976','Rick',0,'2023-03-10 20:03:15',0,'2023-03-10 20:03:15',b'0'),
	('mldnfind1678450297168','Rick',0,'2023-03-10 20:11:37',0,'2023-03-10 20:11:37',b'0'),
	('mldnfind1678450773454','Rick',0,'2023-03-10 20:19:33',0,'2023-03-10 20:19:33',b'0'),
	('mldnfind1678453552350','Rick',0,'2023-03-10 21:05:52',0,'2023-03-10 21:05:52',b'0'),
	('mldnfind1678462262132','Rick',0,'2023-03-10 23:31:02',0,'2023-03-10 23:31:02',b'0'),
	('mldnfind1678463636112','Rick',0,'2023-03-10 23:53:56',0,'2023-03-10 23:53:56',b'0'),
	('mldnfind1678463899714','Rick',0,'2023-03-10 23:58:20',0,'2023-03-10 23:58:20',b'0'),
	('mldnfind1678535088037','Rick',0,'2023-03-11 19:44:48',0,'2023-03-11 19:44:48',b'0'),
	('mldnfind1678536256910','Rick',0,'2023-03-11 20:04:17',0,'2023-03-11 20:04:17',b'0'),
	('mldnfind1678679481309','Rick',0,'2023-03-13 11:51:21',0,'2023-03-13 11:51:21',b'0'),
	('mldnfind1678681047690','Rick',0,'2023-03-13 12:17:28',0,'2023-03-13 12:17:28',b'0'),
	('mldnfind1678692844703','Rick',0,'2023-03-13 15:34:05',0,'2023-03-13 15:34:05',b'0'),
	('mldnfind1678715521077','Rick',0,'2023-03-13 21:52:01',0,'2023-03-13 21:52:01',b'0'),
	('mldnfind1678718482534','Rick',0,'2023-03-13 22:41:23',0,'2023-03-13 22:41:23',b'0'),
	('mldnfind1678718761291','Rick',0,'2023-03-13 22:46:01',0,'2023-03-13 22:46:01',b'0'),
	('mldnfind1678720857356','Rick',0,'2023-03-13 23:20:57',0,'2023-03-13 23:20:57',b'0'),
	('mldnfind1678722219168','Rick',0,'2023-03-13 23:43:39',0,'2023-03-13 23:43:39',b'0'),
	('mldnfind1678722367391','Rick',0,'2023-03-13 23:46:07',0,'2023-03-13 23:46:07',b'0'),
	('mldnfind1678775552788','Rick',0,'2023-03-14 14:32:33',0,'2023-03-14 14:32:33',b'0'),
	('mldnfind1678776077029','Rick',0,'2023-03-14 14:41:17',0,'2023-03-14 14:41:17',b'0'),
	('mldnfind1678776273556','Rick',0,'2023-03-14 14:44:34',0,'2023-03-14 14:44:34',b'0'),
	('mldnfind1678776340051','Rick',0,'2023-03-14 14:45:40',0,'2023-03-14 14:45:40',b'0'),
	('mldnfind1678776368949','Rick',0,'2023-03-14 14:46:09',0,'2023-03-14 14:46:09',b'0'),
	('mldnfind1678776856703','Rick',0,'2023-03-14 14:54:17',0,'2023-03-14 14:54:17',b'0'),
	('mldnfind1678776958117','Rick',0,'2023-03-14 14:55:58',0,'2023-03-14 14:55:58',b'0'),
	('mldnfind1678777013686','Rick',0,'2023-03-14 14:56:54',0,'2023-03-14 14:56:54',b'0'),
	('mldnfind1678779622011','Rick',0,'2023-03-14 15:40:22',0,'2023-03-14 15:40:22',b'0'),
	('mldnfind1678785261729','Rick',0,'2023-03-14 17:14:22',0,'2023-03-14 17:14:22',b'0'),
	('mldnfind1678785386363','Rick',0,'2023-03-14 17:16:26',0,'2023-03-14 17:16:26',b'0'),
	('mldnfind1678792694591','Rick',0,'2023-03-14 19:18:15',0,'2023-03-14 19:18:15',b'0'),
	('mldnfind1678792816604','Rick',0,'2023-03-14 19:20:17',0,'2023-03-14 19:20:17',b'0'),
	('mldnfind1678792965727','Rick',0,'2023-03-14 19:22:46',0,'2023-03-14 19:22:46',b'0'),
	('mldnfind1678792994570','Rick',0,'2023-03-14 19:23:15',0,'2023-03-14 19:23:15',b'0'),
	('mldnfind1678793028056','Rick',0,'2023-03-14 19:23:48',0,'2023-03-14 19:23:48',b'0'),
	('mldnfind1678812550701','Rick',0,'2023-03-15 00:49:11',0,'2023-03-15 00:49:11',b'0'),
	('mldnfind1678820359562','Rick',0,'2023-03-15 02:59:20',0,'2023-03-15 02:59:20',b'0'),
	('mldnfind1678871032157','Rick',0,'2023-03-15 17:03:52',0,'2023-03-15 17:03:52',b'0'),
	('mldnfind1678878771988','Rick',0,'2023-03-15 19:12:52',0,'2023-03-15 19:12:52',b'0'),
	('mldnfind1678879762761','Rick',0,'2023-03-15 19:29:23',0,'2023-03-15 19:29:23',b'0'),
	('mldnfind1678929079813','Rick',0,'2023-03-16 09:11:20',0,'2023-03-16 09:11:20',b'0'),
	('mldnfind1678933082198','Rick',0,'2023-03-16 10:18:02',0,'2023-03-16 10:18:02',b'0'),
	('mldnfind1678937347705','Rick',0,'2023-03-16 11:29:08',0,'2023-03-16 11:29:08',b'0'),
	('mldnfind1678943330197','Rick',0,'2023-03-16 13:08:50',0,'2023-03-16 13:08:50',b'0'),
	('mldnfind1678943505456','Rick',0,'2023-03-16 13:11:45',0,'2023-03-16 13:11:45',b'0'),
	('mldnfind1678943587065','Rick',0,'2023-03-16 13:13:07',0,'2023-03-16 13:13:07',b'0'),
	('mldnfind1678945243975','Rick',0,'2023-03-16 13:40:44',0,'2023-03-16 13:40:44',b'0'),
	('mldnfind1678948668100','Rick',0,'2023-03-16 14:37:48',0,'2023-03-16 14:37:48',b'0'),
	('mldnfind1679597789943','Rick',0,'2023-03-24 02:56:30',0,'2023-03-24 02:56:30',b'0'),
	('mldnfind1679623420291','Rick',0,'2023-03-24 10:03:40',0,'2023-03-24 10:03:40',b'0'),
	('mldnfind1679624249298','Rick',0,'2023-03-24 10:17:29',0,'2023-03-24 10:17:29',b'0'),
	('mldnfind1679624330430','Rick',0,'2023-03-24 10:18:50',0,'2023-03-24 10:18:50',b'0'),
	('mldnfind1679624361767','Rick',0,'2023-03-24 10:19:22',0,'2023-03-24 10:19:22',b'0'),
	('mldnfind1679624441779','Rick',0,'2023-03-24 10:20:42',0,'2023-03-24 10:20:42',b'0'),
	('mldnfind1679624668207','Rick',0,'2023-03-24 10:24:28',0,'2023-03-24 10:24:28',b'0'),
	('mldnfind1679626686444','Rick',0,'2023-03-24 10:58:06',0,'2023-03-24 10:58:06',b'0'),
	('mldnfind1679627434838','Rick',0,'2023-03-24 11:10:35',0,'2023-03-24 11:10:35',b'0'),
	('mldnfind1679627524244','Rick',0,'2023-03-24 11:12:04',0,'2023-03-24 11:12:04',b'0'),
	('mldnfind1679629167791','Rick',0,'2023-03-24 11:39:28',0,'2023-03-24 11:39:28',b'0'),
	('mldnfind1679756397104','Rick',0,'2023-03-25 22:59:57',0,'2023-03-25 22:59:57',b'0'),
	('mldnfind1679846104622','Rick',0,'2023-03-26 23:55:05',0,'2023-03-26 23:55:05',b'0'),
	('mldnfind1679849797717','Rick',0,'2023-03-27 00:56:38',0,'2023-03-27 00:56:38',b'0'),
	('mldnfind1679896326315','Rick',0,'2023-03-27 13:52:06',0,'2023-03-27 13:52:06',b'0'),
	('mldnfind1679996938493','Rick',0,'2023-03-28 17:48:59',0,'2023-03-28 17:48:59',b'0'),
	('mldnfind1680008851850','Rick',0,'2023-03-28 21:07:32',0,'2023-03-28 21:07:32',b'0'),
	('mldnfind1682322575030','Rick',0,'2023-04-24 15:49:35',0,'2023-04-24 15:49:35',b'0'),
	('mldnfind1682334317462','Rick',0,'2023-04-24 19:05:17',0,'2023-04-24 19:05:17',b'0'),
	('mldnfind1682430760868','Rick',0,'2023-04-25 21:52:41',0,'2023-04-25 21:52:41',b'0'),
	('mldnfind1683879558304','Rick',0,'2023-05-12 16:19:18',0,'2023-05-12 16:19:18',b'0'),
	('mldnfind1683879739179','Rick',0,'2023-05-12 16:22:19',0,'2023-05-12 16:22:19',b'0'),
	('mldnfind1683880272644','Rick',0,'2023-05-12 16:31:13',0,'2023-05-12 16:31:13',b'0'),
	('mldnfind1683882435800','Rick',0,'2023-05-12 17:07:16',0,'2023-05-12 17:07:16',b'0'),
	('mldnfind1684001054732','Rick',0,'2023-05-14 02:04:15',0,'2023-05-14 02:04:15',b'0'),
	('mldnfind1684001752970','Rick',0,'2023-05-14 02:15:53',0,'2023-05-14 02:15:53',b'0'),
	('mldnfind1684003654298','Rick',NULL,'2023-05-14 02:47:34',NULL,'2023-05-14 02:47:34',b'0'),
	('mldnfind1684003743332','Rick',NULL,'2023-05-14 02:49:03',NULL,'2023-05-14 02:49:03',b'0'),
	('mldnfind1684003929631','Rick',0,'2023-05-14 02:52:10',0,'2023-05-14 02:52:10',b'0'),
	('mldnfind1684005406283','Rick',0,'2023-05-14 03:16:46',0,'2023-05-14 03:16:46',b'0'),
	('mldnfind1684141836069','Rick',0,'2023-05-15 17:10:36',0,'2023-05-15 17:10:36',b'0'),
	('mldnfind1684144520781','Rick',0,'2023-05-15 17:55:21',0,'2023-05-15 17:55:21',b'0'),
	('mldnfind1684149938923','Rick',0,'2023-05-15 19:25:39',0,'2023-05-15 19:25:39',b'0'),
	('mldnfind1684151002275','Rick',0,'2023-05-15 19:43:22',0,'2023-05-15 19:43:22',b'0'),
	('mldnfind1684163558240','Rick',0,'2023-05-15 23:12:38',0,'2023-05-15 23:12:38',b'0'),
	('mldnfind1685529173627','Rick',0,'2023-05-31 18:32:54',0,'2023-05-31 18:32:54',b'0'),
	('mldnfind1685546388639','Rick',0,'2023-05-31 23:19:49',0,'2023-05-31 23:19:49',b'0'),
	('mldnfind1685546621928','Rick',0,'2023-05-31 23:23:42',0,'2023-05-31 23:23:42',b'0'),
	('mldnfind1685546662619','Rick',0,'2023-05-31 23:24:23',0,'2023-05-31 23:24:23',b'0'),
	('mldnfind1685546791208','Rick',0,'2023-05-31 23:26:31',0,'2023-05-31 23:26:31',b'0'),
	('mldnfind1685546867641','Rick',0,'2023-05-31 23:27:48',0,'2023-05-31 23:27:48',b'0'),
	('mldnfind1685546924594','Rick',0,'2023-05-31 23:28:45',0,'2023-05-31 23:28:45',b'0'),
	('mldnfind1685547049653','Rick',0,'2023-05-31 23:30:50',0,'2023-05-31 23:30:50',b'0'),
	('mldnfind1685630077613','Rick',0,'2023-06-01 22:34:38',0,'2023-06-01 22:34:38',b'0'),
	('mldnfind1685698617434','Rick',0,'2023-06-02 17:36:57',0,'2023-06-02 17:36:57',b'0'),
	('mldnfind1686418596809','Rick',0,'2023-06-11 01:36:37',0,'2023-06-11 01:36:37',b'0'),
	('mldnfind1686418790485','Rick',0,'2023-06-11 01:39:50',0,'2023-06-11 01:39:50',b'0'),
	('mldnfind1686418844581','Rick',0,'2023-06-11 01:40:45',0,'2023-06-11 01:40:45',b'0'),
	('mldnfind1686418933009','Rick',0,'2023-06-11 01:42:13',0,'2023-06-11 01:42:13',b'0'),
	('mldnfind1686624036552','Rick',0,'2023-06-13 10:40:37',0,'2023-06-13 10:40:37',b'0'),
	('mldnfind1687942316877','Rick',0,'2023-06-28 16:51:57',0,'2023-06-28 16:51:57',b'0'),
	('mldnfind1688106540772','Rick',0,'2023-06-30 14:29:01',0,'2023-06-30 14:29:01',b'0'),
	('mldnfind1688106794757','Rick',0,'2023-06-30 14:33:15',0,'2023-06-30 14:33:15',b'0'),
	('mldnfind1688110517536','Rick',0,'2023-06-30 15:35:18',0,'2023-06-30 15:35:18',b'0'),
	('mldnfind1688117756500','Rick',0,'2023-06-30 17:35:57',0,'2023-06-30 17:35:57',b'0'),
	('mldnfind1688159602124','Rick',0,'2023-07-01 05:13:22',0,'2023-07-01 05:13:22',b'0'),
	('mldnfind1688196139776','Rick',0,'2023-07-01 15:22:20',0,'2023-07-01 15:22:20',b'0'),
	('mldnfind1688196587802','Rick',0,'2023-07-01 15:29:48',0,'2023-07-01 15:29:48',b'0'),
	('mldnfind1688373445872','Rick',0,'2023-07-03 16:37:26',0,'2023-07-03 16:37:26',b'0'),
	('mldnfind1688373640261','Rick',0,'2023-07-03 16:40:40',0,'2023-07-03 16:40:40',b'0'),
	('mldnfind1688373726642','Rick',0,'2023-07-03 16:42:07',0,'2023-07-03 16:42:07',b'0'),
	('mldnfind1688393024650','Rick',0,'2023-07-03 22:03:45',0,'2023-07-03 22:03:45',b'0'),
	('mldnfind1688393076076','Rick',0,'2023-07-03 22:04:36',0,'2023-07-03 22:04:36',b'0'),
	('mldnfind1688393109419','Rick',0,'2023-07-03 22:05:09',0,'2023-07-03 22:05:09',b'0'),
	('mldnfind1688442481909','Rick',0,'2023-07-04 11:48:02',0,'2023-07-04 11:48:02',b'0'),
	('mldnfind1688544912882','Rick',0,'2023-07-05 16:15:13',0,'2023-07-05 16:15:13',b'0'),
	('mldnfind1688545133949','Rick',0,'2023-07-05 16:18:54',0,'2023-07-05 16:18:54',b'0'),
	('mldnfind1688561483778','Rick',0,'2023-07-05 20:51:24',0,'2023-07-05 20:51:24',b'0'),
	('mldnfind1688738572253','Rick',0,'2023-07-07 22:02:52',0,'2023-07-07 22:02:52',b'0'),
	('mldnfind1688738847189','Rick',0,'2023-07-07 22:07:27',0,'2023-07-07 22:07:27',b'0'),
	('mldnfind1688751460494','Rick',0,'2023-07-08 01:37:41',0,'2023-07-08 01:37:41',b'0'),
	('mldnfind1688751799674','Rick',0,'2023-07-08 01:43:20',0,'2023-07-08 01:43:20',b'0'),
	('mldnfind1688751872941','Rick',0,'2023-07-08 01:44:33',0,'2023-07-08 01:44:33',b'0'),
	('mldnfind1689154048104','Rick',0,'2023-07-12 17:27:28',0,'2023-07-12 17:27:28',b'0'),
	('mldnfind1689326378145','Rick',0,'2023-07-14 17:19:38',0,'2023-07-14 17:19:38',b'0'),
	('mldnfind1689327187035','Rick',0,'2023-07-14 17:33:07',0,'2023-07-14 17:33:07',b'0'),
	('mldnfind1689615924281','Rick',0,'2023-07-18 01:45:24',0,'2023-07-18 01:45:24',b'0'),
	('mldnfind1690305069771','Rick',0,'2023-07-26 01:11:10',0,'2023-07-26 01:11:10',b'0'),
	('mldnfind1690466825369','Rick',0,'2023-07-27 22:07:05',0,'2023-07-27 22:07:05',b'0'),
	('mldnfind1690473906780','Rick',0,'2023-07-28 00:05:07',0,'2023-07-28 00:05:07',b'0'),
	('mldnfind1690477002391','Rick',0,'2023-07-28 00:56:42',0,'2023-07-28 00:56:42',b'0'),
	('mldnfind1690477912797','Rick',0,'2023-07-28 01:11:53',0,'2023-07-28 01:11:53',b'0'),
	('mldnfind1690478845708','Rick',0,'2023-07-28 01:27:26',0,'2023-07-28 01:27:26',b'0'),
	('mldnfind1690480342114','Rick',0,'2023-07-28 01:52:22',0,'2023-07-28 01:52:22',b'0'),
	('mldnfind1690483298368','Rick',0,'2023-07-28 02:41:38',0,'2023-07-28 02:41:38',b'0'),
	('mldnfind1690636539493','Rick',0,'2023-07-29 21:15:40',0,'2023-07-29 21:15:40',b'0'),
	('mldnfind1690867445161','Rick',0,'2023-08-01 13:24:05',0,'2023-08-01 13:24:05',b'0'),
	('mldnfind1690867875151','Rick',0,'2023-08-01 13:31:15',0,'2023-08-01 13:31:15',b'0'),
	('mldnfind1691081005658','Rick',0,'2023-08-04 00:43:26',0,'2023-08-04 00:43:26',b'0'),
	('mldnfind1691081130868','Rick',0,'2023-08-04 00:45:31',0,'2023-08-04 00:45:31',b'0'),
	('mldnfind1691734783931','Rick',0,'2023-08-11 14:19:44',0,'2023-08-11 14:19:44',b'0'),
	('mldnfind1692184586521','Rick',0,'2023-08-16 19:16:27',0,'2023-08-16 19:16:27',b'0'),
	('mldnfind1693579643204','Rick',0,'2023-09-01 22:47:23',0,'2023-09-01 22:47:23',b'0'),
	('mldnfind1693681295115','Rick',0,'2023-09-03 03:01:35',0,'2023-09-03 03:01:35',b'0'),
	('mldnfind1695315536469','Rick',0,'2023-09-22 00:58:56',0,'2023-09-22 00:58:56',b'0'),
	('mldnfind1695315857356','Rick',0,'2023-09-22 01:04:17',0,'2023-09-22 01:04:17',b'0'),
	('mldnfind1695316053045','Rick',0,'2023-09-22 01:07:33',0,'2023-09-22 01:07:33',b'0'),
	('mldnfind1695316601836','Rick',0,'2023-09-22 01:16:42',0,'2023-09-22 01:16:42',b'0'),
	('mldnfind1695316681880','Rick',0,'2023-09-22 01:18:02',0,'2023-09-22 01:18:02',b'0'),
	('mldnfind1706816468952','Rick',0,'2024-02-02 03:41:09',0,'2024-02-02 03:41:09',b'0'),
	('mldnfind1706816824200','Rick',0,'2024-02-02 03:47:04',0,'2024-02-02 03:47:04',b'0'),
	('ssq1','Rick',0,'2022-06-15 01:26:50',0,'2022-06-15 01:26:50',b'0');

/*!40000 ALTER TABLE `t_material` ENABLE KEYS */;
UNLOCK TABLES;


# Dump of table t_message
# ------------------------------------------------------------

CREATE TABLE `t_message` (
  `id` bigint NOT NULL COMMENT '主键',
  `text` varchar(32) DEFAULT NULL,
  `created_at` datetime DEFAULT NULL,
  PRIMARY KEY (`id`)
) ENGINE=InnoDB DEFAULT CHARSET=utf8mb4 COLLATE=utf8mb4_0900_ai_ci COMMENT='消息';

LOCK TABLES `t_message` WRITE;
/*!40000 ALTER TABLE `t_message` DISABLE KEYS */;

INSERT INTO `t_message` (`id`, `text`, `created_at`)
VALUES
	(617517976672985088,'hello world','2022-10-28 22:48:56'),
	(617518150648520704,'hello world','2022-10-28 22:49:38'),
	(617518825700777984,'hello world','2022-10-28 22:52:19'),
	(617533958095298560,'hello world','2022-10-28 23:52:27'),
	(617539204876001280,'hello world','2022-10-29 00:13:18'),
	(617539933879590912,'hello world','2022-10-29 00:16:11'),
	(617550660598161408,'hello world','2022-10-29 00:58:49'),
	(617551226787258368,'hello world','2022-10-29 01:01:04'),
	(617551441665646592,'hello world','2022-10-29 01:01:55'),
	(617551671362510848,'hello world','2022-10-29 01:02:50'),
	(617553075196059648,'hello world','2022-10-29 01:08:25'),
	(617759053296361472,'hello world','2022-10-29 14:46:54'),
	(617759595233992704,'hello world','2022-10-29 14:49:03'),
	(617760149150556160,'hello world','2022-10-29 14:51:15'),
	(617760632879636480,'hello world','2022-10-29 14:53:10'),
	(617766044102221824,'hello world','2022-10-29 15:14:40'),
	(617766569099059200,'hello world','2022-10-29 15:16:45'),
	(617771795591913472,'hello world','2022-10-29 15:37:32'),
	(617772014119346176,'hello world','2022-10-29 15:38:24'),
	(617777196853026816,'hello world','2022-10-29 15:58:59'),
	(617835507614932992,'hello world','2022-10-29 19:50:42'),
	(617835916840591360,'hello world','2022-10-29 19:52:19'),
	(617859282754527232,'hello world','2022-10-29 21:25:10'),
	(617867275772551168,'hello world','2022-10-29 21:56:56'),
	(617867440914882560,'hello world','2022-10-29 21:57:35'),
	(617907939788906496,'hello world','2022-10-30 00:38:31'),
	(619302935238729728,'hello world','2022-11-02 21:01:44'),
	(619308574824390656,'hello world','2022-11-02 21:24:08'),
	(619308969873301504,'hello world','2022-11-02 21:25:42'),
	(619315214290182144,'hello world','2022-11-02 21:50:31'),
	(619907526250471424,'hello world','2022-11-04 13:04:09'),
	(622028890742906880,'hello world','2022-11-10 09:33:42'),
	(622131323775148032,'hello world','2022-11-10 16:20:44'),
	(626173839226728448,'hello world','2022-11-21 20:04:15'),
	(627206617376509952,'hello world','2022-11-24 16:28:08'),
	(627549192906100736,'hello world','2022-11-25 15:09:25'),
	(627550922788065280,'hello world','2022-11-25 15:16:17'),
	(627581036766711808,'hello world','2022-11-25 17:15:57'),
	(627601790690414592,'hello world','2022-11-25 18:38:25'),
	(627602813530165248,'hello world','2022-11-25 18:42:29'),
	(627604508465188864,'hello world','2022-11-25 18:49:13'),
	(659196338260439040,'hello world','2023-02-20 23:03:52'),
	(659921234166837248,'hello world','2023-02-22 23:04:21'),
	(660275259039039488,'hello world','2023-02-23 22:31:07'),
	(660457855706480640,'hello world','2023-02-24 10:36:41'),
	(660617733737562112,'hello world','2023-02-24 21:11:59'),
	(663184018941947904,'hello world','2023-03-03 23:09:29'),
	(664155772866801664,'hello world','2023-03-06 15:30:53'),
	(664178807657213952,'hello world','2023-03-06 17:02:25'),
	(664187123913469952,'hello world','2023-03-06 17:35:28'),
	(664190425627635712,'hello world','2023-03-06 17:48:35'),
	(664191372399489024,'hello world','2023-03-06 17:52:21'),
	(664191588389367808,'hello world','2023-03-06 17:53:13'),
	(664268114141130752,'hello world','2023-03-06 22:57:18'),
	(664988614580568064,'hello world','2023-03-08 22:40:18'),
	(664989119356665856,'hello world','2023-03-08 22:42:19'),
	(665284823773900800,'hello world','2023-03-09 18:17:20'),
	(665291352933691392,'hello world','2023-03-09 18:43:17'),
	(665298025190551552,'hello world','2023-03-09 19:09:48'),
	(665307292714954752,'hello world','2023-03-09 19:46:37'),
	(665308650964807680,'hello world','2023-03-09 19:52:01'),
	(665341545267884032,'hello world','2023-03-09 22:02:44'),
	(665343885609824256,'hello world','2023-03-09 22:12:02'),
	(665357311665008640,'hello world','2023-03-09 23:05:23'),
	(665359723981205504,'hello world','2023-03-09 23:14:58'),
	(665360733608898560,'hello world','2023-03-09 23:18:59'),
	(665362176071987200,'hello world','2023-03-09 23:24:42'),
	(665363132096475136,'hello world','2023-03-09 23:28:30'),
	(665364359874113536,'hello world','2023-03-09 23:33:23'),
	(665368067047452672,'hello world','2023-03-09 23:48:07'),
	(665369450958057472,'hello world','2023-03-09 23:53:37'),
	(665370883438702592,'hello world','2023-03-09 23:59:18'),
	(665373370967158784,'hello world','2023-03-10 00:09:11'),
	(665384579720310784,'hello world','2023-03-10 00:53:44'),
	(665385293901230080,'hello world','2023-03-10 00:56:34'),
	(665390317431713792,'hello world','2023-03-10 01:16:32'),
	(665507892241133568,'hello world','2023-03-10 09:03:44'),
	(665531066475376640,'hello world','2023-03-10 10:35:49'),
	(665532568971538432,'hello world','2023-03-10 10:41:47'),
	(665533102080159744,'hello world','2023-03-10 10:43:54'),
	(665533253792329728,'hello world','2023-03-10 10:44:31'),
	(665533420213923840,'hello world','2023-03-10 10:45:10'),
	(665533600317337600,'hello world','2023-03-10 10:45:53'),
	(665534704631443456,'hello world','2023-03-10 10:50:16'),
	(665536517422215168,'hello world','2023-03-10 10:57:29'),
	(665538850327654400,'hello world','2023-03-10 11:06:45'),
	(665551802585870336,'hello world','2023-03-10 11:58:13'),
	(665552274268909568,'hello world','2023-03-10 12:00:05'),
	(665555163070623744,'hello world','2023-03-10 12:11:34'),
	(665558267384066048,'hello world','2023-03-10 12:23:54'),
	(665561547979911168,'hello world','2023-03-10 12:36:56'),
	(665561854277349376,'hello world','2023-03-10 12:38:09'),
	(665562745801830400,'hello world','2023-03-10 12:41:42'),
	(665578069930569728,'hello world','2023-03-10 13:42:36'),
	(665578265095729152,'hello world','2023-03-10 13:43:22'),
	(665579153948438528,'hello world','2023-03-10 13:46:54'),
	(665582047615545344,'hello world','2023-03-10 13:58:24'),
	(665591403606208512,'hello world','2023-03-10 14:35:35'),
	(665664314404794368,'hello world','2023-03-10 19:25:18'),
	(665668622319906816,'hello world','2023-03-10 19:42:25'),
	(665670117736083456,'hello world','2023-03-10 19:48:21'),
	(665671485980962816,'hello world','2023-03-10 19:53:48'),
	(665678004654993408,'hello world','2023-03-10 20:19:42'),
	(665689661640830976,'hello world','2023-03-10 21:06:01'),
	(665726191600168960,'hello world','2023-03-10 23:31:10'),
	(665731947510657024,'hello world','2023-03-10 23:54:03'),
	(665733076487270400,'hello world','2023-03-10 23:58:32'),
	(666031622587445248,'hello world','2023-03-11 19:44:51'),
	(666036521589043200,'hello world','2023-03-11 20:04:19'),
	(666637269481852928,'hello world','2023-03-13 11:51:28'),
	(666643841423544320,'hello world','2023-03-13 12:17:35'),
	(666693325822136320,'hello world','2023-03-13 15:34:13'),
	(666788438514634752,'hello world','2023-03-13 21:52:10'),
	(666800857236410368,'hello world','2023-03-13 22:41:31'),
	(666802026688057344,'hello world','2023-03-13 22:46:10'),
	(666810812949630976,'hello world','2023-03-13 23:21:04'),
	(666816529941172224,'hello world','2023-03-13 23:43:47'),
	(666817151155343360,'hello world','2023-03-13 23:46:16'),
	(667040232184508416,'hello world','2023-03-14 14:32:42'),
	(667042425990049792,'hello world','2023-03-14 14:41:25'),
	(667043227500572672,'hello world','2023-03-14 14:44:36'),
	(667043507650719744,'hello world','2023-03-14 14:45:43'),
	(667043628010467328,'hello world','2023-03-14 14:46:12'),
	(667045674201673728,'hello world','2023-03-14 14:54:20'),
	(667046100103884800,'hello world','2023-03-14 14:56:01'),
	(667046332921311232,'hello world','2023-03-14 14:56:57'),
	(667057295770808320,'hello world','2023-03-14 15:40:30'),
	(667080927922384896,'hello world','2023-03-14 17:14:25'),
	(667081450582994944,'hello world','2023-03-14 17:16:29'),
	(667112126787121152,'hello world','2023-03-14 19:18:23'),
	(667112637456216064,'hello world','2023-03-14 19:20:25'),
	(667113239749881856,'hello world','2023-03-14 19:22:49'),
	(667113384981852160,'hello world','2023-03-14 19:23:23'),
	(667113524446654464,'hello world','2023-03-14 19:23:56'),
	(667195410208550912,'hello world','2023-03-15 00:49:19'),
	(667228165764050944,'hello world','2023-03-15 02:59:29'),
	(667440691810430976,'hello world','2023-03-15 17:03:59'),
	(667473162866290688,'hello world','2023-03-15 19:13:01'),
	(667477319966814208,'hello world','2023-03-15 19:29:32'),
	(667684166392938496,'hello world','2023-03-16 09:11:28'),
	(667700958473551872,'hello world','2023-03-16 10:18:12'),
	(667718855077986304,'hello world','2023-03-16 11:29:18'),
	(667743947661049856,'hello world','2023-03-16 13:09:01'),
	(667744685070024704,'hello world','2023-03-16 13:11:57'),
	(667744992982269952,'hello world','2023-03-16 13:13:10'),
	(667751965920395264,'hello world','2023-03-16 13:40:53'),
	(667766327133405184,'hello world','2023-03-16 14:37:57'),
	(670488924203827200,'hello world','2023-03-24 02:56:34'),
	(670596410067959808,'hello world','2023-03-24 10:03:41'),
	(670599906691432448,'hello world','2023-03-24 10:17:35'),
	(670600245259845632,'hello world','2023-03-24 10:18:55'),
	(670600367968403456,'hello world','2023-03-24 10:19:25'),
	(670600711247020032,'hello world','2023-03-24 10:20:47'),
	(670601662141874176,'hello world','2023-03-24 10:24:33'),
	(670610129401462784,'hello world','2023-03-24 10:58:12'),
	(670613265428037632,'hello world','2023-03-24 11:10:40'),
	(670613640734359552,'hello world','2023-03-24 11:12:09'),
	(670620535398383616,'hello world','2023-03-24 11:39:33'),
	(671154174909530112,'hello world','2023-03-25 23:00:03'),
	(671530437838946304,'hello world','2023-03-26 23:55:11'),
	(671545924887035904,'hello world','2023-03-27 00:56:43'),
	(671741080290508800,'hello world','2023-03-27 13:52:12'),
	(672163077612945408,'hello world','2023-03-28 17:49:04'),
	(672213046281682944,'hello world','2023-03-28 21:07:37'),
	(681916767571832832,'hello world',NULL),
	(681917505408626688,'hello world',NULL),
	(681966755676975104,'hello world',NULL),
	(682371270167261184,'hello world',NULL),
	(688447967417364480,'hello world',NULL),
	(688448723709095936,'hello world',NULL),
	(688450962620182528,'hello world',NULL),
	(688460035465965568,'hello world',NULL),
	(688957558618066944,'hello world',NULL),
	(688960488037421056,'hello world',NULL),
	(688968463300956160,'hello world',NULL),
	(688968837512564736,'hello world',NULL),
	(688969616382234624,'hello world',NULL),
	(688975811587346432,'hello world',NULL),
	(689548041593556992,'hello world',NULL),
	(689559300581888000,'hello world',NULL),
	(689582028349247488,'hello world',NULL),
	(689586484956631040,'hello world',NULL),
	(689639150986489856,'hello world',NULL),
	(695366935310811136,'hello world',NULL),
	(695439139813769216,'hello world',NULL),
	(695440119687069696,'hello world',NULL),
	(695440308132954112,'hello world',NULL),
	(695440846966800384,'hello world',NULL),
	(695441167457763328,'hello world',NULL),
	(695441406612783104,'hello world',NULL),
	(695441932670779392,'hello world',NULL),
	(695790167209836544,'hello world',NULL),
	(696077654759051264,'hello world',NULL),
	(699097466141704192,'hello world',NULL),
	(699098276162469888,'hello world',NULL),
	(699098504965947392,'hello world',NULL),
	(699098875553677312,'hello world',NULL),
	(699959142772670464,'hello world',NULL),
	(705488411049353216,'hello world',NULL),
	(706177218459504640,'hello world',NULL),
	(706178281375830016,'hello world',NULL),
	(706193894798299136,'hello world',NULL),
	(706224260380659712,'hello world',NULL),
	(706399775003545600,'hello world',NULL),
	(706553023551279104,'hello world',NULL),
	(706554901785776128,'hello world',NULL),
	(707296700468858880,'hello world',NULL),
	(707297515120136192,'hello world',NULL),
	(707297874806870016,'hello world',NULL),
	(707378815529160704,'hello world',NULL),
	(707379032148185088,'hello world',NULL),
	(707379161957699584,'hello world',NULL),
	(707586256929853440,'hello world',NULL),
	(708015883401859072,'hello world',NULL),
	(708016809206386688,'hello world',NULL),
	(708085386060009472,'hello world',NULL),
	(708828148694781952,'hello world',NULL),
	(708829299725045760,'hello world',NULL),
	(708882206801555456,'hello world',NULL),
	(708883625642323968,'hello world',NULL),
	(708883933164498944,'hello world',NULL),
	(710570778403278848,'hello world',NULL),
	(711293584971665408,'hello world',NULL),
	(711296978629169152,'hello world',NULL),
	(712508029077032960,'hello world',NULL),
	(715398515022389248,'hello world',NULL),
	(716076967178297344,'hello world',NULL),
	(716106670878515200,'hello world',NULL),
	(716119654552068096,'hello world',NULL),
	(716123471637143552,'hello world',NULL),
	(716127384683700224,'hello world',NULL),
	(716133660754993152,'hello world',NULL),
	(716146060132638720,'hello world',NULL),
	(716788799199272960,'hello world',NULL),
	(717757289817182208,'hello world',NULL),
	(717759091555962880,'hello world',NULL),
	(718653027443036160,'hello world',NULL),
	(718653553408757760,'hello world',NULL),
	(721395173333929984,'hello world',NULL),
	(723281781033287680,'hello world',NULL),
	(729133071915294720,'hello world',NULL),
	(729559432593149952,'hello world',NULL),
	(736413938735923200,'hello world',NULL),
	(736415282569953280,'hello world',NULL),
	(736416099729424384,'hello world',NULL),
	(736418402888859648,'hello world',NULL),
	(736418739234291712,'hello world',NULL),
	(784652328404783104,'hello world',NULL),
	(784653819228196864,'hello world',NULL);

/*!40000 ALTER TABLE `t_message` ENABLE KEYS */;
UNLOCK TABLES;


# Dump of table t_message2
# ------------------------------------------------------------

CREATE TABLE `t_message2` (
  `seq` bigint NOT NULL COMMENT '主键',
  `text` varchar(32) DEFAULT NULL,
  PRIMARY KEY (`seq`)
) ENGINE=InnoDB DEFAULT CHARSET=utf8mb4 COLLATE=utf8mb4_0900_ai_ci COMMENT='消息2';

LOCK TABLES `t_message2` WRITE;
/*!40000 ALTER TABLE `t_message2` DISABLE KEYS */;

INSERT INTO `t_message2` (`seq`, `text`)
VALUES
	(617773294569054208,'hello world'),
	(617777197146628096,'hello world'),
	(617835507984031744,'hello world'),
	(617835917167747072,'hello world'),
	(617859283165569024,'hello world'),
	(617867276154232832,'hello world'),
	(617867441309147136,'hello world'),
	(617907940065730560,'hello world'),
	(619302935440056320,'hello world'),
	(619308575126380544,'hello world'),
	(619308970317897728,'hello world'),
	(619315214621532160,'hello world'),
	(619907526497935360,'hello world'),
	(622028891061673984,'hello world'),
	(622131324043583488,'hello world'),
	(626173839465803776,'hello world'),
	(627206617556865024,'hello world'),
	(627549193208090624,'hello world'),
	(627550923031334912,'hello world'),
	(627581037085478912,'hello world'),
	(627601790975627264,'hello world'),
	(627602813832155136,'hello world'),
	(627604508721041408,'hello world'),
	(659196338495320064,'hello world'),
	(659921234426884096,'hello world'),
	(660275259387166720,'hello world'),
	(660457855903612928,'hello world'),
	(660617734068912128,'hello world'),
	(663184019155857408,'hello world'),
	(664155773311397888,'hello world'),
	(664178807984369664,'hello world'),
	(664187124223848448,'hello world'),
	(664190425963180032,'hello world'),
	(664191372839890944,'hello world'),
	(664191588817186816,'hello world'),
	(664268114451509248,'hello world'),
	(664988614953861120,'hello world'),
	(664989119692210176,'hello world'),
	(665284824067502080,'hello world'),
	(665291353286012928,'hello world'),
	(665298025534484480,'hello world'),
	(665307293025333248,'hello world'),
	(665308651136774144,'hello world'),
	(665341545595039744,'hello world'),
	(665343885941174272,'hello world'),
	(665357312134770688,'hello world'),
	(665359724329332736,'hello world'),
	(665360734032523264,'hello world'),
	(665362176407531520,'hello world'),
	(665363132461379584,'hello world'),
	(665364360050274304,'hello world'),
	(665368067529797632,'hello world'),
	(665369451339739136,'hello world'),
	(665370883849744384,'hello world'),
	(665373371453698048,'hello world'),
	(665384580169101312,'hello world'),
	(665385294186442752,'hello world'),
	(665390317796618240,'hello world'),
	(665507892643786752,'hello world'),
	(665531066873835520,'hello world'),
	(665532569181253632,'hello world'),
	(665533102457647104,'hello world'),
	(665533254127874048,'hello world'),
	(665533420524302336,'hello world'),
	(665533600782905344,'hello world'),
	(665534705004736512,'hello world'),
	(665536517782925312,'hello world'),
	(665538850742890496,'hello world'),
	(665551802778808320,'hello world'),
	(665552274650591232,'hello world'),
	(665555163490054144,'hello world'),
	(665558267723804672,'hello world'),
	(665561548382564352,'hello world'),
	(665561854604505088,'hello world'),
	(665562746082848768,'hello world'),
	(665578070400331776,'hello world'),
	(665578265473216512,'hello world'),
	(665579154250428416,'hello world'),
	(665582047850426368,'hello world'),
	(665591403950141440,'hello world'),
	(665664314681618432,'hello world'),
	(665668622579953664,'hello world'),
	(665670118042267648,'hello world'),
	(665671486345867264,'hello world'),
	(665678004990537728,'hello world'),
	(665689661955403776,'hello world'),
	(665726192007016448,'hello world'),
	(665731948013973504,'hello world'),
	(665733076772483072,'hello world'),
	(666031622893629440,'hello world'),
	(666036522079776768,'hello world'),
	(666637269678985216,'hello world'),
	(666643841788448768,'hello world'),
	(666693326161874944,'hello world'),
	(666788438791458816,'hello world'),
	(666800857546788864,'hello world'),
	(666802027052961792,'hello world'),
	(666810813121597440,'hello world'),
	(666816530293493760,'hello world'),
	(666817151566385152,'hello world'),
	(667040232658464768,'hello world'),
	(667042426283651072,'hello world'),
	(667043227995500544,'hello world'),
	(667043508057567232,'hello world'),
	(667043628408926208,'hello world'),
	(667045674658852864,'hello world'),
	(667046100519120896,'hello world'),
	(667046333349130240,'hello world'),
	(667057296110546944,'hello world'),
	(667080928329232384,'hello world'),
	(667081451098894336,'hello world'),
	(667112127273660416,'hello world'),
	(667112637812731904,'hello world'),
	(667113240118980608,'hello world'),
	(667113385401282560,'hello world'),
	(667113524857696256,'hello world'),
	(667195410594426880,'hello world'),
	(667228166154121216,'hello world'),
	(667440692003368960,'hello world'),
	(667473163319275520,'hello world'),
	(667477320285581312,'hello world'),
	(667684166690734080,'hello world'),
	(667700958800707584,'hello world'),
	(667718855480639488,'hello world'),
	(667743948122423296,'hello world'),
	(667744685434929152,'hello world'),
	(667744993468809216,'hello world'),
	(667751966260133888,'hello world'),
	(667766327414423552,'hello world'),
	(670488924291907584,'hello world'),
	(670596410185400320,'hello world'),
	(670599906792095744,'hello world'),
	(670600245347926016,'hello world'),
	(670600368215867392,'hello world'),
	(670600711343489024,'hello world'),
	(670601662313840640,'hello world'),
	(670610129481154560,'hello world'),
	(670613265511923712,'hello world'),
	(670613640914714624,'hello world'),
	(670620535511629824,'hello world'),
	(671154175022776320,'hello world'),
	(671530437952192512,'hello world'),
	(671545925184831488,'hello world'),
	(671741080378589184,'hello world'),
	(672163077818466304,'hello world'),
	(672213046478815232,'hello world'),
	(681916767689273344,'hello world'),
	(681917505593176064,'hello world'),
	(681966755941216256,'hello world'),
	(682371270460862464,'hello world'),
	(688447967543193600,'hello world'),
	(688448724006891520,'hello world'),
	(688450962817314816,'hello world'),
	(688460035587600384,'hello world'),
	(688957558743896064,'hello world'),
	(688960488150667264,'hello world'),
	(688968463472922624,'hello world'),
	(688968837864886272,'hello world'),
	(688969616520646656,'hello world'),
	(688975811738341376,'hello world'),
	(689548041765523456,'hello world'),
	(689559300753854464,'hello world'),
	(689582028537991168,'hello world'),
	(689586485086654464,'hello world'),
	(689639151145873408,'hello world'),
	(695366935507943424,'hello world'),
	(695439139939598336,'hello world'),
	(695440119854841856,'hello world'),
	(695440308267171840,'hello world'),
	(695440847101018112,'hello world'),
	(695441167617146880,'hello world'),
	(695441406751195136,'hello world'),
	(695441932846940160,'hello world'),
	(695790167348248576,'hello world'),
	(696077654910046208,'hello world'),
	(699097466267533312,'hello world'),
	(699098276317659136,'hello world'),
	(699098505108553728,'hello world'),
	(699098875704672256,'hello world'),
	(699959142940442624,'hello world'),
	(705488411200348160,'hello world'),
	(706177218623082496,'hello world'),
	(706178281505853440,'hello world'),
	(706193894911545344,'hello world'),
	(706224260531654656,'hello world'),
	(706399775171317760,'hello world'),
	(706553023807131648,'hello world'),
	(706554901999685632,'hello world'),
	(707296700653408256,'hello world'),
	(707297515392765952,'hello world'),
	(707297874920116224,'hello world'),
	(707378815638212608,'hello world'),
	(707379032303374336,'hello world'),
	(707379162091917312,'hello world'),
	(707586257068265472,'hello world'),
	(708015883531882496,'hello world'),
	(708016809348993024,'hello world'),
	(708085386211004416,'hello world'),
	(708828148837388288,'hello world'),
	(708829300014452736,'hello world'),
	(708882206948356096,'hello world'),
	(708883625860427776,'hello world'),
	(708883933311299584,'hello world'),
	(710570778633965568,'hello world'),
	(711293585118466048,'hello world'),
	(711296978826301440,'hello world'),
	(712508029311913984,'hello world'),
	(715398515366322176,'hello world'),
	(716076967547396096,'hello world'),
	(716106671184699392,'hello world'),
	(716119654757588992,'hello world'),
	(716123471846858752,'hello world'),
	(716127384843083776,'hello world'),
	(716133660964708352,'hello world'),
	(716146060325576704,'hello world'),
	(716788799333490688,'hello world'),
	(717757289984954368,'hello world'),
	(717759091702763520,'hello world'),
	(718653027594031104,'hello world'),
	(718653553572335616,'hello world'),
	(721395173510090752,'hello world'),
	(723281781192671232,'hello world'),
	(729133072041123840,'hello world'),
	(729559432874168320,'hello world'),
	(736413939134382080,'hello world'),
	(736415282746114048,'hello world'),
	(736416099893002240,'hello world'),
	(736418403044048896,'hello world'),
	(736418739389480960,'hello world'),
	(784652328551583744,'hello world'),
	(784653819370803200,'hello world');

/*!40000 ALTER TABLE `t_message2` ENABLE KEYS */;
UNLOCK TABLES;


# Dump of table t_notice
# ------------------------------------------------------------

CREATE TABLE `t_notice` (
  `id` bigint NOT NULL COMMENT '主键',
  `name` varchar(32) DEFAULT NULL,
  `version` int NOT NULL COMMENT '版本号',
  `create_by` bigint DEFAULT NULL COMMENT '创建人',
  `create_time` datetime DEFAULT NULL COMMENT '创建时间',
  `update_by` bigint DEFAULT NULL COMMENT '更新人',
  `update_time` datetime DEFAULT NULL COMMENT '更新时间',
  `is_deleted` bit(1) DEFAULT NULL COMMENT '是否逻辑删除',
  PRIMARY KEY (`id`)
) ENGINE=InnoDB DEFAULT CHARSET=utf8mb4 COLLATE=utf8mb4_0900_ai_ci COMMENT='通知公告';

LOCK TABLES `t_notice` WRITE;
/*!40000 ALTER TABLE `t_notice` DISABLE KEYS */;

INSERT INTO `t_notice` (`id`, `name`, `version`, `create_by`, `create_time`, `update_by`, `update_time`, `is_deleted`)
VALUES
	(688975459802681344,'new didi',74,0,'2023-05-14 03:15:28',0,'2023-05-14 03:15:28',b'0'),
	(688975804184399872,'hello new version',1,0,'2023-05-14 03:16:50',0,'2023-05-14 03:16:50',b'0'),
	(689548033062342656,'hello new version',1,0,'2023-05-15 17:10:40',0,'2023-05-15 17:10:40',b'0'),
	(689559292516241408,'hello new version',1,0,'2023-05-15 17:55:25',0,'2023-05-15 17:55:25',b'0'),
	(689582019704786944,'hello new version',1,0,'2023-05-15 19:25:43',0,'2023-05-15 19:25:43',b'0'),
	(689586476916150272,'hello new version',1,0,'2023-05-15 19:43:26',0,'2023-05-15 19:43:26',b'0'),
	(689639142182645760,'hello new version',1,0,'2023-05-15 23:12:42',0,'2023-05-15 23:12:42',b'0'),
	(695366924858605568,'hello new version',1,0,'2023-05-31 18:32:52',0,'2023-05-31 18:32:52',b'0'),
	(695439131286749184,'hello new version',1,0,'2023-05-31 23:19:47',0,'2023-05-31 23:19:47',b'0'),
	(695440108920291328,'hello new version',1,0,'2023-05-31 23:23:40',0,'2023-05-31 23:23:40',b'0'),
	(695440301828915200,'hello new version',1,0,'2023-05-31 23:24:26',0,'2023-05-31 23:24:26',b'0'),
	(695440838662078464,'hello new version',1,0,'2023-05-31 23:26:34',0,'2023-05-31 23:26:34',b'0'),
	(695441159698300928,'hello new version',1,0,'2023-05-31 23:27:51',0,'2023-05-31 23:27:51',b'0'),
	(695441398115123200,'hello new version',1,0,'2023-05-31 23:28:48',0,'2023-05-31 23:28:48',b'0'),
	(695441924655464448,'hello new version',1,0,'2023-05-31 23:30:53',0,'2023-05-31 23:30:53',b'0'),
	(695790158359855104,'hello new version',1,0,'2023-06-01 22:34:39',0,'2023-06-01 22:34:39',b'0'),
	(696077645992955904,'hello new version',1,0,'2023-06-02 17:37:01',0,'2023-06-02 17:37:01',b'0'),
	(699097458524848128,'hello new version',1,0,'2023-06-11 01:36:41',0,'2023-06-11 01:36:41',b'0'),
	(699098268478504960,'hello new version',1,0,'2023-06-11 01:39:54',0,'2023-06-11 01:39:54',b'0'),
	(699098496556367872,'hello new version',1,0,'2023-06-11 01:40:48',0,'2023-06-11 01:40:48',b'0'),
	(699098866863079424,'hello new version',1,0,'2023-06-11 01:42:16',0,'2023-06-11 01:42:16',b'0'),
	(699959134237261824,'hello new version',1,0,'2023-06-13 10:40:40',0,'2023-06-13 10:40:40',b'0'),
	(705488402656550912,'hello new version',1,0,'2023-06-28 16:52:00',0,'2023-06-28 16:52:00',b'0'),
	(706177208032464896,'hello new version',1,0,'2023-06-30 14:29:04',0,'2023-06-30 14:29:04',b'0'),
	(706178272932696064,'hello new version',1,0,'2023-06-30 14:33:18',0,'2023-06-30 14:33:18',b'0'),
	(706193887747674112,'hello new version',1,0,'2023-06-30 15:35:21',0,'2023-06-30 15:35:21',b'0'),
	(706224250171723776,'hello new version',1,0,'2023-06-30 17:36:00',0,'2023-06-30 17:36:00',b'0'),
	(706399764576505856,'hello new version',1,0,'2023-07-01 05:13:26',0,'2023-07-01 05:13:26',b'0'),
	(706553014344781824,'hello new version',1,0,'2023-07-01 15:22:24',0,'2023-07-01 15:22:24',b'0'),
	(706554892956766208,'hello new version',1,0,'2023-07-01 15:29:51',0,'2023-07-01 15:29:51',b'0'),
	(707296690805182464,'hello new version',1,0,'2023-07-03 16:37:30',0,'2023-07-03 16:37:30',b'0'),
	(707297505724895232,'hello new version',1,0,'2023-07-03 16:40:44',0,'2023-07-03 16:40:44',b'0'),
	(707297867542335488,'hello new version',1,0,'2023-07-03 16:42:10',0,'2023-07-03 16:42:10',b'0'),
	(707378808541450240,'hello new version',1,0,'2023-07-03 22:03:48',0,'2023-07-03 22:03:48',b'0'),
	(707379024703295488,'hello new version',1,0,'2023-07-03 22:04:40',0,'2023-07-03 22:04:40',b'0'),
	(707379154718330880,'hello new version',1,0,'2023-07-03 22:05:11',0,'2023-07-03 22:05:11',b'0'),
	(707586248327335936,'hello new version',1,0,'2023-07-04 11:48:06',0,'2023-07-04 11:48:06',b'0'),
	(708015875243937792,'hello new version',1,0,'2023-07-05 16:15:17',0,'2023-07-05 16:15:17',b'0'),
	(708016801790857216,'hello new version',1,0,'2023-07-05 16:18:58',0,'2023-07-05 16:18:58',b'0'),
	(708085377386188800,'hello new version',1,0,'2023-07-05 20:51:27',0,'2023-07-05 20:51:27',b'0'),
	(708828141669322752,'hello new version',1,0,'2023-07-07 22:02:56',0,'2023-07-07 22:02:56',b'0'),
	(708829291407740928,'hello new version',1,0,'2023-07-07 22:07:30',0,'2023-07-07 22:07:30',b'0'),
	(708882197708304384,'hello new version',1,0,'2023-07-08 01:37:44',0,'2023-07-08 01:37:44',b'0'),
	(708883618688167936,'hello new version',1,0,'2023-07-08 01:43:23',0,'2023-07-08 01:43:23',b'0'),
	(708883926172594176,'hello new version',1,0,'2023-07-08 01:44:36',0,'2023-07-08 01:44:36',b'0'),
	(710570771415568384,'hello new version',1,0,'2023-07-12 17:27:31',0,'2023-07-12 17:27:31',b'0'),
	(711293577459666944,'hello new version',1,0,'2023-07-14 17:19:42',0,'2023-07-14 17:19:42',b'0'),
	(711296968428621824,'hello new version',1,0,'2023-07-14 17:33:10',0,'2023-07-14 17:33:10',b'0'),
	(712508021342736384,'hello new version',1,0,'2023-07-18 01:45:28',0,'2023-07-18 01:45:28',b'0'),
	(715398507464253440,'hello new version',1,0,'2023-07-26 01:11:13',0,'2023-07-26 01:11:13',b'0'),
	(716076959322365952,'hello new version',1,0,'2023-07-27 22:07:09',0,'2023-07-27 22:07:09',b'0'),
	(716106662938697728,'hello new version',1,0,'2023-07-28 00:05:11',0,'2023-07-28 00:05:11',b'0'),
	(716119645043580928,'hello new version',1,0,'2023-07-28 00:56:46',0,'2023-07-28 00:56:46',b'0'),
	(716123462816522240,'hello new version',1,0,'2023-07-28 01:11:56',0,'2023-07-28 01:11:56',b'0'),
	(716127377796653056,'hello new version',1,0,'2023-07-28 01:27:30',0,'2023-07-28 01:27:30',b'0'),
	(716133652953587712,'hello new version',1,0,'2023-07-28 01:52:26',0,'2023-07-28 01:52:26',b'0'),
	(716146052226375680,'hello new version',1,0,'2023-07-28 02:41:42',0,'2023-07-28 02:41:42',b'0'),
	(716788792035401728,'hello new version',1,0,'2023-07-29 21:15:43',0,'2023-07-29 21:15:43',b'0'),
	(717757281164333056,'hello new version',1,0,'2023-08-01 13:24:09',0,'2023-08-01 13:24:09',b'0'),
	(717759083976855552,'hello new version',1,0,'2023-08-01 13:31:19',0,'2023-08-01 13:31:19',b'0'),
	(718653017871634432,'hello new version',1,0,'2023-08-04 00:43:29',0,'2023-08-04 00:43:29',b'0'),
	(718653544739131392,'hello new version',1,0,'2023-08-04 00:45:35',0,'2023-08-04 00:45:35',b'0'),
	(721395163150159872,'hello new version',1,0,'2023-08-11 14:19:48',0,'2023-08-11 14:19:48',b'0'),
	(723281772866977792,'hello new version',1,0,'2023-08-16 19:16:30',0,'2023-08-16 19:16:30',b'0'),
	(729133063237279744,'hello new version',1,0,'2023-09-01 22:47:27',0,'2023-09-01 22:47:27',b'0'),
	(729559422795255808,'hello new version',1,0,'2023-09-03 03:01:39',0,'2023-09-03 03:01:39',b'0'),
	(736413929500065792,'hello new version',1,0,'2023-09-22 00:59:01',0,'2023-09-22 00:59:01',b'0'),
	(736415272398766080,'hello new version',1,0,'2023-09-22 01:04:21',0,'2023-09-22 01:04:21',b'0'),
	(736416092469084160,'hello new version',1,0,'2023-09-22 01:07:36',0,'2023-09-22 01:07:36',b'0'),
	(736418394244399104,'hello new version',1,0,'2023-09-22 01:16:45',0,'2023-09-22 01:16:45',b'0'),
	(736418730493362176,'hello new version',1,0,'2023-09-22 01:18:05',0,'2023-09-22 01:18:05',b'0'),
	(784652322734084096,'hello new version',1,0,'2024-02-02 03:41:10',0,'2024-02-02 03:41:10',b'0'),
	(784653813180010496,'hello new version',1,0,'2024-02-02 03:47:05',0,'2024-02-02 03:47:05',b'0');

/*!40000 ALTER TABLE `t_notice` ENABLE KEYS */;
UNLOCK TABLES;


# Dump of table t_person
# ------------------------------------------------------------

CREATE TABLE `t_person` (
  `id` bigint NOT NULL COMMENT '主键',
  `name` varchar(32) DEFAULT NULL,
  `id_card_id` bigint DEFAULT NULL,
  `create_by` bigint DEFAULT NULL,
  `create_time` datetime DEFAULT NULL,
  `update_by` bigint DEFAULT NULL,
  `update_time` datetime DEFAULT NULL,
  `is_deleted` bit(1) DEFAULT NULL,
  `sex` char(1) DEFAULT NULL,
  PRIMARY KEY (`id`),
  KEY `t_person_t_person_id_card_id_fk` (`id_card_id`),
  CONSTRAINT `t_person_t_person_id_card_id_fk` FOREIGN KEY (`id_card_id`) REFERENCES `t_person_id_card` (`id`)
) ENGINE=InnoDB DEFAULT CHARSET=utf8mb4 COLLATE=utf8mb4_0900_ai_ci;

LOCK TABLES `t_person` WRITE;
/*!40000 ALTER TABLE `t_person` DISABLE KEYS */;

INSERT INTO `t_person` (`id`, `name`, `id_card_id`, `create_by`, `create_time`, `update_by`, `update_time`, `is_deleted`, `sex`)
VALUES
	(552098712424472576,'Rick',552098712365752320,0,'2022-05-01 10:16:08',0,'2024-02-02 03:47:04',b'0','M'),
	(552100575806939136,'Jim',552100575756607488,0,'2022-05-01 10:23:33',0,'2022-05-01 10:23:33',b'0','M'),
	(617327246029365249,'莎士比亚',552098712365752320,0,'2022-05-01 10:16:08',0,'2022-05-01 10:16:08',b'0','F'),
	(784653809900064768,'Docker',784653809883287552,0,'2024-02-02 03:47:04',0,'2024-02-02 03:47:04',b'0',NULL),
	(784653810009116672,'Tomcat11',784653810021699584,0,'2024-02-02 03:47:04',0,'2024-02-02 03:47:04',b'0',NULL),
	(784653810525016064,'乾隆',617764728776876032,0,'2024-02-02 03:47:04',0,'2024-02-02 03:47:04',b'0',NULL),
	(784653810726342656,'Tomcat11',NULL,0,'2024-02-02 03:47:04',0,'2024-02-02 03:47:04',b'0',NULL);

/*!40000 ALTER TABLE `t_person` ENABLE KEYS */;
UNLOCK TABLES;


# Dump of table t_person_id_card
# ------------------------------------------------------------

CREATE TABLE `t_person_id_card` (
  `id` bigint NOT NULL COMMENT '主键',
  `id_num` varchar(32) DEFAULT NULL,
  `address` varchar(32) DEFAULT NULL,
  `create_by` bigint DEFAULT NULL,
  `create_time` datetime DEFAULT NULL,
  `update_by` bigint DEFAULT NULL,
  `update_time` datetime DEFAULT NULL,
  `is_deleted` bit(1) DEFAULT NULL,
  PRIMARY KEY (`id`)
) ENGINE=InnoDB DEFAULT CHARSET=utf8mb4 COLLATE=utf8mb4_0900_ai_ci;

LOCK TABLES `t_person_id_card` WRITE;
/*!40000 ALTER TABLE `t_person_id_card` DISABLE KEYS */;

INSERT INTO `t_person_id_card` (`id`, `id_num`, `address`, `create_by`, `create_time`, `update_by`, `update_time`, `is_deleted`)
VALUES
	(552096153991307264,'32128787988762','江苏',0,'2022-05-01 10:05:58',0,'2022-05-01 10:05:58',b'0'),
	(552098142452113408,'32128787988762','陕西',0,'2022-05-01 10:13:52',0,'2022-05-01 10:13:52',b'0'),
	(552098430365917184,'32128787988762','陕西',0,'2022-05-01 10:15:01',0,'2022-05-01 10:15:01',b'0'),
	(552098430789541888,'32128787988762','江苏',0,'2022-05-01 10:15:01',0,'2022-05-01 10:15:01',b'0'),
	(552098712365752320,'32128787988762','陕西b',0,'2022-05-01 10:16:08',0,'2022-05-01 10:16:08',b'0'),
	(552098712885846016,'32128787988762','江苏',0,'2022-05-01 10:16:08',0,'2022-05-01 10:16:08',b'0'),
	(552098934881968128,'32128787988762','陕西',0,'2022-05-01 10:17:01',0,'2022-05-01 10:17:01',b'0'),
	(552098935574028288,'32128787988762','江苏',0,'2022-05-01 10:17:02',0,'2022-05-01 10:17:02',b'0'),
	(552099125060100096,'32128787988762','陕西',0,'2022-05-01 10:17:47',0,'2022-05-01 10:17:47',b'0'),
	(552099125815074816,'32128787988762','江苏',0,'2022-05-01 10:17:47',0,'2022-05-01 10:17:47',b'0'),
	(552100422597402624,'32128787988762','陕西',0,'2022-05-01 10:22:56',0,'2022-05-01 10:22:56',b'0'),
	(552100422979084288,'32128787988762','江苏',0,'2022-05-01 10:22:56',0,'2022-05-01 10:22:56',b'0'),
	(552100575756607488,'32128787988762','陕西',0,'2022-05-01 10:23:33',0,'2022-05-01 10:23:33',b'0'),
	(552100576197009408,'32128787988762','江苏',0,'2022-05-01 10:23:33',0,'2022-05-01 10:23:33',b'0'),
	(552100840178114560,'32128787988762','陕西',0,'2022-05-01 10:24:36',0,'2022-05-01 10:24:36',b'0'),
	(552100840853397504,'32128787988762','江苏',0,'2022-05-01 10:24:36',0,'2022-05-01 10:24:36',b'0'),
	(552101217799692288,'32128787988762','陕西',0,'2022-05-01 10:26:06',0,'2022-05-01 10:26:06',b'0'),
	(552101218403672064,'32128787988762','江苏',0,'2022-05-01 10:26:06',0,'2022-05-01 10:26:06',b'0'),
	(552101294018584576,'32128787988762','陕西',0,'2022-05-01 10:26:24',0,'2022-05-01 10:26:24',b'0'),
	(552101294542872576,'32128787988762','江苏',0,'2022-05-01 10:26:24',0,'2022-05-01 10:26:24',b'0'),
	(552181566126874624,'32128787988762','陕西',0,'2022-05-01 15:45:22',0,'2022-05-01 15:45:22',b'0'),
	(552181566550499328,'32128787988762','江苏',0,'2022-05-01 15:45:22',0,'2022-05-01 15:45:22',b'0'),
	(552190617594290176,'32128787988762','陕西',0,'2022-05-01 16:21:20',0,'2022-05-01 16:21:20',b'0'),
	(552190618231824384,'32128787988762','江苏',0,'2022-05-01 16:21:20',0,'2022-05-01 16:21:20',b'0'),
	(552209733646475264,'32128787988762','陕西',0,'2022-05-01 17:37:18',0,'2022-05-01 17:37:18',b'0'),
	(552209734078488576,'32128787988762','江苏',0,'2022-05-01 17:37:18',0,'2022-05-01 17:37:18',b'0'),
	(552215180839411712,'32128787988762','陕西',0,'2022-05-01 17:58:57',0,'2022-05-01 17:58:57',b'0'),
	(552215181657300992,'32128787988762','江苏',0,'2022-05-01 17:58:57',0,'2022-05-01 17:58:57',b'0'),
	(552257347691667456,'32128787988762','陕西',0,'2022-05-01 20:46:30',0,'2022-05-01 20:46:30',b'0'),
	(552257348039794688,'32128787988762','江苏',0,'2022-05-01 20:46:30',0,'2022-05-01 20:46:30',b'0'),
	(552257602906677248,'32128787988762','陕西',0,'2022-05-01 20:47:31',0,'2022-05-01 20:47:31',b'0'),
	(552257603317719040,'32128787988762','江苏',0,'2022-05-01 20:47:31',0,'2022-05-01 20:47:31',b'0'),
	(552259787505721344,'32128787988762','陕西',0,'2022-05-01 20:56:12',0,'2022-05-01 20:56:12',b'0'),
	(552259787967094784,'32128787988762','江苏',0,'2022-05-01 20:56:12',0,'2022-05-01 20:56:12',b'0'),
	(554013048436875264,'32128787988762','陕西',0,'2022-05-06 17:03:02',0,'2022-05-06 17:03:02',b'0'),
	(554013048814362624,'32128787988762','江苏',0,'2022-05-06 17:03:02',0,'2022-05-06 17:03:02',b'0'),
	(554016007585456128,'32128787988762','陕西',0,'2022-05-06 17:14:47',0,'2022-05-06 17:14:47',b'0'),
	(554016007954554880,'32128787988762','江苏',0,'2022-05-06 17:14:47',0,'2022-05-06 17:14:47',b'0'),
	(554016407210352640,'32128787988762','陕西',0,'2022-05-06 17:16:22',0,'2022-05-06 17:16:22',b'0'),
	(554016407520731136,'32128787988762','江苏',0,'2022-05-06 17:16:22',0,'2022-05-06 17:16:22',b'0'),
	(554016867421970432,'32128787988762','陕西',0,'2022-05-06 17:18:12',0,'2022-05-06 17:18:12',b'0'),
	(554016867853983744,'32128787988762','江苏',0,'2022-05-06 17:18:12',0,'2022-05-06 17:18:12',b'0'),
	(554056036013760512,'32128787988762','陕西',0,'2022-05-06 19:53:51',0,'2022-05-06 19:53:51',b'0'),
	(554056036353499136,'32128787988762','江苏',0,'2022-05-06 19:53:51',0,'2022-05-06 19:53:51',b'0'),
	(554064073021644800,'32128787988762','陕西',0,'2022-05-06 20:25:47',0,'2022-05-06 20:25:47',b'0'),
	(554064073453658112,'32128787988762','江苏',0,'2022-05-06 20:25:47',0,'2022-05-06 20:25:47',b'0'),
	(556602129930969088,'32128787988762','陕西',0,'2022-05-13 20:31:07',0,'2022-05-13 20:31:07',b'0'),
	(556602130476228608,'32128787988762','江苏',0,'2022-05-13 20:31:07',0,'2022-05-13 20:31:07',b'0'),
	(556615244382920704,'32128787988762','陕西',0,'2022-05-13 21:23:13',0,'2022-05-13 21:23:13',b'0'),
	(556615244823322624,'32128787988762','江苏',0,'2022-05-13 21:23:14',0,'2022-05-13 21:23:14',b'0'),
	(556620910715658240,'32128787988762','陕西',0,'2022-05-13 21:45:44',0,'2022-05-13 21:45:44',b'0'),
	(556620911336415232,'32128787988762','江苏',0,'2022-05-13 21:45:45',0,'2022-05-13 21:45:45',b'0'),
	(556676490381680640,'32128787988762','陕西',0,'2022-05-14 01:26:36',0,'2022-05-14 01:26:36',b'0'),
	(556676490847248384,'32128787988762','江苏',0,'2022-05-14 01:26:36',0,'2022-05-14 01:26:36',b'0'),
	(556676697630629888,'32128787988762','江苏',0,'2022-05-14 01:27:25',0,'2022-05-14 01:27:25',b'0'),
	(556677822274527232,'32128787988762','陕西',0,'2022-05-14 01:31:53',0,'2022-05-14 01:31:53',b'0'),
	(556677969310048256,'32128787988762','陕西',0,'2022-05-14 01:32:28',0,'2022-05-14 01:32:28',b'0'),
	(556680514560516096,'32128787988762','陕西',0,'2022-05-14 01:42:35',0,'2022-05-14 01:42:35',b'0'),
	(556681504642752512,'32128787988762','陕西',0,'2022-05-14 01:46:31',0,'2022-05-14 01:46:31',b'0'),
	(556681504936353792,'32128787988762','江苏',0,'2022-05-14 01:46:31',0,'2022-05-14 01:46:31',b'0'),
	(556683154476425216,'32128787988762','陕西',0,'2022-05-14 01:53:05',0,'2022-05-14 01:53:05',b'0'),
	(556683154707111936,'32128787988762','江苏',0,'2022-05-14 01:53:05',0,'2022-05-14 01:53:05',b'0'),
	(556683540285284352,'32128787988762','陕西',0,'2022-05-14 01:54:36',0,'2022-05-14 01:54:36',b'0'),
	(556683540528553984,'32128787988762','江苏',0,'2022-05-14 01:54:37',0,'2022-05-14 01:54:37',b'0'),
	(556683774356807680,'32128787988762','陕西',0,'2022-05-14 01:55:32',0,'2022-05-14 01:55:32',b'0'),
	(556683774600077312,'32128787988762','江苏',0,'2022-05-14 01:55:32',0,'2022-05-14 01:55:32',b'0'),
	(556683990451544064,'32128787988762','陕西',0,'2022-05-14 01:56:24',0,'2022-05-14 01:56:24',b'0'),
	(556683990602539008,'32128787988762','江苏',0,'2022-05-14 01:56:24',0,'2022-05-14 01:56:24',b'0'),
	(556684175743311872,'32128787988762','陕西',0,'2022-05-14 01:57:08',0,'2022-05-14 01:57:08',b'0'),
	(556684175944638464,'32128787988762','江苏',0,'2022-05-14 01:57:08',0,'2022-05-14 01:57:08',b'0'),
	(556684477661896704,'32128787988762','陕西',0,'2022-05-14 01:58:20',0,'2022-05-14 01:58:20',b'0'),
	(556684477880000512,'32128787988762','江苏',0,'2022-05-14 01:58:20',0,'2022-05-14 01:58:20',b'0'),
	(556685394884878336,'32128787988762','陕西',0,'2022-05-14 02:01:59',0,'2022-05-14 02:01:59',b'0'),
	(556685395253977088,'32128787988762','江苏',0,'2022-05-14 02:01:59',0,'2022-05-14 02:01:59',b'0'),
	(556685663756541952,'32128787988762','陕西',0,'2022-05-14 02:03:03',0,'2022-05-14 02:03:03',b'0'),
	(556685664121446400,'32128787988762','江苏',0,'2022-05-14 02:03:03',0,'2022-05-14 02:03:03',b'0'),
	(556686057886900224,'32128787988762','陕西',0,'2022-05-14 02:04:37',0,'2022-05-14 02:04:37',b'0'),
	(556686058268581888,'32128787988762','江苏',0,'2022-05-14 02:04:37',0,'2022-05-14 02:04:37',b'0'),
	(556686647111114752,'32128787988762','陕西',0,'2022-05-14 02:06:57',0,'2022-05-14 02:06:57',b'0'),
	(556686647631208448,'32128787988762','江苏',0,'2022-05-14 02:06:57',0,'2022-05-14 02:06:57',b'0'),
	(556689595119624192,'32128787988762','陕西',0,'2022-05-14 02:18:40',0,'2022-05-14 02:18:40',b'0'),
	(556689595450974208,'32128787988762','江苏',0,'2022-05-14 02:18:40',0,'2022-05-14 02:18:40',b'0'),
	(556689880030306304,'32128787988762','陕西',0,'2022-05-14 02:19:48',0,'2022-05-14 02:19:48',b'0'),
	(556689880349073408,'32128787988762','江苏',0,'2022-05-14 02:19:48',0,'2022-05-14 02:19:48',b'0'),
	(556790441190809600,'32128787988762','江苏',0,'2022-05-14 08:59:24',0,'2022-05-14 08:59:24',b'0'),
	(556790959313182720,'32128787988762','陕西',0,'2022-05-14 09:01:27',0,'2022-05-14 09:01:27',b'0'),
	(556790959623561216,'32128787988762','江苏',0,'2022-05-14 09:01:27',0,'2022-05-14 09:01:27',b'0'),
	(556800173116940288,'32128787988762','陕西',0,'2022-05-14 09:38:04',0,'2022-05-14 09:38:04',b'0'),
	(556800173494427648,'32128787988762','江苏',0,'2022-05-14 09:38:04',0,'2022-05-14 09:38:04',b'0'),
	(556806303893348352,'32128787988762','陕西',0,'2022-05-14 10:02:26',0,'2022-05-14 10:02:26',b'0'),
	(556806304136617984,'32128787988762','江苏',0,'2022-05-14 10:02:26',0,'2022-05-14 10:02:26',b'0'),
	(556807595877392384,'32128787988762','陕西',0,'2022-05-14 10:07:34',0,'2022-05-14 10:07:34',b'0'),
	(556807596191965184,'32128787988762','江苏',0,'2022-05-14 10:07:34',0,'2022-05-14 10:07:34',b'0'),
	(556808426899038208,'32128787988762','陕西',0,'2022-05-14 10:10:52',0,'2022-05-14 10:10:52',b'0'),
	(556808427242971136,'32128787988762','江苏',0,'2022-05-14 10:10:52',0,'2022-05-14 10:10:52',b'0'),
	(556818136960262144,'32128787988762','陕西',0,'2022-05-14 10:49:27',0,'2022-05-14 10:49:27',b'0'),
	(556818137308389376,'32128787988762','江苏',0,'2022-05-14 10:49:27',0,'2022-05-14 10:49:27',b'0'),
	(556825408268591104,'32128787988762','陕西',0,'2022-05-14 11:18:20',0,'2022-05-14 11:18:20',b'0'),
	(556825408591552512,'32128787988762','江苏',0,'2022-05-14 11:18:21',0,'2022-05-14 11:18:21',b'0'),
	(556840072079663104,'32128787988762','陕西',0,'2022-05-14 12:16:37',0,'2022-05-14 12:16:37',b'0'),
	(556840072536842240,'32128787988762','江苏',0,'2022-05-14 12:16:37',0,'2022-05-14 12:16:37',b'0'),
	(556840294046425088,'32128787988762','陕西',0,'2022-05-14 12:17:30',0,'2022-05-14 12:17:30',b'0'),
	(556840294381969408,'32128787988762','江苏',0,'2022-05-14 12:17:30',0,'2022-05-14 12:17:30',b'0'),
	(556840433859354624,'32128787988762','陕西',0,'2022-05-14 12:18:03',0,'2022-05-14 12:18:03',b'0'),
	(556840434144567296,'32128787988762','江苏',0,'2022-05-14 12:18:03',0,'2022-05-14 12:18:03',b'0'),
	(556840908809756672,'32128787988762','陕西',0,'2022-05-14 12:19:56',0,'2022-05-14 12:19:56',b'0'),
	(556840909145300992,'32128787988762','江苏',0,'2022-05-14 12:19:56',0,'2022-05-14 12:19:56',b'0'),
	(556841322993082368,'32128787988762','江苏',0,'2022-05-14 12:21:35',0,'2022-05-14 12:21:35',b'0'),
	(556843780104445952,'32128787988762','陕西',0,'2022-05-14 12:31:21',0,'2022-05-14 12:31:21',b'0'),
	(556843861004181504,'32128787988762','陕西',0,'2022-05-14 12:31:40',0,'2022-05-14 12:31:40',b'0'),
	(556843861381668864,'32128787988762','江苏',0,'2022-05-14 12:31:40',0,'2022-05-14 12:31:40',b'0'),
	(556846075630247936,'32128787988762','陕西',0,'2022-05-14 12:40:28',0,'2022-05-14 12:40:28',b'0'),
	(556846075986763776,'32128787988762','江苏',0,'2022-05-14 12:40:28',0,'2022-05-14 12:40:28',b'0'),
	(556846314479083520,'32128787988762','陕西',0,'2022-05-14 12:41:25',0,'2022-05-14 12:41:25',b'0'),
	(556846314877542400,'32128787988762','江苏',0,'2022-05-14 12:41:25',0,'2022-05-14 12:41:25',b'0'),
	(556950452646895616,'32128787988762','陕西',0,'2022-05-14 19:35:13',0,'2022-05-14 19:35:13',b'0'),
	(556950452919525376,'32128787988762','江苏',0,'2022-05-14 19:35:13',0,'2022-05-14 19:35:13',b'0'),
	(557558342579576832,'32128787988762','陕西',0,'2022-05-16 11:50:46',0,'2022-05-16 11:50:46',b'0'),
	(557558342877372416,'32128787988762','江苏',0,'2022-05-16 11:50:46',0,'2022-05-16 11:50:46',b'0'),
	(557563413287591936,'32128787988762','陕西',0,'2022-05-16 12:10:55',0,'2022-05-16 12:10:55',b'0'),
	(557563413501501440,'32128787988762','江苏',0,'2022-05-16 12:10:55',0,'2022-05-16 12:10:55',b'0'),
	(558653469502922752,'32128787988762','陕西',0,'2022-05-19 12:22:24',0,'2022-05-19 12:22:24',b'0'),
	(558653469792329728,'32128787988762','江苏',0,'2022-05-19 12:22:24',0,'2022-05-19 12:22:24',b'0'),
	(558654508171976704,'32128787988762','陕西',0,'2022-05-19 12:26:32',0,'2022-05-19 12:26:32',b'0'),
	(558654508402663424,'32128787988762','江苏',0,'2022-05-19 12:26:32',0,'2022-05-19 12:26:32',b'0'),
	(558654933856083968,'32128787988762','陕西',0,'2022-05-19 12:28:13',0,'2022-05-19 12:28:13',b'0'),
	(558654934191628288,'32128787988762','江苏',0,'2022-05-19 12:28:13',0,'2022-05-19 12:28:13',b'0'),
	(558666727827890176,'32128787988762','陕西',0,'2022-05-19 13:15:05',0,'2022-05-19 13:15:05',b'0'),
	(558666728092131328,'32128787988762','江苏',0,'2022-05-19 13:15:05',0,'2022-05-19 13:15:05',b'0'),
	(558725629227491328,'32128787988762','陕西',0,'2022-05-19 17:09:08',0,'2022-05-19 17:09:08',b'0'),
	(558725629470760960,'32128787988762','江苏',0,'2022-05-19 17:09:08',0,'2022-05-19 17:09:08',b'0'),
	(559022531085000704,'32128787988762','陕西',0,'2022-05-20 12:48:55',0,'2022-05-20 12:48:55',b'0'),
	(559022531311493120,'32128787988762','江苏',0,'2022-05-20 12:48:55',0,'2022-05-20 12:48:55',b'0'),
	(559205645434413056,'32128787988762','陕西',0,'2022-05-21 00:56:33',0,'2022-05-21 00:56:33',b'0'),
	(559205645702848512,'32128787988762','江苏',0,'2022-05-21 00:56:33',0,'2022-05-21 00:56:33',b'0'),
	(565859465677692928,'32128787988762','陕西',0,'2022-06-08 09:36:28',0,'2022-06-08 09:36:28',b'0'),
	(565859466017431552,'32128787988762','江苏',0,'2022-06-08 09:36:28',0,'2022-06-08 09:36:28',b'0'),
	(567027427755352064,'32128787988762','陕西',0,'2022-06-11 14:57:31',0,'2022-06-11 14:57:31',b'0'),
	(567027427939901440,'32128787988762','江苏',0,'2022-06-11 14:57:31',0,'2022-06-11 14:57:31',b'0'),
	(568230276610842624,'32128787988762','陕西',0,'2022-06-14 22:37:13',0,'2022-06-14 22:37:13',b'0'),
	(568230276887666688,'32128787988762','江苏',0,'2022-06-14 22:37:13',0,'2022-06-14 22:37:13',b'0'),
	(568256692622647296,'32128787988762','陕西',0,'2022-06-15 00:22:11',0,'2022-06-15 00:22:11',b'0'),
	(568256692891082752,'32128787988762','江苏',0,'2022-06-15 00:22:11',0,'2022-06-15 00:22:11',b'0'),
	(568257138447802368,'32128787988762','陕西',0,'2022-06-15 00:23:57',0,'2022-06-15 00:23:57',b'0'),
	(568257173315051520,'32128787988762','江苏',0,'2022-06-15 00:24:06',0,'2022-06-15 00:24:06',b'0'),
	(568258158091493376,'32128787988762','陕西',0,'2022-06-15 00:28:00',0,'2022-06-15 00:28:00',b'0'),
	(568258158401871872,'32128787988762','江苏',0,'2022-06-15 00:28:00',0,'2022-06-15 00:28:00',b'0'),
	(568263340498018304,'32128787988762','陕西',0,'2022-06-15 00:48:36',0,'2022-06-15 00:48:36',b'0'),
	(568263340812591104,'32128787988762','江苏',0,'2022-06-15 00:48:36',0,'2022-06-15 00:48:36',b'0'),
	(568273339253186560,'32128787988762','陕西',0,'2022-06-15 01:28:20',0,'2022-06-15 01:28:20',b'0'),
	(568273339450318848,'32128787988762','江苏',0,'2022-06-15 01:28:20',0,'2022-06-15 01:28:20',b'0'),
	(568273499102306304,'32128787988762','陕西',0,'2022-06-15 01:28:58',0,'2022-06-15 01:28:58',b'0'),
	(568273499379130368,'32128787988762','江苏',0,'2022-06-15 01:28:58',0,'2022-06-15 01:28:58',b'0'),
	(568273864849809408,'32128787988762','陕西',0,'2022-06-15 01:30:25',0,'2022-06-15 01:30:25',b'0'),
	(568273865155993600,'32128787988762','江苏',0,'2022-06-15 01:30:25',0,'2022-06-15 01:30:25',b'0'),
	(568274123005026304,'32128787988762','陕西',0,'2022-06-15 01:31:27',0,'2022-06-15 01:31:27',b'0'),
	(568274123223130112,'32128787988762','江苏',0,'2022-06-15 01:31:27',0,'2022-06-15 01:31:27',b'0'),
	(568274603433189376,'32128787988762','陕西',0,'2022-06-15 01:33:21',0,'2022-06-15 01:33:21',b'0'),
	(568274603861008384,'32128787988762','江苏',0,'2022-06-15 01:33:21',0,'2022-06-15 01:33:21',b'0'),
	(568275708800065536,'32128787988762','陕西',0,'2022-06-15 01:37:45',0,'2022-06-15 01:37:45',b'0'),
	(568275709131415552,'32128787988762','江苏',0,'2022-06-15 01:37:45',0,'2022-06-15 01:37:45',b'0'),
	(568275807282323456,'32128787988762','陕西',0,'2022-06-15 01:38:08',0,'2022-06-15 01:38:08',b'0'),
	(568275807588507648,'32128787988762','江苏',0,'2022-06-15 01:38:08',0,'2022-06-15 01:38:08',b'0'),
	(568275943345545216,'32128787988762','陕西',0,'2022-06-15 01:38:41',0,'2022-06-15 01:38:41',b'0'),
	(568275943794335744,'32128787988762','江苏',0,'2022-06-15 01:38:41',0,'2022-06-15 01:38:41',b'0'),
	(568276166771924992,'32128787988762','陕西',0,'2022-06-15 01:39:34',0,'2022-06-15 01:39:34',b'0'),
	(568276167019388928,'32128787988762','江苏',0,'2022-06-15 01:39:34',0,'2022-06-15 01:39:34',b'0'),
	(568276573011238912,'32128787988762','陕西',0,'2022-06-15 01:41:11',0,'2022-06-15 01:41:11',b'0'),
	(568276573271285760,'32128787988762','江苏',0,'2022-06-15 01:41:11',0,'2022-06-15 01:41:11',b'0'),
	(568280547630178304,'32128787988762','陕西',0,'2022-06-15 01:56:59',0,'2022-06-15 01:56:59',b'0'),
	(568280548091551744,'32128787988762','江苏',0,'2022-06-15 01:56:59',0,'2022-06-15 01:56:59',b'0'),
	(568280712306941952,'32128787988762','陕西',0,'2022-06-15 01:57:38',0,'2022-06-15 01:57:38',b'0'),
	(568280712663457792,'32128787988762','江苏',0,'2022-06-15 01:57:38',0,'2022-06-15 01:57:38',b'0'),
	(568281215518564352,'32128787988762','陕西',0,'2022-06-15 01:59:38',0,'2022-06-15 01:59:38',b'0'),
	(568281215757639680,'32128787988762','江苏',0,'2022-06-15 01:59:38',0,'2022-06-15 01:59:38',b'0'),
	(568281447887200256,'32128787988762','陕西',0,'2022-06-15 02:00:33',0,'2022-06-15 02:00:33',b'0'),
	(568281448113692672,'32128787988762','江苏',0,'2022-06-15 02:00:33',0,'2022-06-15 02:00:33',b'0'),
	(568281647909363712,'32128787988762','陕西',0,'2022-06-15 02:01:21',0,'2022-06-15 02:01:21',b'0'),
	(568281648219742208,'32128787988762','江苏',0,'2022-06-15 02:01:21',0,'2022-06-15 02:01:21',b'0'),
	(568285163369455616,'32128787988762','陕西',0,'2022-06-15 02:15:19',0,'2022-06-15 02:15:19',b'0'),
	(568285163650473984,'32128787988762','江苏',0,'2022-06-15 02:15:19',0,'2022-06-15 02:15:19',b'0'),
	(568285359432196096,'32128787988762','陕西',0,'2022-06-15 02:16:06',0,'2022-06-15 02:16:06',b'0'),
	(568285359738380288,'32128787988762','江苏',0,'2022-06-15 02:16:06',0,'2022-06-15 02:16:06',b'0'),
	(568285557193629696,'32128787988762','陕西',0,'2022-06-15 02:16:53',0,'2022-06-15 02:16:53',b'0'),
	(568285557470453760,'32128787988762','江苏',0,'2022-06-15 02:16:53',0,'2022-06-15 02:16:53',b'0'),
	(568285671878483968,'32128787988762','陕西',0,'2022-06-15 02:17:20',0,'2022-06-15 02:17:20',b'0'),
	(568285672138530816,'32128787988762','江苏',0,'2022-06-15 02:17:20',0,'2022-06-15 02:17:20',b'0'),
	(568286864168116224,'32128787988762','陕西',0,'2022-06-15 02:22:04',0,'2022-06-15 02:22:04',b'0'),
	(568286864331694080,'32128787988762','江苏',0,'2022-06-15 02:22:05',0,'2022-06-15 02:22:05',b'0'),
	(614259262092402688,'32128787988762','陕西',0,'2022-10-19 22:59:58',0,'2022-10-19 22:59:58',b'0'),
	(614259262268563456,'32128787988762','江苏',0,'2022-10-19 22:59:58',0,'2022-10-19 22:59:58',b'0'),
	(616355674359603200,'32128787988762','陕西',0,'2022-10-25 17:50:22',0,'2022-10-25 17:50:22',b'0'),
	(616355674749673472,'32128787988762','江苏',0,'2022-10-25 17:50:22',0,'2022-10-25 17:50:22',b'0'),
	(616358910818787328,'32128787988762','陕西',0,'2022-10-25 18:03:14',0,'2022-10-25 18:03:14',b'0'),
	(616358911083028480,'32128787988762','江苏',0,'2022-10-25 18:03:14',0,'2022-10-25 18:03:14',b'0'),
	(616730687294152704,'32128787988762','陕西',0,'2022-10-26 18:40:32',0,'2022-10-26 18:40:32',b'0'),
	(616730687508062208,'32128787988762','江苏',0,'2022-10-26 18:40:32',0,'2022-10-26 18:40:32',b'0'),
	(617077937941782528,'110',NULL,0,'2022-10-27 17:40:23',0,'2022-10-27 17:40:23',b'0'),
	(617326490102538240,'32128787988762','陕西',0,'2022-10-28 10:08:02',0,'2022-10-28 10:08:02',b'0'),
	(617326490333224960,'32128787988762','江苏',0,'2022-10-28 10:08:02',0,'2022-10-28 10:08:02',b'0'),
	(617327245819650048,'32128787988762','陕西',0,'2022-10-28 10:11:03',0,'2022-10-28 10:11:03',b'0'),
	(617327246037753856,'32128787988762','江苏',0,'2022-10-28 10:11:03',0,'2022-10-28 10:11:03',b'0'),
	(617329093473476608,'32128787988762','陕西',0,'2022-10-28 10:18:23',0,'2022-10-28 10:18:23',b'0'),
	(617329093829992448,'32128787988762','江苏',0,'2022-10-28 10:18:23',0,'2022-10-28 10:18:23',b'0'),
	(617329746564358144,'32128787988762','陕西',0,'2022-10-28 10:20:59',0,'2022-10-28 10:20:59',b'0'),
	(617329746916679680,'32128787988762','江苏',0,'2022-10-28 10:20:59',0,'2022-10-28 10:20:59',b'0'),
	(617340820277698560,'32128787988762','陕西',0,'2022-10-28 11:04:59',0,'2022-10-28 11:04:59',b'0'),
	(617340820588077056,'32128787988762','江苏',0,'2022-10-28 11:04:59',0,'2022-10-28 11:04:59',b'0'),
	(617352760119009280,'32128787988762','陕西',0,'2022-10-28 11:52:26',0,'2022-10-28 11:52:26',b'0'),
	(617352760462942208,'32128787988762','江苏',0,'2022-10-28 11:52:26',0,'2022-10-28 11:52:26',b'0'),
	(617354942646067200,'32128787988762','陕西',0,'2022-10-28 12:01:06',0,'2022-10-28 12:01:06',b'0'),
	(617354942897725440,'32128787988762','江苏',0,'2022-10-28 12:01:06',0,'2022-10-28 12:01:06',b'0'),
	(617496519419027456,'32128787988762','陕西',0,'2022-10-28 21:23:41',0,'2022-10-28 21:23:41',b'0'),
	(617498987133591552,'32128787988762','陕西',0,'2022-10-28 21:33:29',0,'2022-10-28 21:33:29',b'0'),
	(617498987464941568,'32128787988762','江苏',0,'2022-10-28 21:33:29',0,'2022-10-28 21:33:29',b'0'),
	(617499186644049920,'32128787988762','陕西',0,'2022-10-28 21:34:16',0,'2022-10-28 21:34:16',b'0'),
	(617499186912485376,'32128787988762','江苏',0,'2022-10-28 21:34:17',0,'2022-10-28 21:34:17',b'0'),
	(617500570177167360,'32128787988762','陕西',0,'2022-10-28 21:39:46',0,'2022-10-28 21:39:46',b'0'),
	(617500570479157248,'32128787988762','江苏',0,'2022-10-28 21:39:46',0,'2022-10-28 21:39:46',b'0'),
	(617501403899944960,'32128787988762','陕西',0,'2022-10-28 21:43:05',0,'2022-10-28 21:43:05',b'0'),
	(617501404227100672,'32128787988762','江苏',0,'2022-10-28 21:43:05',0,'2022-10-28 21:43:05',b'0'),
	(617502099881779200,'32128787988762','陕西',0,'2022-10-28 21:45:51',0,'2022-10-28 21:45:51',b'0'),
	(617502100192157696,'32128787988762','江苏',0,'2022-10-28 21:45:51',0,'2022-10-28 21:45:51',b'0'),
	(617504281435758592,'32128787988762','陕西',0,'2022-10-28 21:54:31',0,'2022-10-28 21:54:31',b'0'),
	(617504281762914304,'32128787988762','江苏',0,'2022-10-28 21:54:31',0,'2022-10-28 21:54:31',b'0'),
	(617508976556433408,'32128787988762','陕西',0,'2022-10-28 22:13:11',0,'2022-10-28 22:13:11',b'0'),
	(617508976812285952,'32128787988762','江苏',0,'2022-10-28 22:13:11',0,'2022-10-28 22:13:11',b'0'),
	(617517724196855808,'32128787988762','陕西',0,'2022-10-28 22:47:56',0,'2022-10-28 22:47:56',b'0'),
	(617517724435931136,'32128787988762','江苏',0,'2022-10-28 22:47:56',0,'2022-10-28 22:47:56',b'0'),
	(617517944443953152,'32128787988762','陕西',0,'2022-10-28 22:48:49',0,'2022-10-28 22:48:49',b'0'),
	(617517944662056960,'32128787988762','江苏',0,'2022-10-28 22:48:49',0,'2022-10-28 22:48:49',b'0'),
	(617518801524809728,'32128787988762','陕西',0,'2022-10-28 22:52:13',0,'2022-10-28 22:52:13',b'0'),
	(617518801801633792,'32128787988762','江苏',0,'2022-10-28 22:52:13',0,'2022-10-28 22:52:13',b'0'),
	(617533931994144768,'32128787988762','陕西',0,'2022-10-28 23:52:20',0,'2022-10-28 23:52:20',b'0'),
	(617533932258385920,'32128787988762','江苏',0,'2022-10-28 23:52:20',0,'2022-10-28 23:52:20',b'0'),
	(617539180075081728,'32128787988762','陕西',0,'2022-10-29 00:13:12',0,'2022-10-29 00:13:12',b'0'),
	(617539180272214016,'32128787988762','江苏',0,'2022-10-29 00:13:12',0,'2022-10-29 00:13:12',b'0'),
	(617539909397438464,'32128787988762','陕西',0,'2022-10-29 00:16:06',0,'2022-10-29 00:16:06',b'0'),
	(617539909598765056,'32128787988762','江苏',0,'2022-10-29 00:16:06',0,'2022-10-29 00:16:06',b'0'),
	(617550635444920320,'32128787988762','陕西',0,'2022-10-29 00:58:43',0,'2022-10-29 00:58:43',b'0'),
	(617550635772076032,'32128787988762','江苏',0,'2022-10-29 00:58:43',0,'2022-10-29 00:58:43',b'0'),
	(617551194323345408,'32128787988762','陕西',0,'2022-10-29 01:00:56',0,'2022-10-29 01:00:56',b'0'),
	(617551194784718848,'32128787988762','江苏',0,'2022-10-29 01:00:56',0,'2022-10-29 01:00:56',b'0'),
	(617551418718609408,'32128787988762','陕西',0,'2022-10-29 01:01:50',0,'2022-10-29 01:01:50',b'0'),
	(617551418894770176,'32128787988762','江苏',0,'2022-10-29 01:01:50',0,'2022-10-29 01:01:50',b'0'),
	(617551647605972992,'32128787988762','陕西',0,'2022-10-29 01:02:44',0,'2022-10-29 01:02:44',b'0'),
	(617551647920545792,'32128787988762','江苏',0,'2022-10-29 01:02:44',0,'2022-10-29 01:02:44',b'0'),
	(617553052668452864,'32128787988762','陕西',0,'2022-10-29 01:08:19',0,'2022-10-29 01:08:19',b'0'),
	(617553052873973760,'32128787988762','江苏',0,'2022-10-29 01:08:19',0,'2022-10-29 01:08:19',b'0'),
	(617750591736832000,'32128787988762110','江苏',0,'2022-10-29 14:13:16',0,'2022-10-29 14:13:16',b'0'),
	(617752000251224064,'32128787988762120','陕西',0,'2022-10-29 14:18:52',0,'2022-10-29 14:18:52',b'0'),
	(617752991004549120,'32128787988762110','江苏',0,'2022-10-29 14:22:48',0,'2022-10-29 14:22:48',b'0'),
	(617754465059135488,'32128787988762110','江苏',0,'2022-10-29 14:28:40',0,'2022-10-29 14:28:40',b'0'),
	(617755429392539648,'32128787988762110','江苏',0,'2022-10-29 14:32:30',0,'2022-10-29 14:32:30',b'0'),
	(617755722612137984,'32128787988762110','江苏',0,'2022-10-29 14:33:39',0,'2022-10-29 14:33:39',b'0'),
	(617756576580820992,'32128787988762110','江苏',0,'2022-10-29 14:37:03',0,'2022-10-29 14:37:03',b'0'),
	(617756664858337280,'32128787988762110','江苏',0,'2022-10-29 14:37:24',0,'2022-10-29 14:37:24',b'0'),
	(617756859679563776,'32128787988762110','江苏',0,'2022-10-29 14:38:11',0,'2022-10-29 14:38:11',b'0'),
	(617756958333788160,'32128787988762110','江苏',0,'2022-10-29 14:38:34',0,'2022-10-29 14:38:34',b'0'),
	(617757104282984448,'32128787988762110','江苏',0,'2022-10-29 14:39:09',0,'2022-10-29 14:39:09',b'0'),
	(617757459465035776,'32128787988762110','江苏',0,'2022-10-29 14:40:34',0,'2022-10-29 14:40:34',b'0'),
	(617757738424000512,'32128787988762110','江苏',0,'2022-10-29 14:41:40',0,'2022-10-29 14:41:40',b'0'),
	(617758356744101888,'32128787988762110','江苏',0,'2022-10-29 14:44:07',0,'2022-10-29 14:44:07',b'0'),
	(617758430320582656,'32128787988762120','陕西',0,'2022-10-29 14:44:25',0,'2022-10-29 14:44:25',b'0'),
	(617758680129134592,'32128787988762120','陕西',0,'2022-10-29 14:45:25',0,'2022-10-29 14:45:25',b'0'),
	(617759025924333568,'32128787988762120','陕西',0,'2022-10-29 14:46:47',0,'2022-10-29 14:46:47',b'0'),
	(617759026104688640,'32128787988762110','江苏',0,'2022-10-29 14:46:47',0,'2022-10-29 14:46:47',b'0'),
	(617759569837481984,'32128787988762120','陕西',0,'2022-10-29 14:48:57',0,'2022-10-29 14:48:57',b'0'),
	(617759570084945920,'32128787988762110','江苏',0,'2022-10-29 14:48:57',0,'2022-10-29 14:48:57',b'0'),
	(617760120016920576,'32128787988762120','陕西',0,'2022-10-29 14:51:08',0,'2022-10-29 14:51:08',b'0'),
	(617760120411185152,'32128787988762110','江苏',0,'2022-10-29 14:51:08',0,'2022-10-29 14:51:08',b'0'),
	(617760607629926400,'32128787988762120','陕西',0,'2022-10-29 14:53:04',0,'2022-10-29 14:53:04',b'0'),
	(617760607839641600,'32128787988762110','江苏',0,'2022-10-29 14:53:04',0,'2022-10-29 14:53:04',b'0'),
	(617762011794825216,'32128787988762110x','江苏',0,'2022-10-29 14:58:39',0,'2022-10-29 14:58:39',b'0'),
	(617762367413084160,'32128787988762110Y','四川',0,'2022-10-29 15:00:04',0,'2023-03-26 23:55:05',b'0'),
	(617764201246679040,'32128787988762110x','江苏',0,'2022-10-29 15:07:21',0,'2022-10-29 15:07:21',b'0'),
	(617764347724357632,'32128787988762120','陕西',0,'2022-10-29 15:07:56',0,'2022-10-29 15:07:56',b'0'),
	(617764728776876032,'32128787988762120','广西',0,'2022-10-29 15:09:27',0,'2024-02-02 03:47:04',b'0'),
	(617766010870751232,'32128787988762120','陕西',0,'2022-10-29 15:14:32',0,'2022-10-29 15:14:32',b'0'),
	(617766011231461376,'32128787988762110x','江苏',0,'2022-10-29 15:14:32',0,'2022-10-29 15:14:32',b'0'),
	(617766012779159552,'32128787988762110Y','广州',0,'2022-10-29 15:14:33',0,'2022-10-29 15:14:33',b'0'),
	(617766341369323520,'32128787988762110x','江苏',0,'2022-10-29 15:15:51',0,'2022-10-29 15:15:51',b'0'),
	(617766542486200320,'32128787988762120','陕西',0,'2022-10-29 15:16:39',0,'2022-10-29 15:16:39',b'0'),
	(617766542783995904,'32128787988762110x','江苏',0,'2022-10-29 15:16:39',0,'2022-10-29 15:16:39',b'0'),
	(617766544453328896,'32128787988762110Y','广州',0,'2022-10-29 15:16:40',0,'2022-10-29 15:16:40',b'0'),
	(617771768588984320,'32128787988762120','陕西',0,'2022-10-29 15:37:25',0,'2022-10-29 15:37:25',b'0'),
	(617771769046163456,'32128787988762110x','江苏',0,'2022-10-29 15:37:25',0,'2022-10-29 15:37:25',b'0'),
	(617771770862297088,'32128787988762110Y','广州',0,'2022-10-29 15:37:26',0,'2022-10-29 15:37:26',b'0'),
	(617771988001415168,'32128787988762120','陕西',0,'2022-10-29 15:38:17',0,'2022-10-29 15:38:17',b'0'),
	(617771988236296192,'32128787988762110x','江苏',0,'2022-10-29 15:38:17',0,'2022-10-29 15:38:17',b'0'),
	(617771989498781696,'32128787988762110Y','广州',0,'2022-10-29 15:38:18',0,'2022-10-29 15:38:18',b'0'),
	(617777168562446336,'32128787988762120','陕西',0,'2022-10-29 15:58:53',0,'2022-10-29 15:58:53',b'0'),
	(617777168864436224,'32128787988762110x','江苏',0,'2022-10-29 15:58:53',0,'2022-10-29 15:58:53',b'0'),
	(617777170374385664,'32128787988762110Y','广州',0,'2022-10-29 15:58:53',0,'2022-10-29 15:58:53',b'0'),
	(617835482583326720,'32128787988762120','陕西',0,'2022-10-29 19:50:36',0,'2022-10-29 19:50:36',b'0'),
	(617835482797236224,'32128787988762110x','江苏',0,'2022-10-29 19:50:36',0,'2022-10-29 19:50:36',b'0'),
	(617835484093276160,'32128787988762110Y','广州',0,'2022-10-29 19:50:36',0,'2022-10-29 19:50:36',b'0'),
	(617835890663940096,'32128787988762120','陕西',0,'2022-10-29 19:52:13',0,'2022-10-29 19:52:13',b'0'),
	(617835890886238208,'32128787988762110x','江苏',0,'2022-10-29 19:52:13',0,'2022-10-29 19:52:13',b'0'),
	(617835892240998400,'32128787988762110Y','广州',0,'2022-10-29 19:52:13',0,'2022-10-29 19:52:13',b'0'),
	(617859257177661440,'32128787988762120','陕西',0,'2022-10-29 21:25:04',0,'2022-10-29 21:25:04',b'0'),
	(617859257399959552,'32128787988762110x','江苏',0,'2022-10-29 21:25:04',0,'2022-10-29 21:25:04',b'0'),
	(617859258628890624,'32128787988762110Y','广州',0,'2022-10-29 21:25:04',0,'2022-10-29 21:25:04',b'0'),
	(617867247599411200,'32128787988762120','陕西',0,'2022-10-29 21:56:49',0,'2022-10-29 21:56:49',b'0'),
	(617867247804932096,'32128787988762110x','江苏',0,'2022-10-29 21:56:49',0,'2022-10-29 21:56:49',b'0'),
	(617867249260355584,'32128787988762110Y','广州',0,'2022-10-29 21:56:49',0,'2022-10-29 21:56:49',b'0'),
	(617867414696288256,'32128787988762120','陕西',0,'2022-10-29 21:57:29',0,'2022-10-29 21:57:29',b'0'),
	(617867414952140800,'32128787988762110x','江苏',0,'2022-10-29 21:57:29',0,'2022-10-29 21:57:29',b'0'),
	(617867416445313024,'32128787988762110Y','广州',0,'2022-10-29 21:57:29',0,'2022-10-29 21:57:29',b'0'),
	(617907914027491328,'32128787988762120','陕西',0,'2022-10-30 00:38:25',0,'2022-10-30 00:38:25',b'0'),
	(617907914207846400,'32128787988762110x','江苏',0,'2022-10-30 00:38:25',0,'2022-10-30 00:38:25',b'0'),
	(617907915617132544,'32128787988762110Y','广州',0,'2022-10-30 00:38:25',0,'2022-10-30 00:38:25',b'0'),
	(619302913621286912,'32128787988762120','陕西',0,'2022-11-02 21:01:39',0,'2022-11-02 21:01:39',b'0'),
	(619302913768087552,'32128787988762110x','江苏',0,'2022-11-02 21:01:39',0,'2022-11-02 21:01:39',b'0'),
	(619302914837635072,'32128787988762110Y','广州',0,'2022-11-02 21:01:39',0,'2022-11-02 21:01:39',b'0'),
	(619308548807122944,'32128787988762120','陕西',0,'2022-11-02 21:24:02',0,'2022-11-02 21:24:02',b'0'),
	(619308548991672320,'32128787988762110x','江苏',0,'2022-11-02 21:24:02',0,'2022-11-02 21:24:02',b'0'),
	(619308550606479360,'32128787988762110Y','广州',0,'2022-11-02 21:24:02',0,'2022-11-02 21:24:02',b'0'),
	(619308940928409600,'32128787988762120','陕西',0,'2022-11-02 21:25:36',0,'2022-11-02 21:25:36',b'0'),
	(619308941217816576,'32128787988762110x','江苏',0,'2022-11-02 21:25:36',0,'2022-11-02 21:25:36',b'0'),
	(619308942476107776,'32128787988762110Y','广州',0,'2022-11-02 21:25:36',0,'2022-11-02 21:25:36',b'0'),
	(619315189329879040,'32128787988762120','陕西',0,'2022-11-02 21:50:25',0,'2022-11-02 21:50:25',b'0'),
	(619315189514428416,'32128787988762110x','江苏',0,'2022-11-02 21:50:25',0,'2022-11-02 21:50:25',b'0'),
	(619315190852411392,'32128787988762110Y','广州',0,'2022-11-02 21:50:26',0,'2022-11-02 21:50:26',b'0'),
	(619907501021732864,'32128787988762120','陕西',0,'2022-11-04 13:04:03',0,'2022-11-04 13:04:03',b'0'),
	(619907501214670848,'32128787988762110x','江苏',0,'2022-11-04 13:04:03',0,'2022-11-04 13:04:03',b'0'),
	(619907502493933568,'32128787988762110Y','广州',0,'2022-11-04 13:04:04',0,'2022-11-04 13:04:04',b'0'),
	(622028866340446208,'32128787988762120','陕西',0,'2022-11-10 09:33:36',0,'2022-11-10 09:33:36',b'0'),
	(622028866545967104,'32128787988762110x','江苏',0,'2022-11-10 09:33:36',0,'2022-11-10 09:33:36',b'0'),
	(622028867925893120,'32128787988762110Y','广州',0,'2022-11-10 09:33:37',0,'2022-11-10 09:33:37',b'0'),
	(622131300463206400,'32128787988762120','陕西',0,'2022-11-10 16:20:38',0,'2022-11-10 16:20:38',b'0'),
	(622131300677115904,'32128787988762110x','江苏',0,'2022-11-10 16:20:39',0,'2022-11-10 16:20:39',b'0'),
	(622131301935407104,'32128787988762110Y','广州',0,'2022-11-10 16:20:39',0,'2022-11-10 16:20:39',b'0'),
	(626173819236675584,'32128787988762120','陕西',0,'2022-11-21 20:04:10',0,'2022-11-21 20:04:10',b'0'),
	(626173819400253440,'32128787988762110x','江苏',0,'2022-11-21 20:04:10',0,'2022-11-21 20:04:10',b'0'),
	(626173820314611712,'32128787988762110Y','广州',0,'2022-11-21 20:04:10',0,'2022-11-21 20:04:10',b'0'),
	(627206595809398784,'32128787988762120','陕西',0,'2022-11-24 16:28:03',0,'2022-11-24 16:28:03',b'0'),
	(627206595989753856,'32128787988762110x','江苏',0,'2022-11-24 16:28:03',0,'2022-11-24 16:28:03',b'0'),
	(627206596979609600,'32128787988762110Y','广州',0,'2022-11-24 16:28:03',0,'2022-11-24 16:28:03',b'0'),
	(627549167853522944,'32128787988762120','陕西',0,'2022-11-25 15:09:19',0,'2022-11-25 15:09:19',b'0'),
	(627549168059043840,'32128787988762110x','江苏',0,'2022-11-25 15:09:19',0,'2022-11-25 15:09:19',b'0'),
	(627549169346695168,'32128787988762110Y','广州',0,'2022-11-25 15:09:19',0,'2022-11-25 15:09:19',b'0'),
	(627550900818300928,'32128787988762120','陕西',0,'2022-11-25 15:16:12',0,'2022-11-25 15:16:12',b'0'),
	(627550901019627520,'32128787988762110x','江苏',0,'2022-11-25 15:16:12',0,'2022-11-25 15:16:12',b'0'),
	(627550902294695936,'32128787988762110Y','广州',0,'2022-11-25 15:16:12',0,'2022-11-25 15:16:12',b'0'),
	(627581009973497856,'32128787988762120','陕西',0,'2022-11-25 17:15:50',0,'2022-11-25 17:15:50',b'0'),
	(627581010158047232,'32128787988762110x','江苏',0,'2022-11-25 17:15:51',0,'2022-11-25 17:15:51',b'0'),
	(627581011110154240,'32128787988762110Y','广州',0,'2022-11-25 17:15:51',0,'2022-11-25 17:15:51',b'0'),
	(627601761766494208,'32128787988762120','陕西',0,'2022-11-25 18:38:18',0,'2022-11-25 18:38:18',b'0'),
	(627601762072678400,'32128787988762110x','江苏',0,'2022-11-25 18:38:18',0,'2022-11-25 18:38:18',b'0'),
	(627601763775565824,'32128787988762110Y','广州',0,'2022-11-25 18:38:19',0,'2022-11-25 18:38:19',b'0'),
	(627602780613267456,'32128787988762120','陕西',0,'2022-11-25 18:42:21',0,'2022-11-25 18:42:21',b'0'),
	(627602780810399744,'32128787988762110x','江苏',0,'2022-11-25 18:42:21',0,'2022-11-25 18:42:21',b'0'),
	(627602782093856768,'32128787988762110Y','广州',0,'2022-11-25 18:42:21',0,'2022-11-25 18:42:21',b'0'),
	(627604483190312960,'32128787988762120','陕西',0,'2022-11-25 18:49:07',0,'2022-11-25 18:49:07',b'0'),
	(627604483404222464,'32128787988762110x','江苏',0,'2022-11-25 18:49:07',0,'2022-11-25 18:49:07',b'0'),
	(627604484658319360,'32128787988762110Y','广州',0,'2022-11-25 18:49:07',0,'2022-11-25 18:49:07',b'0'),
	(659196320384315392,'32128787988762120','陕西',0,'2023-02-20 23:03:48',0,'2023-02-20 23:03:48',b'0'),
	(659196320573059072,'32128787988762110x','江苏',0,'2023-02-20 23:03:48',0,'2023-02-20 23:03:48',b'0'),
	(659196321520971776,'32128787988762110Y','广州',0,'2023-02-20 23:03:48',0,'2023-02-20 23:03:48',b'0'),
	(659921205498769408,'32128787988762120','陕西',0,'2023-02-22 23:04:14',0,'2023-02-22 23:04:14',b'0'),
	(659921205750427648,'32128787988762110x','江苏',0,'2023-02-22 23:04:14',0,'2023-02-22 23:04:14',b'0'),
	(659921207092604928,'32128787988762110Y','广州',0,'2023-02-22 23:04:14',0,'2023-02-22 23:04:14',b'0'),
	(660275232161939456,'32128787988762120','陕西',0,'2023-02-23 22:31:00',0,'2023-02-23 22:31:00',b'0'),
	(660275232510066688,'32128787988762110x','江苏',0,'2023-02-23 22:31:01',0,'2023-02-23 22:31:01',b'0'),
	(660275234070347776,'32128787988762110Y','广州',0,'2023-02-23 22:31:01',0,'2023-02-23 22:31:01',b'0'),
	(660457826593816576,'32128787988762120','陕西',0,'2023-02-24 10:36:34',0,'2023-02-24 10:36:34',b'0'),
	(660457826895806464,'32128787988762110x','江苏',0,'2023-02-24 10:36:34',0,'2023-02-24 10:36:34',b'0'),
	(660457828372201472,'32128787988762110Y','广州',0,'2023-02-24 10:36:35',0,'2023-02-24 10:36:35',b'0'),
	(660617708076810240,'32128787988762120','陕西',0,'2023-02-24 21:11:53',0,'2023-02-24 21:11:53',b'0'),
	(660617708273942528,'32128787988762110x','江苏',0,'2023-02-24 21:11:53',0,'2023-02-24 21:11:53',b'0'),
	(660617709683228672,'32128787988762110Y','广州',0,'2023-02-24 21:11:53',0,'2023-02-24 21:11:53',b'0'),
	(663183997869764608,'32128787988762120','陕西',0,'2023-03-03 23:09:24',0,'2023-03-03 23:09:24',b'0'),
	(663183998209503232,'32128787988762110x','江苏',0,'2023-03-03 23:09:24',0,'2023-03-03 23:09:24',b'0'),
	(663183999505543168,'32128787988762110Y','广州',0,'2023-03-03 23:09:25',0,'2023-03-03 23:09:25',b'0'),
	(664155741799591936,'32128787988762120','陕西',0,'2023-03-06 15:30:46',0,'2023-03-06 15:30:46',b'0'),
	(664155742076416000,'32128787988762110x','江苏',0,'2023-03-06 15:30:46',0,'2023-03-06 15:30:46',b'0'),
	(664155743515062272,'32128787988762110Y','广州',0,'2023-03-06 15:30:46',0,'2023-03-06 15:30:46',b'0'),
	(664178779110780928,'32128787988762120','陕西',0,'2023-03-06 17:02:19',0,'2023-03-06 17:02:19',b'0'),
	(664178779404382208,'32128787988762110x','江苏',0,'2023-03-06 17:02:19',0,'2023-03-06 17:02:19',b'0'),
	(664178780939497472,'32128787988762110Y','广州',0,'2023-03-06 17:02:19',0,'2023-03-06 17:02:19',b'0'),
	(664187100672831488,'32128787988762120','陕西',0,'2023-03-06 17:35:23',0,'2023-03-06 17:35:23',b'0'),
	(664187100983209984,'32128787988762110x','江苏',0,'2023-03-06 17:35:23',0,'2023-03-06 17:35:23',b'0'),
	(664187102203752448,'32128787988762110Y','广州',0,'2023-03-06 17:35:23',0,'2023-03-06 17:35:23',b'0'),
	(664190397555159040,'32128787988762120','陕西',0,'2023-03-06 17:48:29',0,'2023-03-06 17:48:29',b'0'),
	(664190397882314752,'32128787988762110x','江苏',0,'2023-03-06 17:48:29',0,'2023-03-06 17:48:29',b'0'),
	(664190399258046464,'32128787988762110Y','广州',0,'2023-03-06 17:48:29',0,'2023-03-06 17:48:29',b'0'),
	(664191343295213568,'32128787988762120','陕西',0,'2023-03-06 17:52:14',0,'2023-03-06 17:52:14',b'0'),
	(664191343639146496,'32128787988762110x','江苏',0,'2023-03-06 17:52:14',0,'2023-03-06 17:52:14',b'0'),
	(664191344939380736,'32128787988762110Y','广州',0,'2023-03-06 17:52:15',0,'2023-03-06 17:52:15',b'0'),
	(664191560501440512,'32128787988762120','陕西',0,'2023-03-06 17:53:06',0,'2023-03-06 17:53:06',b'0'),
	(664191560702767104,'32128787988762110x','江苏',0,'2023-03-06 17:53:06',0,'2023-03-06 17:53:06',b'0'),
	(664191562200133632,'32128787988762110Y','广州',0,'2023-03-06 17:53:06',0,'2023-03-06 17:53:06',b'0'),
	(664268088585236480,'32128787988762120','陕西',0,'2023-03-06 22:57:12',0,'2023-03-06 22:57:12',b'0'),
	(664268088786563072,'32128787988762110x','江苏',0,'2023-03-06 22:57:12',0,'2023-03-06 22:57:12',b'0'),
	(664268090174877696,'32128787988762110Y','广州',0,'2023-03-06 22:57:12',0,'2023-03-06 22:57:12',b'0'),
	(664988587464392704,'32128787988762120','陕西',0,'2023-03-08 22:40:12',0,'2023-03-08 22:40:12',b'0'),
	(664988587724439552,'32128787988762110x','江苏',0,'2023-03-08 22:40:12',0,'2023-03-08 22:40:12',b'0'),
	(664988589146308608,'32128787988762110Y','广州',0,'2023-03-08 22:40:12',0,'2023-03-08 22:40:12',b'0'),
	(664989094085984256,'32128787988762120','陕西',0,'2023-03-08 22:42:13',0,'2023-03-08 22:42:13',b'0'),
	(664989094299893760,'32128787988762110x','江苏',0,'2023-03-08 22:42:13',0,'2023-03-08 22:42:13',b'0'),
	(664989095897923584,'32128787988762110Y','广州',0,'2023-03-08 22:42:13',0,'2023-03-08 22:42:13',b'0'),
	(665284791985270784,'32128787988762120','陕西',0,'2023-03-09 18:17:13',0,'2023-03-09 18:17:13',b'0'),
	(665284792345980928,'32128787988762110x','江苏',0,'2023-03-09 18:17:13',0,'2023-03-09 18:17:13',b'0'),
	(665284793755267072,'32128787988762110Y','广州',0,'2023-03-09 18:17:13',0,'2023-03-09 18:17:13',b'0'),
	(665291320041959424,'32128787988762120','陕西',0,'2023-03-09 18:43:09',0,'2023-03-09 18:43:09',b'0'),
	(665291320402669568,'32128787988762110x','江苏',0,'2023-03-09 18:43:09',0,'2023-03-09 18:43:09',b'0'),
	(665291322122334208,'32128787988762110Y','广州',0,'2023-03-09 18:43:10',0,'2023-03-09 18:43:10',b'0'),
	(665297994958008320,'32128787988762120','陕西',0,'2023-03-09 19:09:40',0,'2023-03-09 19:09:40',b'0'),
	(665297995280969728,'32128787988762110x','江苏',0,'2023-03-09 19:09:41',0,'2023-03-09 19:09:41',b'0'),
	(665297996761559040,'32128787988762110Y','广州',0,'2023-03-09 19:09:41',0,'2023-03-09 19:09:41',b'0'),
	(665307252319612928,'32128787988762120','陕西',0,'2023-03-09 19:46:28',0,'2023-03-09 19:46:28',b'0'),
	(665307252621602816,'32128787988762110x','江苏',0,'2023-03-09 19:46:28',0,'2023-03-09 19:46:28',b'0'),
	(665307254060249088,'32128787988762110Y','广州',0,'2023-03-09 19:46:28',0,'2023-03-09 19:46:28',b'0'),
	(665308624800739328,'32128787988762120','陕西',0,'2023-03-09 19:51:55',0,'2023-03-09 19:51:55',b'0'),
	(665308625023037440,'32128787988762110x','江苏',0,'2023-03-09 19:51:55',0,'2023-03-09 19:51:55',b'0'),
	(665308626562347008,'32128787988762110Y','广州',0,'2023-03-09 19:51:55',0,'2023-03-09 19:51:55',b'0'),
	(665341514800459776,'32128787988762120','陕西',0,'2023-03-09 22:02:36',0,'2023-03-09 22:02:36',b'0'),
	(665341516369129472,'32128787988762110Y','广州',0,'2023-03-09 22:02:37',0,'2023-03-09 22:02:37',b'0'),
	(665348478020382720,'32128787988762120','陕西',0,'2023-03-09 22:30:17',0,'2023-03-09 22:30:17',b'0'),
	(665357128151625728,'32128787988762120','陕西',0,'2023-03-09 23:04:39',0,'2023-03-09 23:04:39',b'0'),
	(665357281285664768,'32128787988762120','陕西',0,'2023-03-09 23:05:15',0,'2023-03-09 23:05:15',b'0'),
	(665357281562488832,'32128787988762110x','江苏',0,'2023-03-09 23:05:15',0,'2023-03-09 23:05:15',b'0'),
	(665357283152130048,'32128787988762110Y','广州',0,'2023-03-09 23:05:16',0,'2023-03-09 23:05:16',b'0'),
	(665359691873808384,'32128787988762120','陕西',0,'2023-03-09 23:14:50',0,'2023-03-09 23:14:50',b'0'),
	(665359692226129920,'32128787988762110x','江苏',0,'2023-03-09 23:14:50',0,'2023-03-09 23:14:50',b'0'),
	(665359693811576832,'32128787988762110Y','广州',0,'2023-03-09 23:14:51',0,'2023-03-09 23:14:51',b'0'),
	(665360700545200128,'32128787988762120','陕西',0,'2023-03-09 23:18:51',0,'2023-03-09 23:18:51',b'0'),
	(665360700868161536,'32128787988762110x','江苏',0,'2023-03-09 23:18:51',0,'2023-03-09 23:18:51',b'0'),
	(665360702470385664,'32128787988762110Y','广州',0,'2023-03-09 23:18:51',0,'2023-03-09 23:18:51',b'0'),
	(665362142098124800,'32128787988762120','陕西',0,'2023-03-09 23:24:34',0,'2023-03-09 23:24:34',b'0'),
	(665362142458834944,'32128787988762110x','江苏',0,'2023-03-09 23:24:34',0,'2023-03-09 23:24:34',b'0'),
	(665362143998144512,'32128787988762110Y','广州',0,'2023-03-09 23:24:35',0,'2023-03-09 23:24:35',b'0'),
	(665363100450451456,'32128787988762120','陕西',0,'2023-03-09 23:28:23',0,'2023-03-09 23:28:23',b'0'),
	(665363100911824896,'32128787988762110x','江苏',0,'2023-03-09 23:28:23',0,'2023-03-09 23:28:23',b'0'),
	(665363102480494592,'32128787988762110Y','广州',0,'2023-03-09 23:28:23',0,'2023-03-09 23:28:23',b'0'),
	(665364341289152512,'32128787988762120','陕西',0,'2023-03-09 23:33:19',0,'2023-03-09 23:33:19',b'0'),
	(665364341490479104,'32128787988762110x','江苏',0,'2023-03-09 23:33:19',0,'2023-03-09 23:33:19',b'0'),
	(665364342400643072,'32128787988762110Y','广州',0,'2023-03-09 23:33:19',0,'2023-03-09 23:33:19',b'0'),
	(665368035204296704,'32128787988762120','陕西',0,'2023-03-09 23:47:59',0,'2023-03-09 23:47:59',b'0'),
	(665368035581784064,'32128787988762110x','江苏',0,'2023-03-09 23:47:59',0,'2023-03-09 23:47:59',b'0'),
	(665368037146259456,'32128787988762110Y','广州',0,'2023-03-09 23:48:00',0,'2023-03-09 23:48:00',b'0'),
	(665369419903430656,'32128787988762120','陕西',0,'2023-03-09 23:53:29',0,'2023-03-09 23:53:29',b'0'),
	(665369420197031936,'32128787988762110x','江苏',0,'2023-03-09 23:53:30',0,'2023-03-09 23:53:30',b'0'),
	(665369421761507328,'32128787988762110Y','广州',0,'2023-03-09 23:53:30',0,'2023-03-09 23:53:30',b'0'),
	(665370849410314240,'32128787988762120','陕西',0,'2023-03-09 23:59:10',0,'2023-03-09 23:59:10',b'0'),
	(665370849775218688,'32128787988762110x','江苏',0,'2023-03-09 23:59:10',0,'2023-03-09 23:59:10',b'0'),
	(665370851494883328,'32128787988762110Y','广州',0,'2023-03-09 23:59:11',0,'2023-03-09 23:59:11',b'0'),
	(665373336989102080,'32128787988762120','陕西',0,'2023-03-10 00:09:03',0,'2023-03-10 00:09:03',b'0'),
	(665373337324646400,'32128787988762110x','江苏',0,'2023-03-10 00:09:03',0,'2023-03-10 00:09:03',b'0'),
	(665373338851373056,'32128787988762110Y','广州',0,'2023-03-10 00:09:04',0,'2023-03-10 00:09:04',b'0'),
	(665384548887982080,'32128787988762120','陕西',0,'2023-03-10 00:53:37',0,'2023-03-10 00:53:37',b'0'),
	(665384549324189696,'32128787988762110x','江苏',0,'2023-03-10 00:53:37',0,'2023-03-10 00:53:37',b'0'),
	(665384550951579648,'32128787988762110Y','广州',0,'2023-03-10 00:53:37',0,'2023-03-10 00:53:37',b'0'),
	(665385263542857728,'32128787988762120','陕西',0,'2023-03-10 00:56:27',0,'2023-03-10 00:56:27',b'0'),
	(665385263828070400,'32128787988762110x','江苏',0,'2023-03-10 00:56:27',0,'2023-03-10 00:56:27',b'0'),
	(665385265182830592,'32128787988762110Y','广州',0,'2023-03-10 00:56:27',0,'2023-03-10 00:56:27',b'0'),
	(665390291238285312,'32128787988762120','陕西',0,'2023-03-10 01:16:26',0,'2023-03-10 01:16:26',b'0'),
	(665390291406057472,'32128787988762110x','江苏',0,'2023-03-10 01:16:26',0,'2023-03-10 01:16:26',b'0'),
	(665390292681125888,'32128787988762110Y','广州',0,'2023-03-10 01:16:26',0,'2023-03-10 01:16:26',b'0'),
	(665506593873358848,'32128787988762120','陕西',0,'2023-03-10 08:58:34',0,'2023-03-10 08:58:34',b'0'),
	(665506594141794304,'32128787988762110x','江苏',0,'2023-03-10 08:58:34',0,'2023-03-10 08:58:34',b'0'),
	(665506595463000064,'32128787988762110Y','广州',0,'2023-03-10 08:58:35',0,'2023-03-10 08:58:35',b'0'),
	(665507859672363008,'32128787988762120','陕西',0,'2023-03-10 09:03:36',0,'2023-03-10 09:03:36',b'0'),
	(665507860095987712,'32128787988762110x','江苏',0,'2023-03-10 09:03:36',0,'2023-03-10 09:03:36',b'0'),
	(665507861572382720,'32128787988762110Y','广州',0,'2023-03-10 09:03:37',0,'2023-03-10 09:03:37',b'0'),
	(665531031251611648,'32128787988762120','陕西',0,'2023-03-10 10:35:41',0,'2023-03-10 10:35:41',b'0'),
	(665531031557795840,'32128787988762110x','江苏',0,'2023-03-10 10:35:41',0,'2023-03-10 10:35:41',b'0'),
	(665531032933527552,'32128787988762110Y','广州',0,'2023-03-10 10:35:41',0,'2023-03-10 10:35:41',b'0'),
	(665532544355168256,'32128787988762120','陕西',0,'2023-03-10 10:41:41',0,'2023-03-10 10:41:41',b'0'),
	(665532544548106240,'32128787988762110x','江苏',0,'2023-03-10 10:41:41',0,'2023-03-10 10:41:41',b'0'),
	(665532545374384128,'32128787988762110Y','广州',0,'2023-03-10 10:41:42',0,'2023-03-10 10:41:42',b'0'),
	(665533071268802560,'32128787988762120','陕西',0,'2023-03-10 10:43:47',0,'2023-03-10 10:43:47',b'0'),
	(665533071524655104,'32128787988762110x','江苏',0,'2023-03-10 10:43:47',0,'2023-03-10 10:43:47',b'0'),
	(665533072971689984,'32128787988762110Y','广州',0,'2023-03-10 10:43:47',0,'2023-03-10 10:43:47',b'0'),
	(665533221286473728,'32128787988762120','陕西',0,'2023-03-10 10:44:23',0,'2023-03-10 10:44:23',b'0'),
	(665533221605240832,'32128787988762110x','江苏',0,'2023-03-10 10:44:23',0,'2023-03-10 10:44:23',b'0'),
	(665533222980972544,'32128787988762110Y','广州',0,'2023-03-10 10:44:23',0,'2023-03-10 10:44:23',b'0'),
	(665533389998157824,'32128787988762120','陕西',0,'2023-03-10 10:45:03',0,'2023-03-10 10:45:03',b'0'),
	(665533390425976832,'32128787988762110x','江苏',0,'2023-03-10 10:45:03',0,'2023-03-10 10:45:03',b'0'),
	(665533391826874368,'32128787988762110Y','广州',0,'2023-03-10 10:45:03',0,'2023-03-10 10:45:03',b'0'),
	(665533557212475392,'32128787988762120','陕西',0,'2023-03-10 10:45:43',0,'2023-03-10 10:45:43',b'0'),
	(665533557430579200,'32128787988762110x','江苏',0,'2023-03-10 10:45:43',0,'2023-03-10 10:45:43',b'0'),
	(665533558852448256,'32128787988762110Y','广州',0,'2023-03-10 10:45:43',0,'2023-03-10 10:45:43',b'0'),
	(665534669655142400,'32128787988762120','陕西',0,'2023-03-10 10:50:08',0,'2023-03-10 10:50:08',b'0'),
	(665534669919383552,'32128787988762110x','江苏',0,'2023-03-10 10:50:08',0,'2023-03-10 10:50:08',b'0'),
	(665534671240589312,'32128787988762110Y','广州',0,'2023-03-10 10:50:08',0,'2023-03-10 10:50:08',b'0'),
	(665535013407715328,'32128787988762120','陕西',0,'2023-03-10 10:51:30',0,'2023-03-10 10:51:30',b'0'),
	(665535013625819136,'32128787988762110x','江苏',0,'2023-03-10 10:51:30',0,'2023-03-10 10:51:30',b'0'),
	(665535014837972992,'32128787988762110Y','广州',0,'2023-03-10 10:51:30',0,'2023-03-10 10:51:30',b'0'),
	(665535359215497216,'32128787988762120','陕西',0,'2023-03-10 10:52:52',0,'2023-03-10 10:52:52',b'0'),
	(665535359530070016,'32128787988762110x','江苏',0,'2023-03-10 10:52:53',0,'2023-03-10 10:52:53',b'0'),
	(665535360851275776,'32128787988762110Y','广州',0,'2023-03-10 10:52:53',0,'2023-03-10 10:52:53',b'0'),
	(665536416930885632,'32128787988762120','陕西',0,'2023-03-10 10:57:05',0,'2023-03-10 10:57:05',b'0'),
	(665536417165766656,'32128787988762110x','江苏',0,'2023-03-10 10:57:05',0,'2023-03-10 10:57:05',b'0'),
	(665536418512138240,'32128787988762110Y','广州',0,'2023-03-10 10:57:05',0,'2023-03-10 10:57:05',b'0'),
	(665538817712746496,'32128787988762120','陕西',0,'2023-03-10 11:06:37',0,'2023-03-10 11:06:37',b'0'),
	(665538818056679424,'32128787988762110x','江苏',0,'2023-03-10 11:06:37',0,'2023-03-10 11:06:37',b'0'),
	(665538819361107968,'32128787988762110Y','广州',0,'2023-03-10 11:06:37',0,'2023-03-10 11:06:37',b'0'),
	(665551747804065792,'42128787988762110x','江苏',0,'2023-03-10 11:58:00',0,'2024-02-02 03:47:04',b'0'),
	(665551748076695552,'32128787988762110x','江苏',0,'2023-03-10 11:58:00',0,'2023-03-10 11:58:00',b'0'),
	(665551749246906368,'32128787988762110Y','广州',0,'2023-03-10 11:58:00',0,'2023-03-10 11:58:00',b'0'),
	(665552241452675072,'32128787988762120','陕西',0,'2023-03-10 11:59:58',0,'2023-03-10 11:59:58',b'0'),
	(665552241796608000,'32128787988762110x','江苏',0,'2023-03-10 11:59:58',0,'2023-03-10 11:59:58',b'0'),
	(665552242996178944,'32128787988762110Y','广州',0,'2023-03-10 11:59:58',0,'2023-03-10 11:59:58',b'0'),
	(665555127918161920,'32128787988762120','陕西',0,'2023-03-10 12:11:26',0,'2023-03-10 12:11:26',b'0'),
	(665555128157237248,'32128787988762110x','江苏',0,'2023-03-10 12:11:26',0,'2023-03-10 12:11:26',b'0'),
	(665555129532968960,'32128787988762110Y','广州',0,'2023-03-10 12:11:26',0,'2023-03-10 12:11:26',b'0'),
	(665558231476629504,'32128787988762120','陕西',0,'2023-03-10 12:23:46',0,'2023-03-10 12:23:46',b'0'),
	(665558231711510528,'32128787988762110x','江苏',0,'2023-03-10 12:23:46',0,'2023-03-10 12:23:46',b'0'),
	(665558233003356160,'32128787988762110Y','广州',0,'2023-03-10 12:23:46',0,'2023-03-10 12:23:46',b'0'),
	(665561513402068992,'32128787988762120','陕西',0,'2023-03-10 12:36:48',0,'2023-03-10 12:36:48',b'0'),
	(665561513632755712,'32128787988762110x','江苏',0,'2023-03-10 12:36:48',0,'2023-03-10 12:36:48',b'0'),
	(665561515012681728,'32128787988762110Y','广州',0,'2023-03-10 12:36:49',0,'2023-03-10 12:36:49',b'0'),
	(665561819078750208,'32128787988762120','陕西',0,'2023-03-10 12:38:01',0,'2023-03-10 12:38:01',b'0'),
	(665561819380740096,'32128787988762110x','江苏',0,'2023-03-10 12:38:01',0,'2023-03-10 12:38:01',b'0'),
	(665561820727111680,'32128787988762110Y','广州',0,'2023-03-10 12:38:01',0,'2023-03-10 12:38:01',b'0'),
	(665562710586454016,'32128787988762120','陕西',0,'2023-03-10 12:41:34',0,'2023-03-10 12:41:34',b'0'),
	(665562710884249600,'32128787988762110x','江苏',0,'2023-03-10 12:41:34',0,'2023-03-10 12:41:34',b'0'),
	(665562712268369920,'32128787988762110Y','广州',0,'2023-03-10 12:41:34',0,'2023-03-10 12:41:34',b'0'),
	(665578038397792256,'32128787988762120','陕西',0,'2023-03-10 13:42:28',0,'2023-03-10 13:42:28',b'0'),
	(665578038557175808,'32128787988762110x','江苏',0,'2023-03-10 13:42:28',0,'2023-03-10 13:42:28',b'0'),
	(665578039345704960,'32128787988762110Y','广州',0,'2023-03-10 13:42:28',0,'2023-03-10 13:42:28',b'0'),
	(665578231511937024,'32128787988762120','陕西',0,'2023-03-10 13:43:14',0,'2023-03-10 13:43:14',b'0'),
	(665578231872647168,'32128787988762110x','江苏',0,'2023-03-10 13:43:14',0,'2023-03-10 13:43:14',b'0'),
	(665578233198047232,'32128787988762110Y','广州',0,'2023-03-10 13:43:14',0,'2023-03-10 13:43:14',b'0'),
	(665579107815288832,'32128787988762120','陕西',0,'2023-03-10 13:46:43',0,'2023-03-10 13:46:43',b'0'),
	(665579108545097728,'32128787988762110x','江苏',0,'2023-03-10 13:46:43',0,'2023-03-10 13:46:43',b'0'),
	(665579110382202880,'32128787988762110Y','广州',0,'2023-03-10 13:46:44',0,'2023-03-10 13:46:44',b'0'),
	(665582014140805120,'32128787988762120','陕西',0,'2023-03-10 13:58:16',0,'2023-03-10 13:58:16',b'0'),
	(665582014384074752,'32128787988762110x','江苏',0,'2023-03-10 13:58:16',0,'2023-03-10 13:58:16',b'0'),
	(665582015873052672,'32128787988762110Y','广州',0,'2023-03-10 13:58:16',0,'2023-03-10 13:58:16',b'0'),
	(665591368546021376,'32128787988762120','陕西',0,'2023-03-10 14:35:26',0,'2023-03-10 14:35:26',b'0'),
	(665591368839622656,'32128787988762110x','江苏',0,'2023-03-10 14:35:26',0,'2023-03-10 14:35:26',b'0'),
	(665591370244714496,'32128787988762110Y','广州',0,'2023-03-10 14:35:27',0,'2023-03-10 14:35:27',b'0'),
	(665664284453269504,'32128787988762120','陕西',0,'2023-03-10 19:25:11',0,'2023-03-10 19:25:11',b'0'),
	(665664284675567616,'32128787988762110x','江苏',0,'2023-03-10 19:25:11',0,'2023-03-10 19:25:11',b'0'),
	(665664285891915776,'32128787988762110Y','广州',0,'2023-03-10 19:25:11',0,'2023-03-10 19:25:11',b'0'),
	(665668591340777472,'32128787988762120','陕西',0,'2023-03-10 19:42:18',0,'2023-03-10 19:42:18',b'0'),
	(665668591575658496,'32128787988762110x','江苏',0,'2023-03-10 19:42:18',0,'2023-03-10 19:42:18',b'0'),
	(665668592867504128,'32128787988762110Y','广州',0,'2023-03-10 19:42:18',0,'2023-03-10 19:42:18',b'0'),
	(665670085314113536,'32128787988762120','陕西',0,'2023-03-10 19:48:14',0,'2023-03-10 19:48:14',b'0'),
	(665670085590937600,'32128787988762110x','江苏',0,'2023-03-10 19:48:14',0,'2023-03-10 19:48:14',b'0'),
	(665670087147024384,'32128787988762110Y','广州',0,'2023-03-10 19:48:14',0,'2023-03-10 19:48:14',b'0'),
	(665671454175555584,'32128787988762120','陕西',0,'2023-03-10 19:53:40',0,'2023-03-10 19:53:40',b'0'),
	(665671454418825216,'32128787988762110x','江苏',0,'2023-03-10 19:53:40',0,'2023-03-10 19:53:40',b'0'),
	(665671455945551872,'32128787988762110Y','广州',0,'2023-03-10 19:53:40',0,'2023-03-10 19:53:40',b'0'),
	(665673866269454336,'32128787988762120','陕西',0,'2023-03-10 20:03:15',0,'2023-03-10 20:03:15',b'0'),
	(665673866982486016,'32128787988762110x','江苏',0,'2023-03-10 20:03:15',0,'2023-03-10 20:03:15',b'0'),
	(665675972296601600,'32128787988762120','陕西',0,'2023-03-10 20:11:37',0,'2023-03-10 20:11:37',b'0'),
	(665675972623757312,'32128787988762110x','江苏',0,'2023-03-10 20:11:37',0,'2023-03-10 20:11:37',b'0'),
	(665675974368587776,'32128787988762110Y','广州',0,'2023-03-10 20:11:38',0,'2023-03-10 20:11:38',b'0'),
	(665677969838075904,'32128787988762120','陕西',0,'2023-03-10 20:19:34',0,'2023-03-10 20:19:34',b'0'),
	(665677970077151232,'32128787988762110x','江苏',0,'2023-03-10 20:19:34',0,'2023-03-10 20:19:34',b'0'),
	(665677971339636736,'32128787988762110Y','广州',0,'2023-03-10 20:19:34',0,'2023-03-10 20:19:34',b'0'),
	(665689625607565312,'32128787988762120','陕西',0,'2023-03-10 21:05:52',0,'2023-03-10 21:05:52',b'0'),
	(665689625913749504,'32128787988762110x','江苏',0,'2023-03-10 21:05:53',0,'2023-03-10 21:05:53',b'0'),
	(665689627394338816,'32128787988762110Y','广州',0,'2023-03-10 21:05:53',0,'2023-03-10 21:05:53',b'0'),
	(665726156904886272,'32128787988762120','陕西',0,'2023-03-10 23:31:02',0,'2023-03-10 23:31:02',b'0'),
	(665726157198487552,'32128787988762110x','江苏',0,'2023-03-10 23:31:02',0,'2023-03-10 23:31:02',b'0'),
	(665726158410641408,'32128787988762110Y','广州',0,'2023-03-10 23:31:03',0,'2023-03-10 23:31:03',b'0'),
	(665731919706615808,'32128787988762120','陕西',0,'2023-03-10 23:53:56',0,'2023-03-10 23:53:56',b'0'),
	(665731919895359488,'32128787988762110x','江苏',0,'2023-03-10 23:53:56',0,'2023-03-10 23:53:56',b'0'),
	(665731920709054464,'32128787988762110Y','广州',0,'2023-03-10 23:53:56',0,'2023-03-10 23:53:56',b'0'),
	(665733025509699584,'32128787988762120','陕西',0,'2023-03-10 23:58:20',0,'2023-03-10 23:58:20',b'0'),
	(665733025765552128,'32128787988762110x','江苏',0,'2023-03-10 23:58:20',0,'2023-03-10 23:58:20',b'0'),
	(665733027283890176,'32128787988762110Y','广州',0,'2023-03-10 23:58:20',0,'2023-03-10 23:58:20',b'0'),
	(666031583110656000,'32128787988762120','陕西',0,'2023-03-11 19:44:41',0,'2023-03-11 19:44:41',b'0'),
	(666031583655915520,'32128787988762110x','江苏',0,'2023-03-11 19:44:42',0,'2023-03-11 19:44:42',b'0'),
	(666031585392357376,'32128787988762110Y','广州',0,'2023-03-11 19:44:42',0,'2023-03-11 19:44:42',b'0'),
	(666036493424291840,'32128787988762120','陕西',0,'2023-03-11 20:04:12',0,'2023-03-11 20:04:12',b'0'),
	(666036493713698816,'32128787988762110x','江苏',0,'2023-03-11 20:04:12',0,'2023-03-11 20:04:12',b'0'),
	(666036495139762176,'32128787988762110Y','广州',0,'2023-03-11 20:04:13',0,'2023-03-11 20:04:13',b'0'),
	(666637240092364800,'32128787988762120','陕西',0,'2023-03-13 11:51:21',0,'2023-03-13 11:51:21',b'0'),
	(666637241447124992,'32128787988762110Y','广州',0,'2023-03-13 11:51:22',0,'2023-03-13 11:51:22',b'0'),
	(666640186494455808,'32128787988762110x','江苏',0,'2023-03-13 12:03:04',0,'2023-03-13 12:03:04',b'0'),
	(666643702034239488,'32128787988762110x','江苏',0,'2023-03-13 12:17:02',0,'2023-03-13 12:17:02',b'0'),
	(666643810125647872,'32128787988762120','陕西',0,'2023-03-13 12:17:28',0,'2023-03-13 12:17:28',b'0'),
	(666643810436026368,'32128787988762110x','江苏',0,'2023-03-13 12:17:28',0,'2023-03-13 12:17:28',b'0'),
	(666643811815952384,'32128787988762110Y','广州',0,'2023-03-13 12:17:28',0,'2023-03-13 12:17:28',b'0'),
	(666693290275409920,'32128787988762120','陕西',0,'2023-03-13 15:34:05',0,'2023-03-13 15:34:05',b'0'),
	(666693290489319424,'32128787988762110x','江苏',0,'2023-03-13 15:34:05',0,'2023-03-13 15:34:05',b'0'),
	(666693291785359360,'32128787988762110Y','广州',0,'2023-03-13 15:34:05',0,'2023-03-13 15:34:05',b'0'),
	(666788401973858304,'32128787988762120','陕西',0,'2023-03-13 21:52:01',0,'2023-03-13 21:52:01',b'0'),
	(666788402263265280,'32128787988762110x','江苏',0,'2023-03-13 21:52:01',0,'2023-03-13 21:52:01',b'0'),
	(666788403529945088,'32128787988762110Y','广州',0,'2023-03-13 21:52:02',0,'2023-03-13 21:52:02',b'0'),
	(666800823157690368,'32128787988762120','陕西',0,'2023-03-13 22:41:23',0,'2023-03-13 22:41:23',b'0'),
	(666800823568732160,'32128787988762110x','江苏',0,'2023-03-13 22:41:23',0,'2023-03-13 22:41:23',b'0'),
	(666800824843800576,'32128787988762110Y','广州',0,'2023-03-13 22:41:23',0,'2023-03-13 22:41:23',b'0'),
	(666801992349290496,'32128787988762120','陕西',0,'2023-03-13 22:46:01',0,'2023-03-13 22:46:01',b'0'),
	(666801992596754432,'32128787988762110x','江苏',0,'2023-03-13 22:46:01',0,'2023-03-13 22:46:01',b'0'),
	(666801994014429184,'32128787988762110Y','广州',0,'2023-03-13 22:46:02',0,'2023-03-13 22:46:02',b'0'),
	(666810783774052352,'32128787988762120','陕西',0,'2023-03-13 23:20:57',0,'2023-03-13 23:20:57',b'0'),
	(666810783958601728,'32128787988762110x','江苏',0,'2023-03-13 23:20:57',0,'2023-03-13 23:20:57',b'0'),
	(666810784851988480,'32128787988762110Y','广州',0,'2023-03-13 23:20:58',0,'2023-03-13 23:20:58',b'0'),
	(666816495686291456,'32128787988762120','陕西',0,'2023-03-13 23:43:39',0,'2023-03-13 23:43:39',b'0'),
	(666816495883423744,'32128787988762110x','江苏',0,'2023-03-13 23:43:39',0,'2023-03-13 23:43:39',b'0'),
	(666816496919416832,'32128787988762110Y','广州',0,'2023-03-13 23:43:40',0,'2023-03-13 23:43:40',b'0'),
	(666817117491859456,'32128787988762120','陕西',0,'2023-03-13 23:46:07',0,'2023-03-13 23:46:07',b'0'),
	(666817117760294912,'32128787988762110x','江苏',0,'2023-03-13 23:46:08',0,'2023-03-13 23:46:08',b'0'),
	(666817118968254464,'32128787988762110Y','广州',0,'2023-03-13 23:46:08',0,'2023-03-13 23:46:08',b'0'),
	(667040193110372352,'32128787988762120','陕西',0,'2023-03-14 14:32:33',0,'2023-03-14 14:32:33',b'0'),
	(667040193357836288,'32128787988762110x','江苏',0,'2023-03-14 14:32:33',0,'2023-03-14 14:32:33',b'0'),
	(667040194628710400,'32128787988762110Y','广州',0,'2023-03-14 14:32:33',0,'2023-03-14 14:32:33',b'0'),
	(667042392024576000,'32128787988762120','陕西',0,'2023-03-14 14:41:17',0,'2023-03-14 14:41:17',b'0'),
	(667042392293011456,'32128787988762110x','江苏',0,'2023-03-14 14:41:17',0,'2023-03-14 14:41:17',b'0'),
	(667042393735852032,'32128787988762110Y','广州',0,'2023-03-14 14:41:18',0,'2023-03-14 14:41:18',b'0'),
	(667043192192921600,'32128787988762120','陕西',0,'2023-03-14 14:44:28',0,'2023-03-14 14:44:28',b'0'),
	(667043192478134272,'32128787988762110x','江苏',0,'2023-03-14 14:44:28',0,'2023-03-14 14:44:28',b'0'),
	(667043193908391936,'32128787988762110Y','广州',0,'2023-03-14 14:44:28',0,'2023-03-14 14:44:28',b'0'),
	(667043468685635584,'32128787988762120','陕西',0,'2023-03-14 14:45:34',0,'2023-03-14 14:45:34',b'0'),
	(667043469092483072,'32128787988762110x','江苏',0,'2023-03-14 14:45:34',0,'2023-03-14 14:45:34',b'0'),
	(667043470447243264,'32128787988762110Y','广州',0,'2023-03-14 14:45:34',0,'2023-03-14 14:45:34',b'0'),
	(667043591729737728,'32128787988762120','陕西',0,'2023-03-14 14:46:03',0,'2023-03-14 14:46:03',b'0'),
	(667043592040116224,'32128787988762110x','江苏',0,'2023-03-14 14:46:03',0,'2023-03-14 14:46:03',b'0'),
	(667043593499734016,'32128787988762110Y','广州',0,'2023-03-14 14:46:04',0,'2023-03-14 14:46:04',b'0'),
	(667045637505708032,'32128787988762120','陕西',0,'2023-03-14 14:54:11',0,'2023-03-14 14:54:11',b'0'),
	(667045637824475136,'32128787988762110x','江苏',0,'2023-03-14 14:54:11',0,'2023-03-14 14:54:11',b'0'),
	(667045639196012544,'32128787988762110Y','广州',0,'2023-03-14 14:54:11',0,'2023-03-14 14:54:11',b'0'),
	(667046063340810240,'32128787988762120','陕西',0,'2023-03-14 14:55:52',0,'2023-03-14 14:55:52',b'0'),
	(667046063672160256,'32128787988762110x','江苏',0,'2023-03-14 14:55:53',0,'2023-03-14 14:55:53',b'0'),
	(667046065156943872,'32128787988762110Y','广州',0,'2023-03-14 14:55:53',0,'2023-03-14 14:55:53',b'0'),
	(667046295625560064,'32128787988762120','陕西',0,'2023-03-14 14:56:48',0,'2023-03-14 14:56:48',b'0'),
	(667046296053379072,'32128787988762110x','江苏',0,'2023-03-14 14:56:48',0,'2023-03-14 14:56:48',b'0'),
	(667046297475248128,'32128787988762110Y','广州',0,'2023-03-14 14:56:48',0,'2023-03-14 14:56:48',b'0'),
	(667049700645433344,'32128787988762110x','江苏',0,'2023-03-14 15:10:20',0,'2023-03-14 15:10:20',b'0'),
	(667057260744175616,'32128787988762120','陕西',0,'2023-03-14 15:40:22',0,'2023-03-14 15:40:22',b'0'),
	(667057260958085120,'32128787988762110x','江苏',0,'2023-03-14 15:40:22',0,'2023-03-14 15:40:22',b'0'),
	(667057262203793408,'32128787988762110Y','广州',0,'2023-03-14 15:40:22',0,'2023-03-14 15:40:22',b'0'),
	(667080888965689344,'32128787988762120','陕西',0,'2023-03-14 17:14:16',0,'2023-03-14 17:14:16',b'0'),
	(667080889187987456,'32128787988762110x','江苏',0,'2023-03-14 17:14:16',0,'2023-03-14 17:14:16',b'0'),
	(667080890781822976,'32128787988762110Y','广州',0,'2023-03-14 17:14:16',0,'2023-03-14 17:14:16',b'0'),
	(667081412288999424,'32128787988762120','陕西',0,'2023-03-14 17:16:20',0,'2023-03-14 17:16:20',b'0'),
	(667081412586795008,'32128787988762110x','江苏',0,'2023-03-14 17:16:20',0,'2023-03-14 17:16:20',b'0'),
	(667081414126104576,'32128787988762110Y','广州',0,'2023-03-14 17:16:21',0,'2023-03-14 17:16:21',b'0'),
	(667112091122954240,'32128787988762120','陕西',0,'2023-03-14 19:18:15',0,'2023-03-14 19:18:15',b'0'),
	(667112091412361216,'32128787988762110x','江苏',0,'2023-03-14 19:18:15',0,'2023-03-14 19:18:15',b'0'),
	(667112092775510016,'32128787988762110Y','广州',0,'2023-03-14 19:18:15',0,'2023-03-14 19:18:15',b'0'),
	(667112602890956800,'32128787988762120','陕西',0,'2023-03-14 19:20:17',0,'2023-03-14 19:20:17',b'0'),
	(667112603209723904,'32128787988762110x','江苏',0,'2023-03-14 19:20:17',0,'2023-03-14 19:20:17',b'0'),
	(667112604451237888,'32128787988762110Y','广州',0,'2023-03-14 19:20:17',0,'2023-03-14 19:20:17',b'0'),
	(667113204509339648,'32128787988762120','陕西',0,'2023-03-14 19:22:40',0,'2023-03-14 19:22:40',b'0'),
	(667113204891021312,'32128787988762110x','江苏',0,'2023-03-14 19:22:40',0,'2023-03-14 19:22:40',b'0'),
	(667113206279335936,'32128787988762110Y','广州',0,'2023-03-14 19:22:41',0,'2023-03-14 19:22:41',b'0'),
	(667113349250576384,'32128787988762120','陕西',0,'2023-03-14 19:23:15',0,'2023-03-14 19:23:15',b'0'),
	(667113349544177664,'32128787988762110x','江苏',0,'2023-03-14 19:23:15',0,'2023-03-14 19:23:15',b'0'),
	(667113350903132160,'32128787988762110Y','广州',0,'2023-03-14 19:23:15',0,'2023-03-14 19:23:15',b'0'),
	(667113489780731904,'32128787988762120','陕西',0,'2023-03-14 19:23:48',0,'2023-03-14 19:23:48',b'0'),
	(667113490086916096,'32128787988762110x','江苏',0,'2023-03-14 19:23:48',0,'2023-03-14 19:23:48',b'0'),
	(667113491458453504,'32128787988762110Y','广州',0,'2023-03-14 19:23:49',0,'2023-03-14 19:23:49',b'0'),
	(667195373676163072,'32128787988762120','陕西',0,'2023-03-15 00:49:11',0,'2023-03-15 00:49:11',b'0'),
	(667195373999124480,'32128787988762110x','江苏',0,'2023-03-15 00:49:11',0,'2023-03-15 00:49:11',b'0'),
	(667195375240638464,'32128787988762110Y','广州',0,'2023-03-15 00:49:11',0,'2023-03-15 00:49:11',b'0'),
	(667228126442450944,'32128787988762120','陕西',0,'2023-03-15 02:59:20',0,'2023-03-15 02:59:20',b'0'),
	(667228126777995264,'32128787988762110x','江苏',0,'2023-03-15 02:59:20',0,'2023-03-15 02:59:20',b'0'),
	(667228128350859264,'32128787988762110Y','广州',0,'2023-03-15 02:59:20',0,'2023-03-15 02:59:20',b'0'),
	(667440662609686528,'32128787988762120','陕西',0,'2023-03-15 17:03:52',0,'2023-03-15 17:03:52',b'0'),
	(667440662827790336,'32128787988762110x','江苏',0,'2023-03-15 17:03:52',0,'2023-03-15 17:03:52',b'0'),
	(667440663859589120,'32128787988762110Y','广州',0,'2023-03-15 17:03:53',0,'2023-03-15 17:03:53',b'0'),
	(667473125876723712,'32128787988762120','陕西',0,'2023-03-15 19:12:52',0,'2023-03-15 19:12:52',b'0'),
	(667473126153547776,'32128787988762110x','江苏',0,'2023-03-15 19:12:52',0,'2023-03-15 19:12:52',b'0'),
	(667473127474753536,'32128787988762110Y','广州',0,'2023-03-15 19:12:52',0,'2023-03-15 19:12:52',b'0'),
	(667477281496657920,'32128787988762120','陕西',0,'2023-03-15 19:29:23',0,'2023-03-15 19:29:23',b'0'),
	(667477281848979456,'32128787988762110x','江苏',0,'2023-03-15 19:29:23',0,'2023-03-15 19:29:23',b'0'),
	(667477283279237120,'32128787988762110Y','广州',0,'2023-03-15 19:29:23',0,'2023-03-15 19:29:23',b'0'),
	(667684132058365952,'32128787988762120','陕西',0,'2023-03-16 09:11:20',0,'2023-03-16 09:11:20',b'0'),
	(667684132251303936,'32128787988762110x','江苏',0,'2023-03-16 09:11:20',0,'2023-03-16 09:11:20',b'0'),
	(667684133064998912,'32128787988762110Y','广州',0,'2023-03-16 09:11:20',0,'2023-03-16 09:11:20',b'0'),
	(667700919424581632,'32128787988762120','陕西',0,'2023-03-16 10:18:02',0,'2023-03-16 10:18:02',b'0'),
	(667700919772708864,'32128787988762110x','江苏',0,'2023-03-16 10:18:02',0,'2023-03-16 10:18:02',b'0'),
	(667700921383321600,'32128787988762110Y','广州',0,'2023-03-16 10:18:03',0,'2023-03-16 10:18:03',b'0'),
	(667718810274430976,'32128787988762120','陕西',0,'2023-03-16 11:29:08',0,'2023-03-16 11:29:08',b'0'),
	(667718811088125952,'32128787988762110x','江苏',0,'2023-03-16 11:29:08',0,'2023-03-16 11:29:08',b'0'),
	(667718812778430464,'32128787988762110Y','广州',0,'2023-03-16 11:29:08',0,'2023-03-16 11:29:08',b'0'),
	(667743902631002112,'32128787988762120','陕西',0,'2023-03-16 13:08:50',0,'2023-03-16 13:08:50',b'0'),
	(667743903088181248,'32128787988762110x','江苏',0,'2023-03-16 13:08:50',0,'2023-03-16 13:08:50',b'0'),
	(667743904623296512,'32128787988762110Y','广州',0,'2023-03-16 13:08:51',0,'2023-03-16 13:08:51',b'0'),
	(667744637825384448,'32128787988762120','陕西',0,'2023-03-16 13:11:46',0,'2023-03-16 13:11:46',b'0'),
	(667744638156734464,'32128787988762110x','江苏',0,'2023-03-16 13:11:46',0,'2023-03-16 13:11:46',b'0'),
	(667744639553437696,'32128787988762110Y','广州',0,'2023-03-16 13:11:46',0,'2023-03-16 13:11:46',b'0'),
	(667744954910572544,'32128787988762120','陕西',0,'2023-03-16 13:13:01',0,'2023-03-16 13:13:01',b'0'),
	(667744955225145344,'32128787988762110x','江苏',0,'2023-03-16 13:13:01',0,'2023-03-16 13:13:01',b'0'),
	(667744956814786560,'32128787988762110Y','广州',0,'2023-03-16 13:13:02',0,'2023-03-16 13:13:02',b'0'),
	(667751929610305536,'32128787988762120','陕西',0,'2023-03-16 13:40:44',0,'2023-03-16 13:40:44',b'0'),
	(667751929895518208,'32128787988762110x','江苏',0,'2023-03-16 13:40:44',0,'2023-03-16 13:40:44',b'0'),
	(667751931141226496,'32128787988762110Y','广州',0,'2023-03-16 13:40:44',0,'2023-03-16 13:40:44',b'0'),
	(667766291284688896,'32128787988762120','陕西',0,'2023-03-16 14:37:48',0,'2023-03-16 14:37:48',b'0'),
	(667766291536347136,'32128787988762110x','江苏',0,'2023-03-16 14:37:48',0,'2023-03-16 14:37:48',b'0'),
	(667766293327314944,'32128787988762110Y','广州',0,'2023-03-16 14:37:49',0,'2023-03-16 14:37:49',b'0'),
	(670488905555951616,'32128787988762120','陕西',0,'2023-03-24 02:56:30',0,'2023-03-24 02:56:30',b'0'),
	(670488905665003520,'32128787988762110x','江苏',0,'2023-03-24 02:56:30',0,'2023-03-24 02:56:30',b'0'),
	(670488906046685184,'32128787988762110Y','广州',0,'2023-03-24 02:56:30',0,'2023-03-24 02:56:30',b'0'),
	(670596392560934912,'32128787988762120','陕西',0,'2023-03-24 10:03:37',0,'2023-03-24 10:03:37',b'0'),
	(670596392711929856,'32128787988762110x','江苏',0,'2023-03-24 10:03:37',0,'2023-03-24 10:03:37',b'0'),
	(670596393299132416,'32128787988762110Y','广州',0,'2023-03-24 10:03:37',0,'2023-03-24 10:03:37',b'0'),
	(670599884163825664,'32128787988762120','陕西',0,'2023-03-24 10:17:29',0,'2023-03-24 10:17:29',b'0'),
	(670599884247711744,'32128787988762110x','江苏',0,'2023-03-24 10:17:29',0,'2023-03-24 10:17:29',b'0'),
	(670599884641976320,'32128787988762110Y','广州',0,'2023-03-24 10:17:29',0,'2023-03-24 10:17:29',b'0'),
	(670600224447709184,'32128787988762120','陕西',0,'2023-03-24 10:18:50',0,'2023-03-24 10:18:50',b'0'),
	(670600224531595264,'32128787988762110x','江苏',0,'2023-03-24 10:18:50',0,'2023-03-24 10:18:50',b'0'),
	(670600224955219968,'32128787988762110Y','广州',0,'2023-03-24 10:18:51',0,'2023-03-24 10:18:51',b'0'),
	(670600355909779456,'32128787988762120','陕西',0,'2023-03-24 10:19:22',0,'2023-03-24 10:19:22',b'0'),
	(670600356027219968,'32128787988762110x','江苏',0,'2023-03-24 10:19:22',0,'2023-03-24 10:19:22',b'0'),
	(670600356400513024,'32128787988762110Y','广州',0,'2023-03-24 10:19:22',0,'2023-03-24 10:19:22',b'0'),
	(670600691483459584,'32128787988762120','陕西',0,'2023-03-24 10:20:42',0,'2023-03-24 10:20:42',b'0'),
	(670600691558957056,'32128787988762110x','江苏',0,'2023-03-24 10:20:42',0,'2023-03-24 10:20:42',b'0'),
	(670600691944833024,'32128787988762110Y','广州',0,'2023-03-24 10:20:42',0,'2023-03-24 10:20:42',b'0'),
	(670601641203908608,'32128787988762120','陕西',0,'2023-03-24 10:24:28',0,'2023-03-24 10:24:28',b'0'),
	(670601641275211776,'32128787988762110x','江苏',0,'2023-03-24 10:24:28',0,'2023-03-24 10:24:28',b'0'),
	(670601641673670656,'32128787988762110Y','广州',0,'2023-03-24 10:24:28',0,'2023-03-24 10:24:28',b'0'),
	(670610106299236352,'32128787988762120','陕西',0,'2023-03-24 10:58:06',0,'2023-03-24 10:58:06',b'0'),
	(670610106391511040,'32128787988762110x','江苏',0,'2023-03-24 10:58:07',0,'2023-03-24 10:58:07',b'0'),
	(670610106819330048,'32128787988762110Y','广州',0,'2023-03-24 10:58:07',0,'2023-03-24 10:58:07',b'0'),
	(670613245282795520,'32128787988762120','陕西',0,'2023-03-24 11:10:35',0,'2023-03-24 11:10:35',b'0'),
	(670613245349904384,'32128787988762110x','江苏',0,'2023-03-24 11:10:35',0,'2023-03-24 11:10:35',b'0'),
	(670613245735780352,'32128787988762110Y','广州',0,'2023-03-24 11:10:35',0,'2023-03-24 11:10:35',b'0'),
	(670613620291321856,'32128787988762120','陕西',0,'2023-03-24 11:12:04',0,'2023-03-24 11:12:04',b'0'),
	(670613620366819328,'32128787988762110x','江苏',0,'2023-03-24 11:12:04',0,'2023-03-24 11:12:04',b'0'),
	(670613620723335168,'32128787988762110Y','广州',0,'2023-03-24 11:12:04',0,'2023-03-24 11:12:04',b'0'),
	(670620513827078144,'32128787988762120','陕西',0,'2023-03-24 11:39:28',0,'2023-03-24 11:39:28',b'0'),
	(670620513898381312,'32128787988762110x','江苏',0,'2023-03-24 11:39:28',0,'2023-03-24 11:39:28',b'0'),
	(670620514292645888,'32128787988762110Y','广州',0,'2023-03-24 11:39:28',0,'2023-03-24 11:39:28',b'0'),
	(671148211519406080,'32128787988762110x','江苏',0,'2023-03-25 22:36:21',0,'2023-03-25 22:36:21',b'0'),
	(671151010974056448,'32128787988762110x','江苏',0,'2023-03-25 22:47:28',0,'2023-03-25 22:47:28',b'0'),
	(671152034203877376,'32128787988762110x','江苏',0,'2023-03-25 22:51:32',0,'2023-03-25 22:51:32',b'0'),
	(671152173307969536,'32128787988762110x','江苏',0,'2023-03-25 22:52:05',0,'2023-03-25 22:52:05',b'0'),
	(671154152201568256,'32128787988762120','陕西',0,'2023-03-25 22:59:57',0,'2023-03-25 22:59:57',b'0'),
	(671154152260288512,'32128787988762110x','江苏',0,'2023-03-25 22:59:57',0,'2023-03-25 22:59:57',b'0'),
	(671154152700690432,'32128787988762110Y','广州',0,'2023-03-25 22:59:57',0,'2023-03-25 22:59:57',b'0'),
	(671530412832505856,'32128787988762120','陕西',0,'2023-03-26 23:55:05',0,'2023-03-26 23:55:05',b'0'),
	(671530412903809024,'32128787988762110x','江苏',0,'2023-03-26 23:55:05',0,'2023-03-26 23:55:05',b'0'),
	(671530413772029952,'32128787988762110Y','广州',0,'2023-03-26 23:55:05',0,'2023-03-26 23:55:05',b'0'),
	(671545902791442432,'32128787988762120','陕西',0,'2023-03-27 00:56:38',0,'2023-03-27 00:56:38',b'0'),
	(671545902875328512,'32128787988762110x','江苏',0,'2023-03-27 00:56:38',0,'2023-03-27 00:56:38',b'0'),
	(671741057863565312,'32128787988762120','陕西',0,'2023-03-27 13:52:06',0,'2023-03-27 13:52:06',b'0'),
	(671741057930674176,'32128787988762110x','江苏',0,'2023-03-27 13:52:06',0,'2023-03-27 13:52:06',b'0'),
	(672163055936782336,'32128787988762120','陕西',0,'2023-03-28 17:48:59',0,'2023-03-28 17:48:59',b'0'),
	(672163056029057024,'32128787988762110x','江苏',0,'2023-03-28 17:48:59',0,'2023-03-28 17:48:59',b'0'),
	(672213024190283776,'32128787988762120','陕西',0,'2023-03-28 21:07:32',0,'2023-03-28 21:07:32',b'0'),
	(672213024290947072,'32128787988762110x','江苏',0,'2023-03-28 21:07:32',0,'2023-03-28 21:07:32',b'0'),
	(681916742779301888,'32128787988762120','陕西',0,'2023-04-24 15:46:39',0,'2023-04-24 15:46:39',b'0'),
	(681916742917713920,'32128787988762110x','江苏',0,'2023-04-24 15:46:39',0,'2023-04-24 15:46:39',b'0'),
	(681917482562252800,'32128787988762120','陕西',0,'2023-04-24 15:49:35',0,'2023-04-24 15:49:35',b'0'),
	(681917482658721792,'32128787988762110x','江苏',0,'2023-04-24 15:49:35',0,'2023-04-24 15:49:35',b'0'),
	(681966733921120256,'32128787988762120','陕西',0,'2023-04-24 19:05:18',0,'2023-04-24 19:05:18',b'0'),
	(681966734034366464,'32128787988762110x','江苏',0,'2023-04-24 19:05:18',0,'2023-04-24 19:05:18',b'0'),
	(682371246884679680,'32128787988762120','陕西',0,'2023-04-25 21:52:41',0,'2023-04-25 21:52:41',b'0'),
	(682371246951788544,'32128787988762110x','江苏',0,'2023-04-25 21:52:41',0,'2023-04-25 21:52:41',b'0'),
	(688447943732129792,'32128787988762120','陕西',0,'2023-05-12 16:19:18',0,'2023-05-12 16:19:18',b'0'),
	(688448702385254400,'32128787988762120','陕西',0,'2023-05-12 16:22:19',0,'2023-05-12 16:22:19',b'0'),
	(688448702460751872,'32128787988762110x','江苏',0,'2023-05-12 16:22:19',0,'2023-05-12 16:22:19',b'0'),
	(688450939933192192,'32128787988762120','陕西',0,'2023-05-12 16:31:13',0,'2023-05-12 16:31:13',b'0'),
	(688450940038049792,'32128787988762110x','江苏',0,'2023-05-12 16:31:13',0,'2023-05-12 16:31:13',b'0'),
	(688460012854472704,'32128787988762120','陕西',0,'2023-05-12 17:07:16',0,'2023-05-12 17:07:16',b'0'),
	(688460012955136000,'32128787988762110x','江苏',0,'2023-05-12 17:07:16',0,'2023-05-12 17:07:16',b'0'),
	(688957536694439936,'32128787988762120','陕西',0,'2023-05-14 02:04:15',0,'2023-05-14 02:04:15',b'0'),
	(688957536782520320,'32128787988762110x','江苏',0,'2023-05-14 02:04:15',0,'2023-05-14 02:04:15',b'0'),
	(688960465291710464,'32128787988762120','陕西',0,'2023-05-14 02:15:53',0,'2023-05-14 02:15:53',b'0'),
	(688960465375596544,'32128787988762110x','江苏',0,'2023-05-14 02:15:53',0,'2023-05-14 02:15:53',b'0'),
	(688968440039346176,'32128787988762120','陕西',NULL,'2023-05-14 02:47:34',NULL,'2023-05-14 02:47:34',b'0'),
	(688968440140009472,'32128787988762110x','江苏',NULL,'2023-05-14 02:47:34',NULL,'2023-05-14 02:47:34',b'0'),
	(688968813483397120,'32128787988762120','陕西',NULL,'2023-05-14 02:49:03',NULL,'2023-05-14 02:49:03',b'0'),
	(688968813579866112,'32128787988762110x','江苏',NULL,'2023-05-14 02:49:03',NULL,'2023-05-14 02:49:03',b'0'),
	(688969594890620928,'32128787988762120','陕西',0,'2023-05-14 02:52:10',0,'2023-05-14 02:52:10',b'0'),
	(688969594987089920,'32128787988762110x','江苏',0,'2023-05-14 02:52:10',0,'2023-05-14 02:52:10',b'0'),
	(688975788413816832,'32128787988762120','陕西',0,'2023-05-14 03:16:46',0,'2023-05-14 03:16:46',b'0'),
	(688975788506091520,'32128787988762110x','江苏',0,'2023-05-14 03:16:46',0,'2023-05-14 03:16:46',b'0'),
	(689548016406761472,'32128787988762120','陕西',0,'2023-05-15 17:10:36',0,'2023-05-15 17:10:36',b'0'),
	(689548016486453248,'32128787988762110x','江苏',0,'2023-05-15 17:10:36',0,'2023-05-15 17:10:36',b'0'),
	(689559276913430528,'32128787988762120','陕西',0,'2023-05-15 17:55:21',0,'2023-05-15 17:55:21',b'0'),
	(689559276997316608,'32128787988762110x','江苏',0,'2023-05-15 17:55:21',0,'2023-05-15 17:55:21',b'0'),
	(689582002277453824,'32128787988762120','陕西',0,'2023-05-15 19:25:39',0,'2023-05-15 19:25:39',b'0'),
	(689582002352951296,'32128787988762110x','江苏',0,'2023-05-15 19:25:39',0,'2023-05-15 19:25:39',b'0'),
	(689586462299000832,'32128787988762120','陕西',0,'2023-05-15 19:43:22',0,'2023-05-15 19:43:22',b'0'),
	(689586462387081216,'32128787988762110x','江苏',0,'2023-05-15 19:43:22',0,'2023-05-15 19:43:22',b'0'),
	(689639125808082944,'32128787988762120','陕西',0,'2023-05-15 23:12:38',0,'2023-05-15 23:12:38',b'0'),
	(689639125896163328,'32128787988762110x','江苏',0,'2023-05-15 23:12:38',0,'2023-05-15 23:12:38',b'0'),
	(695366916679712768,'32128787988762120','陕西',0,'2023-05-31 18:32:50',0,'2023-05-31 18:32:50',b'0'),
	(695366916860067840,'32128787988762110x','江苏',0,'2023-05-31 18:32:50',0,'2023-05-31 18:32:50',b'0'),
	(695439122260606976,'32128787988762120','陕西',0,'2023-05-31 23:19:45',0,'2023-05-31 23:19:45',b'0'),
	(695439122445156352,'32128787988762110x','江苏',0,'2023-05-31 23:19:45',0,'2023-05-31 23:19:45',b'0'),
	(695440101156634624,'32128787988762120','陕西',0,'2023-05-31 23:23:39',0,'2023-05-31 23:23:39',b'0'),
	(695440101316018176,'32128787988762110x','江苏',0,'2023-05-31 23:23:39',0,'2023-05-31 23:23:39',b'0'),
	(695440286041554944,'32128787988762120','陕西',0,'2023-05-31 23:24:23',0,'2023-05-31 23:24:23',b'0'),
	(695440286121246720,'32128787988762110x','江苏',0,'2023-05-31 23:24:23',0,'2023-05-31 23:24:23',b'0'),
	(695440825420660736,'32128787988762120','陕西',0,'2023-05-31 23:26:31',0,'2023-05-31 23:26:31',b'0'),
	(695440825508741120,'32128787988762110x','江苏',0,'2023-05-31 23:26:31',0,'2023-05-31 23:26:31',b'0'),
	(695441145978732544,'32128787988762120','陕西',0,'2023-05-31 23:27:48',0,'2023-05-31 23:27:48',b'0'),
	(695441146062618624,'32128787988762110x','江苏',0,'2023-05-31 23:27:48',0,'2023-05-31 23:27:48',b'0'),
	(695441384848539648,'32128787988762120','陕西',0,'2023-05-31 23:28:45',0,'2023-05-31 23:28:45',b'0'),
	(695441384932425728,'32128787988762110x','江苏',0,'2023-05-31 23:28:45',0,'2023-05-31 23:28:45',b'0'),
	(695441909522415616,'32128787988762120','陕西',0,'2023-05-31 23:30:50',0,'2023-05-31 23:30:50',b'0'),
	(695441909732130816,'32128787988762110x','江苏',0,'2023-05-31 23:30:50',0,'2023-05-31 23:30:50',b'0'),
	(695790153876144128,'32128787988762120','陕西',0,'2023-06-01 22:34:38',0,'2023-06-01 22:34:38',b'0'),
	(695790153939058688,'32128787988762110x','江苏',0,'2023-06-01 22:34:38',0,'2023-06-01 22:34:38',b'0'),
	(696077630717300736,'32128787988762120','陕西',0,'2023-06-02 17:36:57',0,'2023-06-02 17:36:57',b'0'),
	(696077630801186816,'32128787988762110x','江苏',0,'2023-06-02 17:36:57',0,'2023-06-02 17:36:57',b'0'),
	(699097443085615104,'32128787988762120','陕西',0,'2023-06-11 01:36:37',0,'2023-06-11 01:36:37',b'0'),
	(699097443144335360,'32128787988762110x','江苏',0,'2023-06-11 01:36:37',0,'2023-06-11 01:36:37',b'0'),
	(699098255425830912,'32128787988762120','陕西',0,'2023-06-11 01:39:51',0,'2023-06-11 01:39:51',b'0'),
	(699098255492939776,'32128787988762110x','江苏',0,'2023-06-11 01:39:51',0,'2023-06-11 01:39:51',b'0'),
	(699098482333483008,'32128787988762120','陕西',0,'2023-06-11 01:40:45',0,'2023-06-11 01:40:45',b'0'),
	(699098482434146304,'32128787988762110x','江苏',0,'2023-06-11 01:40:45',0,'2023-06-11 01:40:45',b'0'),
	(699098853219008512,'32128787988762120','陕西',0,'2023-06-11 01:42:13',0,'2023-06-11 01:42:13',b'0'),
	(699098853315477504,'32128787988762110x','江苏',0,'2023-06-11 01:42:13',0,'2023-06-11 01:42:13',b'0'),
	(699959119846604800,'32128787988762120','陕西',0,'2023-06-13 10:40:37',0,'2023-06-13 10:40:37',b'0'),
	(699959119917907968,'32128787988762110x','江苏',0,'2023-06-13 10:40:37',0,'2023-06-13 10:40:37',b'0'),
	(705488388282671104,'32128787988762120','陕西',0,'2023-06-28 16:51:57',0,'2023-06-28 16:51:57',b'0'),
	(705488388341391360,'32128787988762110x','江苏',0,'2023-06-28 16:51:57',0,'2023-06-28 16:51:57',b'0'),
	(706177193213988864,'32128787988762120','陕西',0,'2023-06-30 14:29:01',0,'2023-06-30 14:29:01',b'0'),
	(706177193297874944,'32128787988762110x','江苏',0,'2023-06-30 14:29:01',0,'2023-06-30 14:29:01',b'0'),
	(706178258466541568,'32128787988762120','陕西',0,'2023-06-30 14:33:15',0,'2023-06-30 14:33:15',b'0'),
	(706178258533650432,'32128787988762110x','江苏',0,'2023-06-30 14:33:15',0,'2023-06-30 14:33:15',b'0'),
	(706193872925003776,'32128787988762120','陕西',0,'2023-06-30 15:35:18',0,'2023-06-30 15:35:18',b'0'),
	(706193873004695552,'32128787988762110x','江苏',0,'2023-06-30 15:35:18',0,'2023-06-30 15:35:18',b'0'),
	(706224235361636352,'32128787988762120','陕西',0,'2023-06-30 17:35:57',0,'2023-06-30 17:35:57',b'0'),
	(706224235432939520,'32128787988762110x','江苏',0,'2023-06-30 17:35:57',0,'2023-06-30 17:35:57',b'0'),
	(706399748931751936,'32128787988762120','陕西',0,'2023-07-01 05:13:22',0,'2023-07-01 05:13:22',b'0'),
	(706399749103718400,'32128787988762110x','江苏',0,'2023-07-01 05:13:22',0,'2023-07-01 05:13:22',b'0'),
	(706552998695833600,'32128787988762120','陕西',0,'2023-07-01 15:22:20',0,'2023-07-01 15:22:20',b'0'),
	(706552998775525376,'32128787988762110x','江苏',0,'2023-07-01 15:22:20',0,'2023-07-01 15:22:20',b'0'),
	(706554878301868032,'32128787988762120','陕西',0,'2023-07-01 15:29:48',0,'2023-07-01 15:29:48',b'0'),
	(706554878503194624,'32128787988762110x','江苏',0,'2023-07-01 15:29:48',0,'2023-07-01 15:29:48',b'0'),
	(707296674397065216,'32128787988762120','陕西',0,'2023-07-03 16:37:26',0,'2023-07-03 16:37:26',b'0'),
	(707296674652917760,'32128787988762110x','江苏',0,'2023-07-03 16:37:26',0,'2023-07-03 16:37:26',b'0'),
	(707297489761374208,'32128787988762120','陕西',0,'2023-07-03 16:40:40',0,'2023-07-03 16:40:40',b'0'),
	(707297489874620416,'32128787988762110x','江苏',0,'2023-07-03 16:40:40',0,'2023-07-03 16:40:40',b'0'),
	(707297852094713856,'32128787988762120','陕西',0,'2023-07-03 16:42:07',0,'2023-07-03 16:42:07',b'0'),
	(707297852228931584,'32128787988762110x','江苏',0,'2023-07-03 16:42:07',0,'2023-07-03 16:42:07',b'0'),
	(707379009691881472,'32128787988762120','陕西',0,'2023-07-03 22:04:36',0,'2023-07-03 22:04:36',b'0'),
	(707379009796739072,'32128787988762110x','江苏',0,'2023-07-03 22:04:36',0,'2023-07-03 22:04:36',b'0'),
	(707379149332844544,'32128787988762120','陕西',0,'2023-07-03 22:05:09',0,'2023-07-03 22:05:09',b'0'),
	(707379149441896448,'32128787988762110x','江苏',0,'2023-07-03 22:05:10',0,'2023-07-03 22:05:10',b'0'),
	(707586232594501632,'32128787988762120','陕西',0,'2023-07-04 11:48:02',0,'2023-07-04 11:48:02',b'0'),
	(707586232716136448,'32128787988762110x','江苏',0,'2023-07-04 11:48:02',0,'2023-07-04 11:48:02',b'0'),
	(708015859200724992,'32128787988762120','陕西',0,'2023-07-05 16:15:13',0,'2023-07-05 16:15:13',b'0'),
	(708015859339137024,'32128787988762110x','江苏',0,'2023-07-05 16:15:13',0,'2023-07-05 16:15:13',b'0'),
	(708016786435510272,'32128787988762120','陕西',0,'2023-07-05 16:18:54',0,'2023-07-05 16:18:54',b'0'),
	(708016786586505216,'32128787988762110x','江苏',0,'2023-07-05 16:18:54',0,'2023-07-05 16:18:54',b'0'),
	(708085362513186816,'32128787988762120','陕西',0,'2023-07-05 20:51:24',0,'2023-07-05 20:51:24',b'0'),
	(708085362618044416,'32128787988762110x','江苏',0,'2023-07-05 20:51:24',0,'2023-07-05 20:51:24',b'0'),
	(708828125491892224,'32128787988762120','陕西',0,'2023-07-07 22:02:52',0,'2023-07-07 22:02:52',b'0'),
	(708828125609332736,'32128787988762110x','江苏',0,'2023-07-07 22:02:52',0,'2023-07-07 22:02:52',b'0'),
	(708829278657056768,'32128787988762120','陕西',0,'2023-07-07 22:07:27',0,'2023-07-07 22:07:27',b'0'),
	(708829278749331456,'32128787988762110x','江苏',0,'2023-07-07 22:07:27',0,'2023-07-07 22:07:27',b'0'),
	(708882182659141632,'32128787988762120','陕西',0,'2023-07-08 01:37:41',0,'2023-07-08 01:37:41',b'0'),
	(708882182763999232,'32128787988762110x','江苏',0,'2023-07-08 01:37:41',0,'2023-07-08 01:37:41',b'0'),
	(708883605497081856,'32128787988762120','陕西',0,'2023-07-08 01:43:20',0,'2023-07-08 01:43:20',b'0'),
	(708883605614522368,'32128787988762110x','江苏',0,'2023-07-08 01:43:20',0,'2023-07-08 01:43:20',b'0'),
	(708883912746627072,'32128787988762120','陕西',0,'2023-07-08 01:44:33',0,'2023-07-08 01:44:33',b'0'),
	(708883912872456192,'32128787988762110x','江苏',0,'2023-07-08 01:44:33',0,'2023-07-08 01:44:33',b'0'),
	(710570757477896192,'32128787988762120','陕西',0,'2023-07-12 17:27:28',0,'2023-07-12 17:27:28',b'0'),
	(710570757574365184,'32128787988762110x','江苏',0,'2023-07-12 17:27:28',0,'2023-07-12 17:27:28',b'0'),
	(711293562012045312,'32128787988762120','陕西',0,'2023-07-14 17:19:38',0,'2023-07-14 17:19:38',b'0'),
	(711293562129485824,'32128787988762110x','江苏',0,'2023-07-14 17:19:38',0,'2023-07-14 17:19:38',b'0'),
	(711296954755190784,'32128787988762120','陕西',0,'2023-07-14 17:33:07',0,'2023-07-14 17:33:07',b'0'),
	(711296954889408512,'32128787988762110x','江苏',0,'2023-07-14 17:33:07',0,'2023-07-14 17:33:07',b'0'),
	(712508006578786304,'32128787988762120','陕西',0,'2023-07-18 01:45:24',0,'2023-07-18 01:45:24',b'0'),
	(712508006696226816,'32128787988762110x','江苏',0,'2023-07-18 01:45:24',0,'2023-07-18 01:45:24',b'0'),
	(715398492289261568,'32128787988762120','陕西',0,'2023-07-26 01:11:10',0,'2023-07-26 01:11:10',b'0'),
	(715398492402507776,'32128787988762110x','江苏',0,'2023-07-26 01:11:10',0,'2023-07-26 01:11:10',b'0'),
	(716076944432586752,'32128787988762120','陕西',0,'2023-07-27 22:07:05',0,'2023-07-27 22:07:05',b'0'),
	(716076944541638656,'32128787988762110x','江苏',0,'2023-07-27 22:07:05',0,'2023-07-27 22:07:05',b'0'),
	(716106646392168448,'32128787988762120','陕西',0,'2023-07-28 00:05:07',0,'2023-07-28 00:05:07',b'0'),
	(716106646538969088,'32128787988762110x','江苏',0,'2023-07-28 00:05:07',0,'2023-07-28 00:05:07',b'0'),
	(716119629914726400,'32128787988762120','陕西',0,'2023-07-28 00:56:42',0,'2023-07-28 00:56:42',b'0'),
	(716119630053138432,'32128787988762110x','江苏',0,'2023-07-28 00:56:42',0,'2023-07-28 00:56:42',b'0'),
	(716123448455225344,'32128787988762120','陕西',0,'2023-07-28 01:11:53',0,'2023-07-28 01:11:53',b'0'),
	(716123448593637376,'32128787988762110x','江苏',0,'2023-07-28 01:11:53',0,'2023-07-28 01:11:53',b'0'),
	(716127361363369984,'32128787988762120','陕西',0,'2023-07-28 01:27:26',0,'2023-07-28 01:27:26',b'0'),
	(716127361472421888,'32128787988762110x','江苏',0,'2023-07-28 01:27:26',0,'2023-07-28 01:27:26',b'0'),
	(716133637753430016,'32128787988762120','陕西',0,'2023-07-28 01:52:22',0,'2023-07-28 01:52:22',b'0'),
	(716133637858287616,'32128787988762110x','江苏',0,'2023-07-28 01:52:22',0,'2023-07-28 01:52:22',b'0'),
	(716146037227544576,'32128787988762120','陕西',0,'2023-07-28 02:41:38',0,'2023-07-28 02:41:38',b'0'),
	(716146037357568000,'32128787988762110x','江苏',0,'2023-07-28 02:41:38',0,'2023-07-28 02:41:38',b'0'),
	(716788777028182016,'32128787988762120','陕西',0,'2023-07-29 21:15:40',0,'2023-07-29 21:15:40',b'0'),
	(716788777162399744,'32128787988762110x','江苏',0,'2023-07-29 21:15:40',0,'2023-07-29 21:15:40',b'0'),
	(717757265590882304,'32128787988762120','陕西',0,'2023-08-01 13:24:05',0,'2023-08-01 13:24:05',b'0'),
	(717757265729294336,'32128787988762110x','江苏',0,'2023-08-01 13:24:05',0,'2023-08-01 13:24:05',b'0'),
	(717759069091270656,'32128787988762120','陕西',0,'2023-08-01 13:31:15',0,'2023-08-01 13:31:15',b'0'),
	(717759069229682688,'32128787988762110x','江苏',0,'2023-08-01 13:31:15',0,'2023-08-01 13:31:15',b'0'),
	(718653003191570432,'32128787988762120','陕西',0,'2023-08-04 00:43:26',0,'2023-08-04 00:43:26',b'0'),
	(718653003313205248,'32128787988762110x','江苏',0,'2023-08-04 00:43:26',0,'2023-08-04 00:43:26',b'0'),
	(718653528393928704,'32128787988762120','陕西',0,'2023-08-04 00:45:31',0,'2023-08-04 00:45:31',b'0'),
	(718653528536535040,'32128787988762110x','江苏',0,'2023-08-04 00:45:31',0,'2023-08-04 00:45:31',b'0'),
	(721395148121968640,'32128787988762120','陕西',0,'2023-08-11 14:19:44',0,'2023-08-11 14:19:44',b'0'),
	(721395148247797760,'32128787988762110x','江苏',0,'2023-08-11 14:19:44',0,'2023-08-11 14:19:44',b'0'),
	(723281756907651072,'32128787988762120','陕西',0,'2023-08-16 19:16:27',0,'2023-08-16 19:16:27',b'0'),
	(723281757079617536,'32128787988762110x','江苏',0,'2023-08-16 19:16:27',0,'2023-08-16 19:16:27',b'0'),
	(729133048704016384,'32128787988762120','陕西',0,'2023-09-01 22:47:23',0,'2023-09-01 22:47:23',b'0'),
	(729133048821456896,'32128787988762110x','江苏',0,'2023-09-01 22:47:23',0,'2023-09-01 22:47:23',b'0'),
	(729559407699955712,'32128787988762120','陕西',0,'2023-09-03 03:01:35',0,'2023-09-03 03:01:35',b'0'),
	(729559407855144960,'32128787988762110x','江苏',0,'2023-09-03 03:01:35',0,'2023-09-03 03:01:35',b'0'),
	(736413912777375744,'32128787988762120','陕西',0,'2023-09-22 00:58:57',0,'2023-09-22 00:58:57',b'0'),
	(736413912890621952,'32128787988762110x','江苏',0,'2023-09-22 00:58:57',0,'2023-09-22 00:58:57',b'0'),
	(736415104735657984,'32128787988762120','陕西',0,'2023-09-22 01:03:41',0,'2023-09-22 01:03:41',b'0'),
	(736415105331249152,'32128787988762110x','江苏',0,'2023-09-22 01:03:41',0,'2023-09-22 01:03:41',b'0'),
	(736415258599505920,'32128787988762120','陕西',0,'2023-09-22 01:04:17',0,'2023-09-22 01:04:17',b'0'),
	(736415258712752128,'32128787988762110x','江苏',0,'2023-09-22 01:04:17',0,'2023-09-22 01:04:17',b'0'),
	(736416079437381632,'32128787988762120','陕西',0,'2023-09-22 01:07:33',0,'2023-09-22 01:07:33',b'0'),
	(736416079559016448,'32128787988762110x','江苏',0,'2023-09-22 01:07:33',0,'2023-09-22 01:07:33',b'0'),
	(736418381229473792,'32128787988762120','陕西',0,'2023-09-22 01:16:42',0,'2023-09-22 01:16:42',b'0'),
	(736418381351108608,'32128787988762110x','江苏',0,'2023-09-22 01:16:42',0,'2023-09-22 01:16:42',b'0'),
	(736418716966731776,'32128787988762120','陕西',0,'2023-09-22 01:18:02',0,'2023-09-22 01:18:02',b'0'),
	(736418717092560896,'32128787988762110x','江苏',0,'2023-09-22 01:18:02',0,'2023-09-22 01:18:02',b'0'),
	(784652319869374464,'32128787988762120','陕西',0,'2024-02-02 03:41:09',0,'2024-02-02 03:41:09',b'0'),
	(784652320024563712,'32128787988762110x','江苏',0,'2024-02-02 03:41:09',0,'2024-02-02 03:41:09',b'0'),
	(784653809883287552,'32128787988762120','陕西',0,'2024-02-02 03:47:04',0,'2024-02-02 03:47:04',b'0'),
	(784653810021699584,'32128787988762110x','江苏',0,'2024-02-02 03:47:04',0,'2024-02-02 03:47:04',b'0');

/*!40000 ALTER TABLE `t_person_id_card` ENABLE KEYS */;
UNLOCK TABLES;


# Dump of table t_person_role
# ------------------------------------------------------------

CREATE TABLE `t_person_role` (
  `person_id` bigint NOT NULL,
  `role_id` bigint NOT NULL,
  `is_deleted` bit(1) NOT NULL DEFAULT b'0',
  UNIQUE KEY `t_person_role_pk` (`person_id`,`role_id`)
) ENGINE=InnoDB DEFAULT CHARSET=utf8mb4 COLLATE=utf8mb4_0900_ai_ci;

LOCK TABLES `t_person_role` WRITE;
/*!40000 ALTER TABLE `t_person_role` DISABLE KEYS */;

INSERT INTO `t_person_role` (`person_id`, `role_id`, `is_deleted`)
VALUES
	(552098712424472576,530861443353075712,b'0'),
	(552100575806939136,530861443353075712,b'0'),
	(784653809900064768,530861443353075712,b'0'),
	(784653810009116672,530861443353075712,b'0'),
	(784653810525016064,530861443353075712,b'0');

/*!40000 ALTER TABLE `t_person_role` ENABLE KEYS */;
UNLOCK TABLES;


# Dump of table t_project_detail1
# ------------------------------------------------------------

CREATE TABLE `t_project_detail1` (
  `id` bigint NOT NULL,
  `title` varchar(32) NOT NULL,
  `project_id` bigint NOT NULL,
  `group_id` bigint NOT NULL,
  `create_by` bigint NOT NULL,
  `create_time` datetime NOT NULL,
  `update_by` bigint NOT NULL,
  `update_time` datetime NOT NULL,
  `is_deleted` bit(1) NOT NULL,
  PRIMARY KEY (`id`)
) ENGINE=InnoDB DEFAULT CHARSET=utf8mb4 COLLATE=utf8mb4_0900_ai_ci;

LOCK TABLES `t_project_detail1` WRITE;
/*!40000 ALTER TABLE `t_project_detail1` DISABLE KEYS */;

INSERT INTO `t_project_detail1` (`id`, `title`, `project_id`, `group_id`, `create_by`, `create_time`, `update_by`, `update_time`, `is_deleted`)
VALUES
	(1,'11',479723663504343042,0,0,'2021-10-30 00:30:55',0,'2024-02-02 03:47:06',b'0'),
	(2,'22',479723663504343043,0,0,'2021-10-30 00:30:55',0,'2024-02-02 03:47:06',b'0'),
	(486641896832532480,'google',486641896689926144,99,0,'2021-11-01 19:14:07',0,'2021-11-01 19:14:07',b'0'),
	(486641957251481600,'facebook-2',486641956903354368,99,0,'2021-11-01 19:14:22',0,'2021-11-01 19:14:22',b'0'),
	(486641957419253760,'facebook-2',486641956903354369,99,0,'2021-11-01 19:14:22',0,'2021-11-01 19:14:22',b'0'),
	(486642251133779968,'facebook-2',486642250760486912,99,0,'2021-11-01 19:15:32',0,'2021-11-01 19:15:32',b'0'),
	(486642251301552128,'facebook-2',486642250760486913,99,0,'2021-11-01 19:15:32',0,'2021-11-01 19:15:32',b'0'),
	(486642252081692672,'google',486642251960057856,99,0,'2021-11-01 19:15:32',0,'2021-11-01 19:15:32',b'0'),
	(486642518701015040,'facebook-2',486642518407413760,99,0,'2021-11-01 19:16:36',0,'2021-11-01 19:16:36',b'0'),
	(486642518948478976,'facebook-2',486642518411608064,99,0,'2021-11-01 19:16:36',0,'2021-11-01 19:16:36',b'0'),
	(486642519871225856,'google',486642519707648000,99,0,'2021-11-01 19:16:36',0,'2021-11-01 19:16:36',b'0'),
	(486642619511111680,'facebook-2',486642619297202176,99,0,'2021-11-01 19:17:00',0,'2021-11-01 19:17:00',b'0'),
	(486642619716632576,'facebook-2',486642619301396480,99,0,'2021-11-01 19:17:00',0,'2021-11-01 19:17:00',b'0'),
	(486642619972485120,'google',486642619842461696,99,0,'2021-11-01 19:17:00',0,'2021-11-01 19:17:00',b'0'),
	(486643577834078208,'facebook-2',486643577595002880,99,0,'2021-11-01 19:20:48',0,'2021-11-01 19:20:48',b'0'),
	(486643577980878848,'facebook-2',486643577595002881,99,0,'2021-11-01 19:20:48',0,'2021-11-01 19:20:48',b'0'),
	(486643578266091520,'google',486643578144456704,99,0,'2021-11-01 19:20:48',0,'2021-11-01 19:20:48',b'0'),
	(486653202377637888,'facebook-2',486653202201477120,99,0,'2021-11-01 19:59:03',0,'2021-11-01 19:59:03',b'0'),
	(486653202469912576,'facebook-2',486653202201477121,99,0,'2021-11-01 19:59:03',0,'2021-11-01 19:59:03',b'0'),
	(486653202667044864,'google',486653202583158784,99,0,'2021-11-01 19:59:03',0,'2021-11-01 19:59:03',b'0'),
	(486698187206590464,'facebook-2',486698187185618944,99,0,'2021-11-01 22:57:48',0,'2021-11-01 22:57:48',b'0'),
	(486698187223367680,'facebook-2',486698187185618945,99,0,'2021-11-01 22:57:48',0,'2021-11-01 22:57:48',b'0'),
	(486698187441471488,'google',486698187428888576,99,0,'2021-11-01 22:57:48',0,'2021-11-01 22:57:48',b'0'),
	(486874563381460992,'facebook-2',486874563326935040,99,0,'2021-11-02 10:38:39',0,'2021-11-02 10:38:39',b'0'),
	(486874563394043904,'facebook-2',486874563326935041,99,0,'2021-11-02 10:38:39',0,'2021-11-02 10:38:39',b'0'),
	(486874563561816064,'google',486874563549233152,99,0,'2021-11-02 10:38:39',0,'2021-11-02 10:38:39',b'0'),
	(486878794968629248,'facebook-2',486878794914103296,99,0,'2021-11-02 10:55:28',0,'2021-11-02 10:55:28',b'0'),
	(486878794985406464,'facebook-2',486878794918297600,99,0,'2021-11-02 10:55:28',0,'2021-11-02 10:55:28',b'0'),
	(486878795312562176,'google',486878795283202048,99,0,'2021-11-02 10:55:28',0,'2021-11-02 10:55:28',b'0'),
	(486888171272306688,'facebook-2',486888171184226304,99,0,'2021-11-02 11:32:44',0,'2021-11-02 11:32:44',b'0'),
	(486888171297472512,'facebook-2',486888171184226305,99,0,'2021-11-02 11:32:44',0,'2021-11-02 11:32:44',b'0'),
	(486888171502993408,'google',486888171477827584,99,0,'2021-11-02 11:32:44',0,'2021-11-02 11:32:44',b'0'),
	(486890805509128192,'facebook-2',486890805471379456,99,0,'2021-11-02 11:43:12',0,'2021-11-02 11:43:12',b'0'),
	(486890805521711104,'facebook-2',486890805471379457,99,0,'2021-11-02 11:43:12',0,'2021-11-02 11:43:12',b'0'),
	(486890805744009216,'google',486890805731426304,99,0,'2021-11-02 11:43:12',0,'2021-11-02 11:43:12',b'0'),
	(486891361870970880,'facebook-2',486891361497677824,99,0,'2021-11-02 11:45:24',0,'2021-11-02 11:45:24',b'0'),
	(486891361942274048,'facebook-2',486891361497677825,99,0,'2021-11-02 11:45:25',0,'2021-11-02 11:45:25',b'0'),
	(486891362550448128,'google',486891362491727872,99,0,'2021-11-02 11:45:25',0,'2021-11-02 11:45:25',b'0'),
	(486892979177816064,'facebook-2',486892979123290112,99,0,'2021-11-02 11:51:50',0,'2021-11-02 11:51:50',b'0'),
	(486892979194593280,'facebook-2',486892979123290113,99,0,'2021-11-02 11:51:50',0,'2021-11-02 11:51:50',b'0'),
	(486892979421085696,'google',486892979408502784,99,0,'2021-11-02 11:51:50',0,'2021-11-02 11:51:50',b'0'),
	(486901859005923328,'facebook-2',486901858943008768,99,0,'2021-11-02 12:27:07',0,'2021-11-02 12:27:07',b'0'),
	(486901859026894848,'facebook-2',486901858943008769,99,0,'2021-11-02 12:27:07',0,'2021-11-02 12:27:07',b'0'),
	(486901859291136000,'google',486901859265970176,99,0,'2021-11-02 12:27:07',0,'2021-11-02 12:27:07',b'0'),
	(486903058690113536,'facebook-2',486903058639781888,99,0,'2021-11-02 12:31:53',0,'2021-11-02 12:31:53',b'0'),
	(486903058702696448,'facebook-2',486903058639781889,99,0,'2021-11-02 12:31:53',0,'2021-11-02 12:31:53',b'0'),
	(486903058895634432,'google',486903058883051520,99,0,'2021-11-02 12:31:53',0,'2021-11-02 12:31:53',b'0'),
	(486905719992778752,'facebook-2',486905719955030016,99,0,'2021-11-02 12:42:28',0,'2021-11-02 12:42:28',b'0'),
	(486905720005361664,'facebook-2',486905719955030017,99,0,'2021-11-02 12:42:28',0,'2021-11-02 12:42:28',b'0'),
	(486905720194105344,'google',486905720156356608,99,0,'2021-11-02 12:42:28',0,'2021-11-02 12:42:28',b'0'),
	(486907691588288512,'facebook-2',486907691542151168,99,0,'2021-11-02 12:50:18',0,'2021-11-02 12:50:18',b'0'),
	(486907691605065728,'facebook-2',486907691542151169,99,0,'2021-11-02 12:50:18',0,'2021-11-02 12:50:18',b'0'),
	(486907691831558144,'google',486907691793809408,99,0,'2021-11-02 12:50:18',0,'2021-11-02 12:50:18',b'0'),
	(487289991115210752,'facebook-2',487289990746112000,99,0,'2021-11-03 14:09:25',0,'2021-11-03 14:09:25',b'0'),
	(487289991165542400,'facebook-2',487289990746112001,99,0,'2021-11-03 14:09:25',0,'2021-11-03 14:09:25',b'0'),
	(487290108614443008,'facebook-2',487290108501196800,99,0,'2021-11-03 14:09:53',0,'2021-11-03 14:09:53',b'0'),
	(487290108635414528,'facebook-2',487290108501196801,99,0,'2021-11-03 14:09:53',0,'2021-11-03 14:09:53',b'0'),
	(487290108807380992,'google',487290108798992384,99,0,'2021-11-03 14:09:53',0,'2021-11-03 14:09:53',b'0'),
	(487344827949023232,'facebook-2',487344827894497280,99,0,'2021-11-03 17:47:19',0,'2021-11-03 17:47:19',b'0'),
	(487344827969994752,'facebook-2',487344827894497281,99,0,'2021-11-03 17:47:19',0,'2021-11-03 17:47:19',b'0'),
	(487344828192292864,'google',487344828179709952,99,0,'2021-11-03 17:47:19',0,'2021-11-03 17:47:19',b'0'),
	(487375757396836352,'facebook-2',487375757338116096,99,0,'2021-11-03 19:50:13',0,'2021-11-03 19:50:13',b'0'),
	(487375757413613568,'facebook-2',487375757338116097,99,0,'2021-11-03 19:50:13',0,'2021-11-03 19:50:13',b'0'),
	(487375757690437632,'google',487375757677854720,99,0,'2021-11-03 19:50:13',0,'2021-11-03 19:50:13',b'0'),
	(487376932053614592,'facebook-2',487376932020060160,99,0,'2021-11-03 19:54:53',0,'2021-11-03 19:54:53',b'0'),
	(487376932070391808,'facebook-2',487376932020060161,99,0,'2021-11-03 19:54:53',0,'2021-11-03 19:54:53',b'0'),
	(487376932204609536,'google',487376932196220928,99,0,'2021-11-03 19:54:53',0,'2021-11-03 19:54:53',b'0'),
	(487382409940467712,'facebook-2',487382409885941760,99,0,'2021-11-03 20:16:39',0,'2021-11-03 20:16:39',b'0'),
	(487382409957244928,'facebook-2',487382409885941761,99,0,'2021-11-03 20:16:39',0,'2021-11-03 20:16:39',b'0'),
	(487382410133405696,'google',487382410125017088,99,0,'2021-11-03 20:16:40',0,'2021-11-03 20:16:40',b'0'),
	(487382626026815488,'facebook-2',487382625980678144,99,0,'2021-11-03 20:17:31',0,'2021-11-03 20:17:31',b'0'),
	(487382626043592704,'facebook-2',487382625980678145,99,0,'2021-11-03 20:17:31',0,'2021-11-03 20:17:31',b'0'),
	(487382626232336384,'google',487382626219753472,99,0,'2021-11-03 20:17:31',0,'2021-11-03 20:17:31',b'0'),
	(487383771365408768,'facebook-2',487383771310882816,99,0,'2021-11-03 20:22:04',0,'2021-11-03 20:22:04',b'0'),
	(487383771382185984,'facebook-2',487383771310882817,99,0,'2021-11-03 20:22:04',0,'2021-11-03 20:22:04',b'0'),
	(487383771583512576,'google',487383771570929664,99,0,'2021-11-03 20:22:04',0,'2021-11-03 20:22:04',b'0'),
	(487384981787017216,'facebook-2',487384981724102656,99,0,'2021-11-03 20:26:53',0,'2021-11-03 20:26:53',b'0'),
	(487384981816377344,'facebook-2',487384981724102657,99,0,'2021-11-03 20:26:53',0,'2021-11-03 20:26:53',b'0'),
	(487384982063841280,'google',487384982051258368,99,0,'2021-11-03 20:26:53',0,'2021-11-03 20:26:53',b'0'),
	(487387842809856000,'facebook-2',487387842763718656,99,0,'2021-11-03 20:38:15',0,'2021-11-03 20:38:15',b'0'),
	(487387842826633216,'facebook-2',487387842763718657,99,0,'2021-11-03 20:38:15',0,'2021-11-03 20:38:15',b'0'),
	(487387843027959808,'google',487387842998599680,99,0,'2021-11-03 20:38:15',0,'2021-11-03 20:38:15',b'0'),
	(487391740517842944,'facebook-2',487391740433956864,99,0,'2021-11-03 20:53:44',0,'2021-11-03 20:53:44',b'0'),
	(487391740559785984,'facebook-2',487391740433956865,99,0,'2021-11-03 20:53:44',0,'2021-11-03 20:53:44',b'0'),
	(487391740895330304,'google',487391740870164480,99,0,'2021-11-03 20:53:44',0,'2021-11-03 20:53:44',b'0'),
	(487393591791353856,'facebook-2',487393591468392448,99,0,'2021-11-03 21:01:05',0,'2021-11-03 21:01:05',b'0'),
	(487393591850074112,'facebook-2',487393591468392449,99,0,'2021-11-03 21:01:05',0,'2021-11-03 21:01:05',b'0'),
	(487393592483414016,'google',487393592420499456,99,0,'2021-11-03 21:01:06',0,'2021-11-03 21:01:06',b'0'),
	(487394917354995712,'facebook-2',487394917300469760,99,0,'2021-11-03 21:06:21',0,'2021-11-03 21:06:21',b'0'),
	(487394917396938752,'facebook-2',487394917300469761,99,0,'2021-11-03 21:06:21',0,'2021-11-03 21:06:21',b'0'),
	(487394917619236864,'google',487394917581488128,99,0,'2021-11-03 21:06:22',0,'2021-11-03 21:06:22',b'0'),
	(487395255508172800,'facebook-2',487395255457841152,99,0,'2021-11-03 21:07:42',0,'2021-11-03 21:07:42',b'0'),
	(487395255524950016,'facebook-2',487395255457841153,99,0,'2021-11-03 21:07:42',0,'2021-11-03 21:07:42',b'0'),
	(487395255755636736,'google',487395255734665216,99,0,'2021-11-03 21:07:42',0,'2021-11-03 21:07:42',b'0'),
	(487395724297142272,'facebook-2',487395724246810624,99,0,'2021-11-03 21:09:34',0,'2021-11-03 21:09:34',b'0'),
	(487395724309725184,'facebook-2',487395724246810625,99,0,'2021-11-03 21:09:34',0,'2021-11-03 21:09:34',b'0'),
	(487395724683018240,'google',487395724649463808,99,0,'2021-11-03 21:09:34',0,'2021-11-03 21:09:34',b'0'),
	(487397193104654336,'facebook-2',487397193062711296,99,0,'2021-11-03 21:15:24',0,'2021-11-03 21:15:24',b'0'),
	(487397193117237248,'facebook-2',487397193062711297,99,0,'2021-11-03 21:15:24',0,'2021-11-03 21:15:24',b'0'),
	(487397193280815104,'google',487397193268232192,99,0,'2021-11-03 21:15:24',0,'2021-11-03 21:15:24',b'0'),
	(487581885032464384,'facebook-2',487581884973744128,99,0,'2021-11-04 09:29:18',0,'2021-11-04 09:29:18',b'0'),
	(487581885049241600,'facebook-2',487581884973744129,99,0,'2021-11-04 09:29:18',0,'2021-11-04 09:29:18',b'0'),
	(487581885225402368,'google',487581885212819456,99,0,'2021-11-04 09:29:18',0,'2021-11-04 09:29:18',b'0'),
	(487582684802351104,'facebook-2',487582684747825152,99,0,'2021-11-04 09:32:29',0,'2021-11-04 09:32:29',b'0'),
	(487582684827516928,'facebook-2',487582684752019456,99,0,'2021-11-04 09:32:29',0,'2021-11-04 09:32:29',b'0'),
	(487582685074980864,'google',487582685058203648,99,0,'2021-11-04 09:32:29',0,'2021-11-04 09:32:29',b'0'),
	(487582965736833024,'facebook-2',487582965682307072,99,0,'2021-11-04 09:33:36',0,'2021-11-04 09:33:36',b'0'),
	(487582965753610240,'facebook-2',487582965682307073,99,0,'2021-11-04 09:33:36',0,'2021-11-04 09:33:36',b'0'),
	(487582966047211520,'google',487582966013657088,99,0,'2021-11-04 09:33:36',0,'2021-11-04 09:33:36',b'0'),
	(487693379153854464,'facebook-2',487693379086745600,99,0,'2021-11-04 16:52:20',0,'2021-11-04 16:52:20',b'0'),
	(487693379179020288,'facebook-2',487693379086745601,99,0,'2021-11-04 16:52:20',0,'2021-11-04 16:52:20',b'0'),
	(487693379376152576,'google',487693379363569664,99,0,'2021-11-04 16:52:20',0,'2021-11-04 16:52:20',b'0'),
	(488050418619154432,'facebook-2',488050418514296832,99,0,'2021-11-05 16:31:05',0,'2021-11-05 16:31:05',b'0'),
	(488050418635931648,'facebook-2',488050418514296833,99,0,'2021-11-05 16:31:05',0,'2021-11-05 16:31:05',b'0'),
	(488050418854035456,'google',488050418841452544,99,0,'2021-11-05 16:31:05',0,'2021-11-05 16:31:05',b'0'),
	(488062884459741184,'facebook-2',488062884413603840,99,0,'2021-11-05 17:20:37',0,'2021-11-05 17:20:37',b'0'),
	(488062884476518400,'facebook-2',488062884413603841,99,0,'2021-11-05 17:20:37',0,'2021-11-05 17:20:37',b'0'),
	(488062884782702592,'google',488062884749148160,99,0,'2021-11-05 17:20:37',0,'2021-11-05 17:20:37',b'0'),
	(488149357548699648,'facebook-2',488149357401899008,99,0,'2021-11-05 23:04:14',0,'2021-11-05 23:04:14',b'0'),
	(488149357632585728,'facebook-2',488149357401899009,99,0,'2021-11-05 23:04:14',0,'2021-11-05 23:04:14',b'0'),
	(488149357901021184,'google',488149357875855360,99,0,'2021-11-05 23:04:14',0,'2021-11-05 23:04:14',b'0'),
	(488708258149072896,'facebook-2',488708258052603904,99,0,'2021-11-07 12:05:06',0,'2021-11-07 12:05:06',b'0'),
	(488708258191015936,'facebook-2',488708258052603905,99,0,'2021-11-07 12:05:06',0,'2021-11-07 12:05:06',b'0'),
	(488708258383953920,'google',488708258371371008,99,0,'2021-11-07 12:05:06',0,'2021-11-07 12:05:06',b'0'),
	(489081155141140480,'facebook-2',489081155027894272,99,0,'2021-11-08 12:46:52',0,'2021-11-08 12:46:52',b'0'),
	(489081155166306304,'facebook-2',489081155027894273,99,0,'2021-11-08 12:46:52',0,'2021-11-08 12:46:52',b'0'),
	(489081155355049984,'google',489081155338272768,99,0,'2021-11-08 12:46:52',0,'2021-11-08 12:46:52',b'0'),
	(489086466140831744,'facebook-2',489086466082111488,99,0,'2021-11-08 13:07:58',0,'2021-11-08 13:07:58',b'0'),
	(489086466161803264,'facebook-2',489086466082111489,99,0,'2021-11-08 13:07:58',0,'2021-11-08 13:07:58',b'0'),
	(489086466417655808,'google',489086466409267200,99,0,'2021-11-08 13:07:58',0,'2021-11-08 13:07:58',b'0'),
	(490590190751350784,'facebook-2',490590190701019136,99,0,'2021-11-12 16:43:14',0,'2021-11-12 16:43:14',b'0'),
	(490590190768128000,'facebook-2',490590190701019137,99,0,'2021-11-12 16:43:14',0,'2021-11-12 16:43:14',b'0'),
	(490590191036563456,'google',490590191023980544,99,0,'2021-11-12 16:43:14',0,'2021-11-12 16:43:14',b'0'),
	(490601705588031488,'facebook-2',490601705508339712,99,0,'2021-11-12 17:28:59',0,'2021-11-12 17:28:59',b'0'),
	(490601705613197312,'facebook-2',490601705508339713,99,0,'2021-11-12 17:28:59',0,'2021-11-12 17:28:59',b'0'),
	(490601705822912512,'google',490601705801940992,99,0,'2021-11-12 17:28:59',0,'2021-11-12 17:28:59',b'0'),
	(497813214453993472,'facebook-2',497813214416244736,99,0,'2021-12-02 15:04:57',0,'2021-12-02 15:04:57',b'0'),
	(497813214466576384,'facebook-2',497813214416244737,99,0,'2021-12-02 15:04:57',0,'2021-12-02 15:04:57',b'0'),
	(497813214726623232,'google',497813214701457408,99,0,'2021-12-02 15:04:57',0,'2021-12-02 15:04:57',b'0'),
	(497820015262076928,'facebook-2',497820015211745280,99,0,'2021-12-02 15:31:58',0,'2021-12-02 15:31:58',b'0'),
	(497820015283048448,'facebook-2',497820015211745281,99,0,'2021-12-02 15:31:59',0,'2021-12-02 15:31:59',b'0'),
	(497820015580844032,'google',497820015543095296,99,0,'2021-12-02 15:31:59',0,'2021-12-02 15:31:59',b'0'),
	(498239829428310016,'facebook-2',498239829352812544,99,0,'2021-12-03 19:20:10',0,'2021-12-03 19:20:10',b'0'),
	(498239829449281536,'facebook-2',498239829352812545,99,0,'2021-12-03 19:20:10',0,'2021-12-03 19:20:10',b'0'),
	(498239829671579648,'google',498239829658996736,99,0,'2021-12-03 19:20:10',0,'2021-12-03 19:20:10',b'0'),
	(498473351158075392,'facebook-2',498473351023857664,99,0,'2021-12-04 10:48:06',0,'2021-12-04 10:48:06',b'0'),
	(498473351183241216,'facebook-2',498473351023857665,99,0,'2021-12-04 10:48:06',0,'2021-12-04 10:48:06',b'0'),
	(498473351384567808,'google',498473351371984896,99,0,'2021-12-04 10:48:06',0,'2021-12-04 10:48:06',b'0'),
	(498473847516205056,'facebook-2',498473847436513280,99,0,'2021-12-04 10:50:04',0,'2021-12-04 10:50:04',b'0'),
	(498473847541370880,'facebook-2',498473847436513281,99,0,'2021-12-04 10:50:04',0,'2021-12-04 10:50:04',b'0'),
	(498473847809806336,'google',498473847780446208,99,0,'2021-12-04 10:50:04',0,'2021-12-04 10:50:04',b'0'),
	(498474307664908288,'facebook-2',498474307601993728,99,0,'2021-12-04 10:51:54',0,'2021-12-04 10:51:54',b'0'),
	(498474307711045632,'facebook-2',498474307601993729,99,0,'2021-12-04 10:51:54',0,'2021-12-04 10:51:54',b'0'),
	(498474307924955136,'google',498474307912372224,99,0,'2021-12-04 10:51:54',0,'2021-12-04 10:51:54',b'0'),
	(498476369828024320,'facebook-2',498476369723166720,99,0,'2021-12-04 11:00:06',0,'2021-12-04 11:00:06',b'0'),
	(498476369853190144,'facebook-2',498476369723166721,99,0,'2021-12-04 11:00:06',0,'2021-12-04 11:00:06',b'0'),
	(498476370650107904,'google',498476370599776256,99,0,'2021-12-04 11:00:06',0,'2021-12-04 11:00:06',b'0'),
	(498477989932470272,'facebook-2',498477989798252544,99,0,'2021-12-04 11:06:32',0,'2021-12-04 11:06:32',b'0'),
	(498477989949247488,'facebook-2',498477989798252545,99,0,'2021-12-04 11:06:32',0,'2021-12-04 11:06:32',b'0'),
	(498477990578393088,'google',498477990544838656,99,0,'2021-12-04 11:06:32',0,'2021-12-04 11:06:32',b'0'),
	(498478265829593088,'facebook-2',498478265737318400,99,0,'2021-12-04 11:07:38',0,'2021-12-04 11:07:38',b'0'),
	(498478265854758912,'facebook-2',498478265737318401,99,0,'2021-12-04 11:07:38',0,'2021-12-04 11:07:38',b'0'),
	(498478266815254528,'google',498478266773311488,99,0,'2021-12-04 11:07:38',0,'2021-12-04 11:07:38',b'0'),
	(498478402849116160,'facebook-2',498478402727481344,99,0,'2021-12-04 11:08:10',0,'2021-12-04 11:08:10',b'0'),
	(498478402870087680,'facebook-2',498478402727481345,99,0,'2021-12-04 11:08:10',0,'2021-12-04 11:08:10',b'0'),
	(498478403633451008,'google',498478403578925056,99,0,'2021-12-04 11:08:11',0,'2021-12-04 11:08:11',b'0'),
	(501017587975897088,'facebook-2',501017587879428096,99,0,'2021-12-11 11:17:59',0,'2021-12-11 11:17:59',b'0'),
	(501017587992674304,'facebook-2',501017587879428097,99,0,'2021-12-11 11:17:59',0,'2021-12-11 11:17:59',b'0'),
	(501017588848312320,'google',501017588810563584,99,0,'2021-12-11 11:17:59',0,'2021-12-11 11:17:59',b'0'),
	(501017847171301376,'facebook-2',501017847125164032,99,0,'2021-12-11 11:19:01',0,'2021-12-11 11:19:01',b'0'),
	(501017847183884288,'facebook-2',501017847125164033,99,0,'2021-12-11 11:19:01',0,'2021-12-11 11:19:01',b'0'),
	(501017847452319744,'google',501017847418765312,99,0,'2021-12-11 11:19:01',0,'2021-12-11 11:19:01',b'0'),
	(530055289760833536,'facebook-2',530055289689530368,99,0,'2022-03-01 14:23:27',0,'2022-03-01 14:23:27',b'0'),
	(530055289777610752,'facebook-2',530055289689530369,99,0,'2022-03-01 14:23:27',0,'2022-03-01 14:23:27',b'0'),
	(530055289978937344,'google',530055289957965824,99,0,'2022-03-01 14:23:27',0,'2022-03-01 14:23:27',b'0'),
	(530147560313249792,'facebook-2',530147560271306752,99,0,'2022-03-01 20:30:06',0,'2022-03-01 20:30:06',b'0'),
	(530147560363581440,'facebook-2',530147560271306753,99,0,'2022-03-01 20:30:06',0,'2022-03-01 20:30:06',b'0'),
	(530147560581685248,'google',530147560573296640,99,0,'2022-03-01 20:30:06',0,'2022-03-01 20:30:06',b'0'),
	(530890086221537280,'facebook-2',530890086104096768,99,0,'2022-03-03 21:40:38',0,'2022-03-03 21:40:38',b'0'),
	(530890086242508800,'facebook-2',530890086104096769,99,0,'2022-03-03 21:40:38',0,'2022-03-03 21:40:38',b'0'),
	(530890086515138560,'google',530890086489972736,99,0,'2022-03-03 21:40:38',0,'2022-03-03 21:40:38',b'0'),
	(530890267008622592,'facebook-2',530890266916347904,99,0,'2022-03-03 21:41:21',0,'2022-03-03 21:41:21',b'0'),
	(530890267054759936,'facebook-2',530890266916347905,99,0,'2022-03-03 21:41:21',0,'2022-03-03 21:41:21',b'0'),
	(530890267285446656,'google',530890267256086528,99,0,'2022-03-03 21:41:21',0,'2022-03-03 21:41:21',b'0'),
	(530905039389253632,'facebook-2',530905039322144768,99,0,'2022-03-03 22:40:03',0,'2022-03-03 22:40:03',b'0'),
	(530905039422808064,'facebook-2',530905039322144769,99,0,'2022-03-03 22:40:03',0,'2022-03-03 22:40:03',b'0'),
	(530905039657689088,'google',530905039645106176,99,0,'2022-03-03 22:40:03',0,'2022-03-03 22:40:03',b'0'),
	(530911074296455168,'facebook-2',530911074208374784,99,0,'2022-03-03 23:04:02',0,'2022-03-03 23:04:02',b'0'),
	(530911074313232384,'facebook-2',530911074208374785,99,0,'2022-03-03 23:04:02',0,'2022-03-03 23:04:02',b'0'),
	(530911074556502016,'google',530911074522947584,99,0,'2022-03-03 23:04:02',0,'2022-03-03 23:04:02',b'0'),
	(530914111006105600,'facebook-2',530914110951579648,99,0,'2022-03-03 23:16:06',0,'2022-03-03 23:16:06',b'0'),
	(530914111022882816,'facebook-2',530914110951579649,99,0,'2022-03-03 23:16:06',0,'2022-03-03 23:16:06',b'0'),
	(530914111287123968,'google',530914111274541056,99,0,'2022-03-03 23:16:06',0,'2022-03-03 23:16:06',b'0'),
	(531113450458505216,'facebook-2',531113450408173568,99,0,'2022-03-04 12:28:12',0,'2022-03-04 12:28:12',b'0'),
	(531113450471088128,'facebook-2',531113450408173569,99,0,'2022-03-04 12:28:12',0,'2022-03-04 12:28:12',b'0'),
	(531113450672414720,'google',531113450651443200,99,0,'2022-03-04 12:28:12',0,'2022-03-04 12:28:12',b'0'),
	(532787384874622976,'facebook-2',532787384815902720,99,0,'2022-03-09 03:19:49',0,'2022-03-09 03:19:49',b'0'),
	(532787384929148928,'facebook-2',532787384815902721,99,0,'2022-03-09 03:19:49',0,'2022-03-09 03:19:49',b'0'),
	(532787385176612864,'google',532787385164029952,99,0,'2022-03-09 03:19:49',0,'2022-03-09 03:19:49',b'0'),
	(532788093078659072,'facebook-2',532788093028327424,99,0,'2022-03-09 03:22:38',0,'2022-03-09 03:22:38',b'0'),
	(532788093095436288,'facebook-2',532788093028327425,99,0,'2022-03-09 03:22:38',0,'2022-03-09 03:22:38',b'0'),
	(532788093338705920,'google',532788093326123008,99,0,'2022-03-09 03:22:38',0,'2022-03-09 03:22:38',b'0'),
	(533031531162296320,'facebook-2',533031531082604544,99,0,'2022-03-09 19:29:58',0,'2022-03-09 19:29:58',b'0'),
	(533031531179073536,'facebook-2',533031531082604545,99,0,'2022-03-09 19:29:58',0,'2022-03-09 19:29:58',b'0'),
	(533031531380400128,'google',533031531367817216,99,0,'2022-03-09 19:29:58',0,'2022-03-09 19:29:58',b'0'),
	(533036765238452224,'facebook-2',533036765121011712,99,0,'2022-03-09 19:50:46',0,'2022-03-09 19:50:46',b'0'),
	(533036765255229440,'facebook-2',533036765121011713,99,0,'2022-03-09 19:50:46',0,'2022-03-09 19:50:46',b'0'),
	(533036765905346560,'google',533036765871792128,99,0,'2022-03-09 19:50:46',0,'2022-03-09 19:50:46',b'0'),
	(533040124351668224,'facebook-2',533040124297142272,99,0,'2022-03-09 20:04:07',0,'2022-03-09 20:04:07',b'0'),
	(533040124368445440,'facebook-2',533040124297142273,99,0,'2022-03-09 20:04:07',0,'2022-03-09 20:04:07',b'0'),
	(533040124536217600,'google',533040124523634688,99,0,'2022-03-09 20:04:07',0,'2022-03-09 20:04:07',b'0'),
	(533111151291195392,'facebook-2',533111151173754880,99,0,'2022-03-10 00:46:21',0,'2022-03-10 00:46:21',b'0'),
	(533111151614156800,'facebook-2',533111151173754881,99,0,'2022-03-10 00:46:21',0,'2022-03-10 00:46:21',b'0'),
	(533111152406880256,'google',533111152343965696,99,0,'2022-03-10 00:46:21',0,'2022-03-10 00:46:21',b'0'),
	(533114916358512640,'facebook-2',533114916257849344,99,0,'2022-03-10 01:01:19',0,'2022-03-10 01:01:19',b'0'),
	(533114916387872768,'facebook-2',533114916257849345,99,0,'2022-03-10 01:01:19',0,'2022-03-10 01:01:19',b'0'),
	(533114916660502528,'google',533114916639531008,99,0,'2022-03-10 01:01:19',0,'2022-03-10 01:01:19',b'0'),
	(533119933761118208,'facebook-2',533119933673037824,99,0,'2022-03-10 01:21:15',0,'2022-03-10 01:21:15',b'0'),
	(533119933782089728,'facebook-2',533119933673037825,99,0,'2022-03-10 01:21:15',0,'2022-03-10 01:21:15',b'0'),
	(533119934151188480,'google',533119934121828352,99,0,'2022-03-10 01:21:15',0,'2022-03-10 01:21:15',b'0'),
	(533120477804290048,'facebook-2',533120477720403968,99,0,'2022-03-10 01:23:25',0,'2022-03-10 01:23:25',b'0'),
	(533120477837844480,'facebook-2',533120477720403969,99,0,'2022-03-10 01:23:25',0,'2022-03-10 01:23:25',b'0'),
	(533120478106279936,'google',533120478093697024,99,0,'2022-03-10 01:23:25',0,'2022-03-10 01:23:25',b'0'),
	(533123670416220160,'facebook-2',533123670332334080,99,0,'2022-03-10 01:36:06',0,'2022-03-10 01:36:06',b'0'),
	(533123670437191680,'facebook-2',533123670332334081,99,0,'2022-03-10 01:36:06',0,'2022-03-10 01:36:06',b'0'),
	(533123670684655616,'google',533123670667878400,99,0,'2022-03-10 01:36:06',0,'2022-03-10 01:36:06',b'0'),
	(533123949173858304,'facebook-2',533123949119332352,99,0,'2022-03-10 01:37:12',0,'2022-03-10 01:37:12',b'0'),
	(533123949211607040,'facebook-2',533123949119332353,99,0,'2022-03-10 01:37:12',0,'2022-03-10 01:37:12',b'0'),
	(533123949421322240,'google',533123949404545024,99,0,'2022-03-10 01:37:12',0,'2022-03-10 01:37:12',b'0'),
	(533124231433740288,'facebook-2',533124231370825728,99,0,'2022-03-10 01:38:20',0,'2022-03-10 01:38:20',b'0'),
	(533124231479877632,'facebook-2',533124231375020032,99,0,'2022-03-10 01:38:20',0,'2022-03-10 01:38:20',b'0'),
	(533124231748313088,'google',533124231710564352,99,0,'2022-03-10 01:38:20',0,'2022-03-10 01:38:20',b'0'),
	(533124474917281792,'facebook-2',533124474837590016,99,0,'2022-03-10 01:39:18',0,'2022-03-10 01:39:18',b'0'),
	(533124474938253312,'facebook-2',533124474837590017,99,0,'2022-03-10 01:39:18',0,'2022-03-10 01:39:18',b'0'),
	(533124475227660288,'google',533124475210883072,99,0,'2022-03-10 01:39:18',0,'2022-03-10 01:39:18',b'0'),
	(533331174748250112,'facebook-2',533331174664364032,99,0,'2022-03-10 15:20:39',0,'2022-03-10 15:20:39',b'0'),
	(533331174769221632,'facebook-2',533331174664364033,99,0,'2022-03-10 15:20:39',0,'2022-03-10 15:20:39',b'0'),
	(533331175087988736,'google',533331175079600128,99,0,'2022-03-10 15:20:39',0,'2022-03-10 15:20:39',b'0'),
	(533878219166900224,'facebook-2',533878219112374272,99,0,'2022-03-12 03:34:24',0,'2022-03-12 03:34:24',b'0'),
	(533878219183677440,'facebook-2',533878219112374273,99,0,'2022-03-12 03:34:24',0,'2022-03-12 03:34:24',b'0'),
	(533878219460501504,'google',533878219452112896,99,0,'2022-03-12 03:34:24',0,'2022-03-12 03:34:24',b'0'),
	(537655920881229824,'facebook-2',537655920453410816,99,0,'2022-03-22 13:45:39',0,'2022-03-22 13:45:39',b'0'),
	(537655920918978560,'facebook-2',537655920453410817,99,0,'2022-03-22 13:45:39',0,'2022-03-22 13:45:39',b'0'),
	(537655922152103936,'google',537655922118549504,99,0,'2022-03-22 13:45:39',0,'2022-03-22 13:45:39',b'0'),
	(537656227895894016,'facebook-2',537656227791036416,99,0,'2022-03-22 13:46:52',0,'2022-03-22 13:46:52',b'0'),
	(537656228076249088,'facebook-2',537656227791036417,99,0,'2022-03-22 13:46:52',0,'2022-03-22 13:46:52',b'0'),
	(537656229057716224,'google',537656229015773184,99,0,'2022-03-22 13:46:52',0,'2022-03-22 13:46:52',b'0'),
	(537674571332116480,'facebook-2',537674571281784832,99,0,'2022-03-22 14:59:45',0,'2022-03-22 14:59:45',b'0'),
	(537674571344699392,'facebook-2',537674571281784833,99,0,'2022-03-22 14:59:45',0,'2022-03-22 14:59:45',b'0'),
	(537674571566997504,'google',537674571554414592,99,0,'2022-03-22 14:59:45',0,'2022-03-22 14:59:45',b'0'),
	(537674798805999616,'facebook-2',537674798566924288,99,0,'2022-03-22 15:00:39',0,'2022-03-22 15:00:39',b'0'),
	(537674798877302784,'facebook-2',537674798566924289,99,0,'2022-03-22 15:00:39',0,'2022-03-22 15:00:39',b'0'),
	(537674799208652800,'google',537674799175098368,99,0,'2022-03-22 15:00:39',0,'2022-03-22 15:00:39',b'0'),
	(541636414287306752,'facebook-2',541636414203420672,99,0,'2022-04-02 13:22:42',0,'2022-04-02 13:22:42',b'0'),
	(541636414304083968,'facebook-2',541636414203420673,99,0,'2022-04-02 13:22:42',0,'2022-04-02 13:22:42',b'0'),
	(541636414488633344,'google',541636414480244736,99,0,'2022-04-02 13:22:42',0,'2022-04-02 13:22:42',b'0'),
	(544131743482044416,'facebook-2',544131743393964032,99,0,'2022-04-09 10:38:15',0,'2022-04-09 10:38:15',b'0'),
	(544131743511404544,'facebook-2',544131743393964033,99,0,'2022-04-09 10:38:15',0,'2022-04-09 10:38:15',b'0'),
	(544131743842754560,'google',544131743796617216,99,0,'2022-04-09 10:38:15',0,'2022-04-09 10:38:15',b'0'),
	(544299908853850112,'facebook-2',544299908786741248,99,0,'2022-04-09 21:46:29',0,'2022-04-09 21:46:29',b'0'),
	(544299909030010880,'google',479723663504343040,99,0,'2022-04-09 21:46:29',0,'2022-04-09 21:46:29',b'0'),
	(546377186203066368,'facebook-2',546377186131763200,99,0,'2022-04-15 15:20:50',0,'2022-04-15 15:20:50',b'0'),
	(546377186245009408,'facebook-2',546377186131763201,99,0,'2022-04-15 15:20:50',0,'2022-04-15 15:20:50',b'0'),
	(546377186454724608,'google',546377186442141696,99,0,'2022-04-15 15:20:50',0,'2022-04-15 15:20:50',b'0'),
	(546382044830294016,'facebook-2',546382044742213632,99,0,'2022-04-15 15:40:09',0,'2022-04-15 15:40:09',b'0'),
	(546382044868042752,'facebook-2',546382044742213633,99,0,'2022-04-15 15:40:09',0,'2022-04-15 15:40:09',b'0'),
	(546382045065175040,'google',546382045044203520,99,0,'2022-04-15 15:40:09',0,'2022-04-15 15:40:09',b'0'),
	(546386802085388288,'facebook-2',546386801976336384,99,0,'2022-04-15 15:59:03',0,'2022-04-15 15:59:03',b'0'),
	(546386802299297792,'google',546386802278326272,99,0,'2022-04-15 15:59:03',0,'2022-04-15 15:59:03',b'0'),
	(546387196932972544,'facebook-2',546387196878446592,99,0,'2022-04-15 16:00:37',0,'2022-04-15 16:00:37',b'0'),
	(546387196949749760,'facebook-2',546387196882640896,99,0,'2022-04-15 16:00:37',0,'2022-04-15 16:00:37',b'0'),
	(546387197092356096,'google',546387197083967488,99,0,'2022-04-15 16:00:37',0,'2022-04-15 16:00:37',b'0'),
	(546387419449188352,'facebook-2',546387419361107968,99,0,'2022-04-15 16:01:30',0,'2022-04-15 16:01:30',b'0'),
	(546387419482742784,'facebook-2',546387419361107969,99,0,'2022-04-15 16:01:30',0,'2022-04-15 16:01:30',b'0'),
	(546387419734401024,'google',546387419721818112,99,0,'2022-04-15 16:01:30',0,'2022-04-15 16:01:30',b'0'),
	(546410651329945600,'facebook-2',546410651258642432,99,0,'2022-04-15 17:33:49',0,'2022-04-15 17:33:49',b'0'),
	(546410651342528512,'facebook-2',546410651258642433,99,0,'2022-04-15 17:33:49',0,'2022-04-15 17:33:49',b'0'),
	(546410651610963968,'google',546410651594186752,99,0,'2022-04-15 17:33:49',0,'2022-04-15 17:33:49',b'0'),
	(546490236167970816,'facebook-2',546490236138610688,99,0,'2022-04-15 22:50:03',0,'2022-04-15 22:50:03',b'0'),
	(546490236180553728,'facebook-2',546490236138610689,99,0,'2022-04-15 22:50:03',0,'2022-04-15 22:50:03',b'0'),
	(546490236310577152,'google',546490236306382848,99,0,'2022-04-15 22:50:03',0,'2022-04-15 22:50:03',b'0'),
	(551569317175681024,'facebook-2',551569317087600640,99,0,'2022-04-29 23:12:31',0,'2022-04-29 23:12:31',b'0'),
	(551569317192458240,'facebook-2',551569317087600641,99,0,'2022-04-29 23:12:31',0,'2022-04-29 23:12:31',b'0'),
	(551569317465088000,'google',551569317452505088,99,0,'2022-04-29 23:12:31',0,'2022-04-29 23:12:31',b'0'),
	(551569459865903104,'facebook-2',551569459798794240,99,0,'2022-04-29 23:13:05',0,'2022-04-29 23:13:05',b'0'),
	(551569459882680320,'facebook-2',551569459798794241,99,0,'2022-04-29 23:13:05',0,'2022-04-29 23:13:05',b'0'),
	(551569460092395520,'google',551569460084006912,99,0,'2022-04-29 23:13:05',0,'2022-04-29 23:13:05',b'0'),
	(551579541831868416,'facebook-2',551579541756370944,99,0,'2022-04-29 23:53:08',0,'2022-04-29 23:53:08',b'0'),
	(551579541848645632,'facebook-2',551579541756370945,99,0,'2022-04-29 23:53:08',0,'2022-04-29 23:53:08',b'0'),
	(551579542070943744,'google',551579542062555136,99,0,'2022-04-29 23:53:08',0,'2022-04-29 23:53:08',b'0'),
	(551755044509376512,'facebook-2',551755044459044864,99,0,'2022-04-30 11:30:32',0,'2022-04-30 11:30:32',b'0'),
	(551755044530348032,'facebook-2',551755044459044865,99,0,'2022-04-30 11:30:32',0,'2022-04-30 11:30:32',b'0'),
	(551755044723286016,'google',551755044714897408,99,0,'2022-04-30 11:30:32',0,'2022-04-30 11:30:32',b'0'),
	(551755658031194112,'facebook-2',551755657913753600,99,0,'2022-04-30 11:32:58',0,'2022-04-30 11:32:58',b'0'),
	(551755658047971328,'facebook-2',551755657913753601,99,0,'2022-04-30 11:32:58',0,'2022-04-30 11:32:58',b'0'),
	(551755658224132096,'google',551755658198966272,99,0,'2022-04-30 11:32:58',0,'2022-04-30 11:32:58',b'0'),
	(551767950076600320,'facebook-2',551767950034657280,99,0,'2022-04-30 12:21:48',0,'2022-04-30 12:21:48',b'0'),
	(551767950118543360,'facebook-2',551767950034657281,99,0,'2022-04-30 12:21:48',0,'2022-04-30 12:21:48',b'0'),
	(551767950336647168,'google',551767950324064256,99,0,'2022-04-30 12:21:49',0,'2022-04-30 12:21:49',b'0'),
	(551771460641939456,'facebook-2',551771460583219200,99,0,'2022-04-30 12:35:45',0,'2022-04-30 12:35:45',b'0'),
	(551771460671299584,'facebook-2',551771460583219201,99,0,'2022-04-30 12:35:45',0,'2022-04-30 12:35:45',b'0'),
	(551771460943929344,'google',551771460922957824,99,0,'2022-04-30 12:35:46',0,'2022-04-30 12:35:46',b'0'),
	(551773372112101376,'facebook-2',551773372061769728,99,0,'2022-04-30 12:43:21',0,'2022-04-30 12:43:21',b'0'),
	(551773372128878592,'facebook-2',551773372061769729,99,0,'2022-04-30 12:43:21',0,'2022-04-30 12:43:21',b'0'),
	(551773372317622272,'google',551773372305039360,99,0,'2022-04-30 12:43:21',0,'2022-04-30 12:43:21',b'0'),
	(551791428578238464,'add...',1651298097659,99,0,'2022-04-30 13:55:06',0,'2022-04-30 13:55:07',b'1'),
	(551791429647785984,'add...',1651298097659,99,0,'2022-04-30 13:55:06',0,'2022-04-30 13:55:07',b'1'),
	(551791430021079040,'add...',551791429991718912,99,0,'2022-04-30 13:55:07',0,'2022-04-30 13:55:07',b'0'),
	(551792930554306560,'add...',1651298451254,99,0,'2022-04-30 14:01:04',0,'2022-04-30 14:01:05',b'1'),
	(551792931992952832,'add...',1651298451254,99,0,'2022-04-30 14:01:05',0,'2022-04-30 14:01:05',b'1'),
	(551792932483686400,'add...',551792932458520576,99,0,'2022-04-30 14:01:05',0,'2022-04-30 14:01:05',b'0'),
	(551796538234560512,'add...',1651299316276,99,0,'2022-04-30 14:15:24',0,'2022-04-30 14:15:25',b'1'),
	(551796539203444736,'add...',1651299316276,99,0,'2022-04-30 14:15:25',0,'2022-04-30 14:15:25',b'1'),
	(551796539551571968,'add...',551796539530600448,99,0,'2022-04-30 14:15:25',0,'2022-04-30 14:15:25',b'0'),
	(551796716010135552,'add...',1651299359416,99,0,'2022-04-30 14:16:07',0,'2022-04-30 14:16:08',b'1'),
	(551796717075488768,'add...',1651299359416,99,0,'2022-04-30 14:16:07',0,'2022-04-30 14:16:08',b'1'),
	(551796717423616000,'add...',551796717398450176,99,0,'2022-04-30 14:16:07',0,'2022-04-30 14:16:07',b'0'),
	(551796944293519360,'add...',1651299413798,99,0,'2022-04-30 14:17:01',0,'2022-04-30 14:17:02',b'1'),
	(551796945451147264,'add...',1651299413798,99,0,'2022-04-30 14:17:01',0,'2022-04-30 14:17:02',b'1'),
	(551796945803468800,'add...',551796945786691584,99,0,'2022-04-30 14:17:02',0,'2022-04-30 14:17:02',b'0'),
	(551797030813622272,'facebook-2',551797030733930496,99,0,'2022-04-30 14:17:22',0,'2022-04-30 14:17:22',b'0'),
	(551797030834593792,'facebook-2',551797030733930497,99,0,'2022-04-30 14:17:22',0,'2022-04-30 14:17:22',b'0'),
	(551797031056891904,'google',551797031040114688,99,0,'2022-04-30 14:17:22',0,'2022-04-30 14:17:22',b'0'),
	(551797046609371136,'add...',1651299445544,99,0,'2022-04-30 14:17:26',0,'2022-04-30 14:17:26',b'1'),
	(551797047167213568,'add...',1651299445544,99,0,'2022-04-30 14:17:26',0,'2022-04-30 14:17:26',b'1'),
	(551797047758610432,'add...',551797047720861696,99,0,'2022-04-30 14:17:26',0,'2022-04-30 14:17:26',b'0'),
	(551798340560543744,'add...',1651299746567,99,0,'2022-04-30 14:22:34',0,'2022-04-30 14:22:35',b'1'),
	(551798341567176704,'add...',1651299746567,99,0,'2022-04-30 14:22:34',0,'2022-04-30 14:22:35',b'1'),
	(551798341911109632,'add...',551798341890138112,99,0,'2022-04-30 14:22:34',0,'2022-04-30 14:22:34',b'0'),
	(551798455962624000,'add...',1651299772738,99,0,'2022-04-30 14:23:02',0,'2022-04-30 14:23:02',b'1'),
	(551798456994422784,'add...',1651299772738,99,0,'2022-04-30 14:23:02',0,'2022-04-30 14:23:02',b'1'),
	(551798457350938624,'add...',551798457334161408,99,0,'2022-04-30 14:23:02',0,'2022-04-30 14:23:02',b'0'),
	(551798625571889152,'add...',1651299811473,99,0,'2022-04-30 14:23:42',0,'2022-04-30 14:23:43',b'1'),
	(551798626700156928,'add...',1651299811473,99,0,'2022-04-30 14:23:42',0,'2022-04-30 14:23:43',b'1'),
	(551798627027312640,'add...',551798627018924032,99,0,'2022-04-30 14:23:42',0,'2022-04-30 14:23:42',b'0'),
	(551798696019419136,'add...',1651299831209,99,0,'2022-04-30 14:23:59',0,'2022-04-30 14:24:00',b'1'),
	(551798697059606528,'add...',1651299831209,99,0,'2022-04-30 14:23:59',0,'2022-04-30 14:24:00',b'1'),
	(551798697420316672,'add...',551798697390956544,99,0,'2022-04-30 14:23:59',0,'2022-04-30 14:23:59',b'0'),
	(551798907202625536,'add...',1651299889149,99,0,'2022-04-30 14:24:49',0,'2022-04-30 14:24:50',b'1'),
	(551798907655610368,'add...',1651299889149,99,0,'2022-04-30 14:24:49',0,'2022-04-30 14:24:50',b'1'),
	(551798908024709120,'add...',551798907995348992,99,0,'2022-04-30 14:24:49',0,'2022-04-30 14:24:49',b'0'),
	(551798927125569536,'facebook-2',551798927100403712,99,0,'2022-04-30 14:24:54',0,'2022-04-30 14:24:54',b'0'),
	(551798927146541056,'facebook-2',551798927100403713,99,0,'2022-04-30 14:24:54',0,'2022-04-30 14:24:54',b'0'),
	(551798927360450560,'google',551798927331090432,99,0,'2022-04-30 14:24:54',0,'2022-04-30 14:24:54',b'0'),
	(551800734115618816,'add...',1651300316576,99,0,'2022-04-30 14:32:05',0,'2022-04-30 14:32:06',b'1'),
	(551800735080308736,'add...',1651300316576,99,0,'2022-04-30 14:32:05',0,'2022-04-30 14:32:06',b'1'),
	(551800735592013824,'add...',551800735566848000,99,0,'2022-04-30 14:32:05',0,'2022-04-30 14:32:05',b'0'),
	(551800848397819904,'add...',1651300344506,99,0,'2022-04-30 14:32:32',0,'2022-04-30 14:32:33',b'1'),
	(551800849391869952,'add...',1651300344506,99,0,'2022-04-30 14:32:32',0,'2022-04-30 14:32:33',b'1'),
	(551800849765163008,'add...',551800849748385792,99,0,'2022-04-30 14:32:32',0,'2022-04-30 14:32:32',b'0'),
	(551801077524258816,'add...',1651300406611,99,0,'2022-04-30 14:33:27',0,'2022-04-30 14:33:27',b'1'),
	(551801078077906944,'add...',1651300406611,99,0,'2022-04-30 14:33:27',0,'2022-04-30 14:33:27',b'1'),
	(551801078505725952,'add...',551801078493143040,99,0,'2022-04-30 14:33:27',0,'2022-04-30 14:33:27',b'0'),
	(551801096465735680,'facebook-2',551801096440569856,99,0,'2022-04-30 14:33:31',0,'2022-04-30 14:33:31',b'0'),
	(551801096486707200,'facebook-2',551801096440569857,99,0,'2022-04-30 14:33:31',0,'2022-04-30 14:33:31',b'0'),
	(551801096704811008,'google',551801096692228096,99,0,'2022-04-30 14:33:31',0,'2022-04-30 14:33:31',b'0'),
	(551887912598429696,'add...',1651321109556,99,0,'2022-04-30 20:18:30',0,'2022-04-30 20:18:30',b'1'),
	(551887913005277184,'add...',551887912967528448,99,0,'2022-04-30 20:18:30',0,'2022-04-30 20:18:30',b'0'),
	(551887929178513408,'facebook-2',551887929149153280,99,0,'2022-04-30 20:18:34',0,'2022-04-30 20:18:34',b'0'),
	(551887929224650752,'facebook-2',551887929149153281,99,0,'2022-04-30 20:18:34',0,'2022-04-30 20:18:34',b'0'),
	(551887929434365952,'google',551887929413394432,99,0,'2022-04-30 20:18:34',0,'2022-04-30 20:18:34',b'0'),
	(551888666008674304,'add...',1651321289212,99,0,'2022-04-30 20:21:29',0,'2022-04-30 20:21:30',b'1'),
	(551888666298081280,'add...',551888666281304064,99,0,'2022-04-30 20:21:29',0,'2022-04-30 20:21:29',b'0'),
	(551888680583880704,'facebook-2',551888680558714880,99,0,'2022-04-30 20:21:33',0,'2022-04-30 20:21:33',b'0'),
	(551888680600657920,'facebook-2',551888680558714881,99,0,'2022-04-30 20:21:33',0,'2022-04-30 20:21:33',b'0'),
	(551888680781012992,'google',551888680760041472,99,0,'2022-04-30 20:21:33',0,'2022-04-30 20:21:33',b'0'),
	(551936094871150592,'add...',1651332588500,99,0,'2022-04-30 23:29:57',0,'2022-04-30 23:29:58',b'1'),
	(551936095194112000,'add...',551936095160557568,99,0,'2022-04-30 23:29:57',0,'2022-04-30 23:29:57',b'0'),
	(551936295224664064,'add...',1651332630969,99,0,'2022-04-30 23:30:45',0,'2022-04-30 23:30:46',b'1'),
	(551936295597957120,'add...',551936295560208384,99,0,'2022-04-30 23:30:45',0,'2022-04-30 23:30:45',b'0'),
	(552082603302379520,'add...',1651367527441,99,0,'2022-05-01 09:12:08',0,'2022-05-01 09:12:08',b'1'),
	(552082603570814976,'add...',552082603558232064,99,0,'2022-05-01 09:12:08',0,'2022-05-01 09:12:08',b'0'),
	(552082620415139840,'facebook-2',552082620373196800,99,0,'2022-05-01 09:12:12',0,'2022-05-01 09:12:12',b'0'),
	(552082620448694272,'facebook-2',552082620373196801,99,0,'2022-05-01 09:12:12',0,'2022-05-01 09:12:12',b'0'),
	(552082620725518336,'google',552082620683575296,99,0,'2022-05-01 09:12:12',0,'2022-05-01 09:12:12',b'0'),
	(552098447017304064,'add...',1651371304826,99,0,'2022-05-01 10:15:05',0,'2022-05-01 10:15:06',b'1'),
	(552098447591923712,'add...',552098447524814848,99,0,'2022-05-01 10:15:05',0,'2022-05-01 10:15:05',b'0'),
	(552098466780864512,'facebook-2',552098466734727168,99,0,'2022-05-01 10:15:10',0,'2022-05-01 10:15:10',b'0'),
	(552098466810224640,'facebook-2',552098466734727169,99,0,'2022-05-01 10:15:10',0,'2022-05-01 10:15:10',b'0'),
	(552098467057688576,'google',552098467007356928,99,0,'2022-05-01 10:15:10',0,'2022-05-01 10:15:10',b'0'),
	(552098730963296256,'add...',1651371372447,99,0,'2022-05-01 10:16:13',0,'2022-05-01 10:16:13',b'1'),
	(552098731466612736,'add...',552098731407892480,99,0,'2022-05-01 10:16:13',0,'2022-05-01 10:16:13',b'0'),
	(552100595759243264,'add...',1651371817104,99,0,'2022-05-01 10:23:37',0,'2022-05-01 10:23:38',b'1'),
	(552100596140924928,'add...',552100596090593280,99,0,'2022-05-01 10:23:37',0,'2022-05-01 10:23:37',b'0'),
	(552100616105811968,'facebook-2',552100616084840448,99,0,'2022-05-01 10:23:42',0,'2022-05-01 10:23:42',b'0'),
	(552100616135172096,'facebook-2',552100616084840449,99,0,'2022-05-01 10:23:42',0,'2022-05-01 10:23:42',b'0'),
	(552100616378441728,'google',552100616336498688,99,0,'2022-05-01 10:23:42',0,'2022-05-01 10:23:42',b'0'),
	(552101311047458816,'add...',1651371987622,99,0,'2022-05-01 10:26:28',0,'2022-05-01 10:26:28',b'1'),
	(552101311416557568,'add...',552101311378808832,99,0,'2022-05-01 10:26:28',0,'2022-05-01 10:26:28',b'0'),
	(552101329984741376,'facebook-2',552101329955381248,99,0,'2022-05-01 10:26:32',0,'2022-05-01 10:26:32',b'0'),
	(552101330009907200,'facebook-2',552101329955381249,99,0,'2022-05-01 10:26:32',0,'2022-05-01 10:26:32',b'0'),
	(552101330286731264,'google',552101330248982528,99,0,'2022-05-01 10:26:32',0,'2022-05-01 10:26:32',b'0'),
	(552181581951983616,'add...',1651391125651,99,0,'2022-05-01 15:45:26',0,'2022-05-01 15:45:27',b'1'),
	(552181582304305152,'add...',552181582274945024,99,0,'2022-05-01 15:45:26',0,'2022-05-01 15:45:26',b'0'),
	(552181602877366272,'facebook-2',552181602835423232,99,0,'2022-05-01 15:45:31',0,'2022-05-01 15:45:31',b'0'),
	(552181602915115008,'facebook-2',552181602835423233,99,0,'2022-05-01 15:45:31',0,'2022-05-01 15:45:31',b'0'),
	(552181603162578944,'google',552181603137413120,99,0,'2022-05-01 15:45:31',0,'2022-05-01 15:45:31',b'0'),
	(552190644672716800,'add...',1651393286310,99,0,'2022-05-01 16:21:27',0,'2022-05-01 16:21:27',b'1'),
	(552190645238947840,'add...',552190645163450368,99,0,'2022-05-01 16:21:27',0,'2022-05-01 16:21:27',b'0'),
	(552190675387604992,'facebook-2',552190675328884736,99,0,'2022-05-01 16:21:34',0,'2022-05-01 16:21:34',b'0'),
	(552190675429548032,'facebook-2',552190675328884737,99,0,'2022-05-01 16:21:34',0,'2022-05-01 16:21:34',b'0'),
	(552190675727343616,'google',552190675685400576,99,0,'2022-05-01 16:21:34',0,'2022-05-01 16:21:34',b'0'),
	(552209749526110208,'add...',1651397841418,99,0,'2022-05-01 17:37:22',0,'2022-05-01 17:37:22',b'1'),
	(552209749853265920,'add...',552209749811322880,99,0,'2022-05-01 17:37:22',0,'2022-05-01 17:37:22',b'0'),
	(552209769214173184,'facebook-2',552209769176424448,99,0,'2022-05-01 17:37:26',0,'2022-05-01 17:37:26',b'0'),
	(552209769260310528,'facebook-2',552209769180618752,99,0,'2022-05-01 17:37:26',0,'2022-05-01 17:37:26',b'0'),
	(552209769474220032,'google',552209769453248512,99,0,'2022-05-01 17:37:26',0,'2022-05-01 17:37:26',b'0'),
	(552215207393550336,'add...',1651399142653,99,0,'2022-05-01 17:59:03',0,'2022-05-01 17:59:03',b'1'),
	(552215207796203520,'add...',552215207754260480,99,0,'2022-05-01 17:59:03',0,'2022-05-01 17:59:03',b'0'),
	(552215232601317376,'facebook-2',552215232571957248,99,0,'2022-05-01 17:59:09',0,'2022-05-01 17:59:09',b'0'),
	(552215232634871808,'facebook-2',552215232571957249,99,0,'2022-05-01 17:59:09',0,'2022-05-01 17:59:09',b'0'),
	(552215232970416128,'google',552215232941056000,99,0,'2022-05-01 17:59:09',0,'2022-05-01 17:59:09',b'0'),
	(552257362363342848,'add...',1651409193179,99,0,'2022-05-01 20:46:33',0,'2022-05-01 20:46:34',b'1'),
	(552257362736635904,'add...',552257362677915648,99,0,'2022-05-01 20:46:34',0,'2022-05-01 20:46:34',b'0'),
	(552257382768631808,'facebook-2',552257382718300160,99,0,'2022-05-01 20:46:38',0,'2022-05-01 20:46:38',b'0'),
	(552257382802186240,'facebook-2',552257382718300161,99,0,'2022-05-01 20:46:38',0,'2022-05-01 20:46:38',b'0'),
	(552257383074816000,'google',552257383028678656,99,0,'2022-05-01 20:46:38',0,'2022-05-01 20:46:38',b'0'),
	(552257619637755904,'add...',1651409254404,99,0,'2022-05-01 20:47:35',0,'2022-05-01 20:47:35',b'1'),
	(552257620073963520,'add...',552257620027826176,99,0,'2022-05-01 20:47:35',0,'2022-05-01 20:47:35',b'0'),
	(552257647978668032,'facebook-2',552257647919947776,99,0,'2022-05-01 20:47:42',0,'2022-05-01 20:47:42',b'0'),
	(552257648003833856,'facebook-2',552257647919947777,99,0,'2022-05-01 20:47:42',0,'2022-05-01 20:47:42',b'0'),
	(552257648247103488,'google',552257648226131968,99,0,'2022-05-01 20:47:42',0,'2022-05-01 20:47:42',b'0'),
	(552259802269671424,'add...',1651409774900,99,0,'2022-05-01 20:56:15',0,'2022-05-01 20:56:16',b'1'),
	(552259802630381568,'add...',552259802605215744,99,0,'2022-05-01 20:56:15',0,'2022-05-01 20:56:15',b'0'),
	(552259821114679296,'facebook-2',552259821039181824,99,0,'2022-05-01 20:56:20',0,'2022-05-01 20:56:20',b'0'),
	(552259821173399552,'facebook-2',552259821039181825,99,0,'2022-05-01 20:56:20',0,'2022-05-01 20:56:20',b'0'),
	(552259821500555264,'google',552259821454417920,99,0,'2022-05-01 20:56:20',0,'2022-05-01 20:56:20',b'0'),
	(554013066543685632,'add...',1651827785673,99,0,'2022-05-06 17:03:06',0,'2022-05-06 17:03:06',b'1'),
	(554013066916978688,'add...',554013066870841344,99,0,'2022-05-06 17:03:06',0,'2022-05-06 17:03:06',b'0'),
	(554013086902837248,'facebook-2',554013086869282816,99,0,'2022-05-06 17:03:11',0,'2022-05-06 17:03:11',b'0'),
	(554013086928003072,'facebook-2',554013086869282817,99,0,'2022-05-06 17:03:11',0,'2022-05-06 17:03:11',b'0'),
	(554013087133523968,'google',554013087078998016,99,0,'2022-05-06 17:03:11',0,'2022-05-06 17:03:11',b'0'),
	(554016029462945792,'add...',1651828492068,99,0,'2022-05-06 17:14:52',0,'2022-05-06 17:14:53',b'1'),
	(554016029764935680,'add...',554016029722992640,99,0,'2022-05-06 17:14:52',0,'2022-05-06 17:14:52',b'0'),
	(554016052191879168,'facebook-2',554016052158324736,99,0,'2022-05-06 17:14:58',0,'2022-05-06 17:14:58',b'0'),
	(554016052217044992,'facebook-2',554016052158324737,99,0,'2022-05-06 17:14:58',0,'2022-05-06 17:14:58',b'0'),
	(554016052451926016,'google',554016052409982976,99,0,'2022-05-06 17:14:58',0,'2022-05-06 17:14:58',b'0'),
	(554016432896270336,'add...',1651828588332,99,0,'2022-05-06 17:16:29',0,'2022-05-06 17:16:29',b'1'),
	(554016433223426048,'add...',554016433194065920,99,0,'2022-05-06 17:16:29',0,'2022-05-06 17:16:29',b'0'),
	(554016452890517504,'facebook-2',554016452852768768,99,0,'2022-05-06 17:16:33',0,'2022-05-06 17:16:33',b'0'),
	(554016452919877632,'facebook-2',554016452856963072,99,0,'2022-05-06 17:16:33',0,'2022-05-06 17:16:33',b'0'),
	(554016453096038400,'google',554016453075066880,99,0,'2022-05-06 17:16:33',0,'2022-05-06 17:16:33',b'0'),
	(554016902385688576,'add...',1651828696569,99,0,'2022-05-06 17:18:20',0,'2022-05-06 17:18:21',b'1'),
	(554016902742204416,'add...',554016902717038592,99,0,'2022-05-06 17:18:21',0,'2022-05-06 17:18:21',b'0'),
	(554016924384813056,'facebook-2',554016924355452928,99,0,'2022-05-06 17:18:26',0,'2022-05-06 17:18:26',b'0'),
	(554016924460310528,'facebook-2',554016924355452929,99,0,'2022-05-06 17:18:26',0,'2022-05-06 17:18:26',b'0'),
	(554016924883935232,'google',554016924821020672,99,0,'2022-05-06 17:18:26',0,'2022-05-06 17:18:26',b'0'),
	(554056053982158848,'add...',1651838034643,99,0,'2022-05-06 19:53:55',0,'2022-05-06 19:53:55',b'1'),
	(554056054342868992,'add...',554056054300925952,99,0,'2022-05-06 19:53:55',0,'2022-05-06 19:53:55',b'0'),
	(554056074156761088,'facebook-2',554056074119012352,99,0,'2022-05-06 19:54:00',0,'2022-05-06 19:54:00',b'0'),
	(554056074181926912,'facebook-2',554056074119012353,99,0,'2022-05-06 19:54:00',0,'2022-05-06 19:54:00',b'0'),
	(554056074370670592,'google',554056074345504768,99,0,'2022-05-06 19:54:00',0,'2022-05-06 19:54:00',b'0'),
	(554064089819832320,'add...',554064089786277888,99,0,'2022-05-06 20:25:51',0,'2022-05-06 20:25:51',b'0'),
	(554064110468390912,'facebook-2',554064110443225088,99,0,'2022-05-06 20:25:56',0,'2022-05-06 20:25:56',b'0'),
	(554064110493556736,'facebook-2',554064110443225089,99,0,'2022-05-06 20:25:56',0,'2022-05-06 20:25:56',b'0'),
	(554064110720049152,'google',554064110673911808,99,0,'2022-05-06 20:25:56',0,'2022-05-06 20:25:56',b'0'),
	(556602146494275584,'add...',556602146469109760,99,0,'2022-05-13 20:31:11',0,'2022-05-13 20:31:11',b'0'),
	(556602168237547520,'facebook-2',556602168199798784,99,0,'2022-05-13 20:31:16',0,'2022-05-13 20:31:16',b'0'),
	(556602168313044992,'facebook-2',556602168199798785,99,0,'2022-05-13 20:31:16',0,'2022-05-13 20:31:16',b'0'),
	(556602168577286144,'google',556602168547926016,99,0,'2022-05-13 20:31:16',0,'2022-05-13 20:31:16',b'0'),
	(556615261004947456,'add...',556615260983975936,99,0,'2022-05-13 21:23:17',0,'2022-05-13 21:23:17',b'0'),
	(556615281850638336,'facebook-2',556615281812889600,99,0,'2022-05-13 21:23:22',0,'2022-05-13 21:23:22',b'0'),
	(556615281871609856,'facebook-2',556615281812889601,99,0,'2022-05-13 21:23:22',0,'2022-05-13 21:23:22',b'0'),
	(556615282047770624,'google',556615282030993408,99,0,'2022-05-13 21:23:22',0,'2022-05-13 21:23:22',b'0'),
	(556620930231754752,'add...',556620930206588928,99,0,'2022-05-13 21:45:49',0,'2022-05-13 21:45:49',b'0'),
	(556620957792526336,'facebook-2',556620957754777600,99,0,'2022-05-13 21:45:56',0,'2022-05-13 21:45:56',b'0'),
	(556620957821886464,'facebook-2',556620957754777601,99,0,'2022-05-13 21:45:56',0,'2022-05-13 21:45:56',b'0'),
	(556620958090321920,'google',556620958069350400,99,0,'2022-05-13 21:45:56',0,'2022-05-13 21:45:56',b'0'),
	(556676496635387904,'facebook-2',556676496543113216,99,0,'2022-05-14 01:26:37',0,'2022-05-14 01:26:37',b'0'),
	(556676496677330944,'facebook-2',556676496543113217,99,0,'2022-05-14 01:26:37',0,'2022-05-14 01:26:37',b'0'),
	(556676497025458176,'google',556676496966737920,99,0,'2022-05-14 01:26:37',0,'2022-05-14 01:26:37',b'0'),
	(556676514066915328,'add...',556676514041749504,99,0,'2022-05-14 01:26:41',0,'2022-05-14 01:26:41',b'0'),
	(556676704232464384,'facebook-2',556676704131801088,99,0,'2022-05-14 01:27:27',0,'2022-05-14 01:27:27',b'0'),
	(556676704257630208,'facebook-2',556676704131801089,99,0,'2022-05-14 01:27:27',0,'2022-05-14 01:27:27',b'0'),
	(556676704542842880,'google',556676704513482752,99,0,'2022-05-14 01:27:27',0,'2022-05-14 01:27:27',b'0'),
	(556676721299087360,'add...',556676721282310144,99,0,'2022-05-14 01:27:31',0,'2022-05-14 01:27:31',b'0'),
	(556681510057598976,'facebook-2',556681509948547072,99,0,'2022-05-14 01:46:32',0,'2022-05-14 01:46:32',b'0'),
	(556681510334423040,'google',556681510296674304,99,0,'2022-05-14 01:46:33',0,'2022-05-14 01:46:33',b'0'),
	(556683171501105152,'add...',556683171467550720,99,0,'2022-05-14 01:53:09',0,'2022-05-14 01:53:09',b'0'),
	(556683193202434048,'facebook-2',556683193143713793,99,0,'2022-05-14 01:53:14',0,'2022-05-14 01:53:14',b'0'),
	(556683555309281280,'add...',556683555271532544,99,0,'2022-05-14 01:54:40',0,'2022-05-14 01:54:40',b'0'),
	(556683576297578496,'facebook-2',556683576209498113,99,0,'2022-05-14 01:54:45',0,'2022-05-14 01:54:45',b'0'),
	(556683667561439232,'facebook-2',556683667414638592,99,0,'2022-05-14 01:55:07',0,'2022-05-14 01:55:07',b'0'),
	(556683668110893056,'google',556683668064755712,99,0,'2022-05-14 01:55:07',0,'2022-05-14 01:55:07',b'0'),
	(556683779670990848,'facebook-2',556683779591299072,99,0,'2022-05-14 01:55:34',0,'2022-05-14 01:55:34',b'0'),
	(556683779989757952,'google',556683779952009216,99,0,'2022-05-14 01:55:34',0,'2022-05-14 01:55:34',b'0'),
	(556684006872244224,'add...',556684006821912576,99,0,'2022-05-14 01:56:28',0,'2022-05-14 01:56:28',b'0'),
	(556684027415945216,'facebook-2',556684027378196481,99,0,'2022-05-14 01:56:33',0,'2022-05-14 01:56:33',b'0'),
	(556684181162352640,'facebook-2',556684181095243776,99,0,'2022-05-14 01:57:09',0,'2022-05-14 01:57:09',b'0'),
	(556684181489508352,'google',556684181460148224,99,0,'2022-05-14 01:57:09',0,'2022-05-14 01:57:09',b'0'),
	(556684492664922112,'add...',556684492635561984,99,0,'2022-05-14 01:58:24',0,'2022-05-14 01:58:24',b'0'),
	(556684513732911104,'facebook-2',556684513690968065,99,0,'2022-05-14 01:58:29',0,'2022-05-14 01:58:29',b'0'),
	(556684767307948032,'google',556684767232450560,99,0,'2022-05-14 01:59:29',0,'2022-05-14 01:59:29',b'0'),
	(556685410395414528,'add...',556685410366054400,99,0,'2022-05-14 02:02:02',0,'2022-05-14 02:02:02',b'0'),
	(556685429949259776,'facebook-2',556685429907316736,99,0,'2022-05-14 02:02:07',0,'2022-05-14 02:02:07',b'0'),
	(556685430163169280,'google',556685430133809152,99,0,'2022-05-14 02:02:07',0,'2022-05-14 02:02:07',b'0'),
	(556685670064775168,'facebook-2',556685669964111872,99,0,'2022-05-14 02:03:04',0,'2022-05-14 02:03:04',b'0'),
	(556685670421291008,'google',556685670379347968,99,0,'2022-05-14 02:03:04',0,'2022-05-14 02:03:04',b'0'),
	(556686093882417152,'facebook-2',556686093848862720,99,0,'2022-05-14 02:04:45',0,'2022-05-14 02:04:45',b'0'),
	(556686094121492480,'google',556686094079549440,99,0,'2022-05-14 02:04:45',0,'2022-05-14 02:04:45',b'0'),
	(556686665071124480,'add...',556686665033375744,99,0,'2022-05-14 02:07:02',0,'2022-05-14 02:07:02',b'0'),
	(556686685858095104,'facebook-2',556686685824540672,99,0,'2022-05-14 02:07:06',0,'2022-05-14 02:07:06',b'0'),
	(556686686076198912,'google',556686686051033088,99,0,'2022-05-14 02:07:07',0,'2022-05-14 02:07:07',b'0'),
	(556689610328170496,'add...',556689610294616064,99,0,'2022-05-14 02:18:44',0,'2022-05-14 02:18:44',b'0'),
	(556689630632796160,'facebook-2',556689630595047424,99,0,'2022-05-14 02:18:49',0,'2022-05-14 02:18:49',b'0'),
	(556689630867677184,'google',556689630842511360,99,0,'2022-05-14 02:18:49',0,'2022-05-14 02:18:49',b'0'),
	(556689896153210880,'add...',556689896123850752,99,0,'2022-05-14 02:19:52',0,'2022-05-14 02:19:52',b'0'),
	(556689917477052416,'facebook-2',556689917439303680,99,0,'2022-05-14 02:19:57',0,'2022-05-14 02:19:57',b'0'),
	(556689917732904960,'google',556689917707739136,99,0,'2022-05-14 02:19:57',0,'2022-05-14 02:19:57',b'0'),
	(556790974194573312,'add...',556790974165213184,99,0,'2022-05-14 09:01:31',0,'2022-05-14 09:01:31',b'0'),
	(556790994931212288,'facebook-2',556790994885074944,99,0,'2022-05-14 09:01:36',0,'2022-05-14 09:01:36',b'0'),
	(556790995170287616,'google',556790995136733184,99,0,'2022-05-14 09:01:36',0,'2022-05-14 09:01:36',b'0'),
	(556800190988869632,'add...',556800190946926592,99,0,'2022-05-14 09:38:08',0,'2022-05-14 09:38:08',b'0'),
	(556800212442734592,'facebook-2',556800212409180160,99,0,'2022-05-14 09:38:13',0,'2022-05-14 09:38:13',b'0'),
	(556800212648255488,'google',556800212627283968,99,0,'2022-05-14 09:38:13',0,'2022-05-14 09:38:13',b'0'),
	(556806319919783936,'add...',556806319882035200,99,0,'2022-05-14 10:02:29',0,'2022-05-14 10:02:29',b'0'),
	(556806341281374208,'facebook-2',556806341256208384,99,0,'2022-05-14 10:02:35',0,'2022-05-14 10:02:35',b'0'),
	(556806341465923584,'google',556806341444952064,99,0,'2022-05-14 10:02:35',0,'2022-05-14 10:02:35',b'0'),
	(556807611257905152,'add...',556807611224350720,99,0,'2022-05-14 10:07:37',0,'2022-05-14 10:07:37',b'0'),
	(556807631524782080,'facebook-2',556807631482839040,99,0,'2022-05-14 10:07:42',0,'2022-05-14 10:07:42',b'0'),
	(556807631751274496,'google',556807631738691584,99,0,'2022-05-14 10:07:42',0,'2022-05-14 10:07:42',b'0'),
	(556808443021942784,'add...',556808442929668096,99,0,'2022-05-14 10:10:56',0,'2022-05-14 10:10:56',b'0'),
	(556808462647091200,'facebook-2',556808462600953856,99,0,'2022-05-14 10:11:00',0,'2022-05-14 10:11:00',b'0'),
	(556808462936498176,'google',556808462898749440,99,0,'2022-05-14 10:11:00',0,'2022-05-14 10:11:00',b'0'),
	(556818154928660480,'add...',556818154899300352,99,0,'2022-05-14 10:49:31',0,'2022-05-14 10:49:31',b'0'),
	(556818176663543808,'facebook-2',556818176621600768,99,0,'2022-05-14 10:49:36',0,'2022-05-14 10:49:36',b'0'),
	(556818176881647616,'google',556818176860676096,99,0,'2022-05-14 10:49:36',0,'2022-05-14 10:49:36',b'0'),
	(556825425662369792,'add...',556825425641398272,99,0,'2022-05-14 11:18:25',0,'2022-05-14 11:18:25',b'0'),
	(556825446612918272,'facebook-2',556825446575169536,99,0,'2022-05-14 11:18:30',0,'2022-05-14 11:18:30',b'0'),
	(556825446822633472,'google',556825446805856256,99,0,'2022-05-14 11:18:30',0,'2022-05-14 11:18:30',b'0'),
	(556840090115170304,'add...',556840090085810176,99,0,'2022-05-14 12:16:41',0,'2022-05-14 12:16:41',b'0'),
	(556840111275433984,'facebook-2',556840111241879553,99,0,'2022-05-14 12:16:46',0,'2022-05-14 12:16:46',b'0'),
	(556840111640338432,'google',556840111606784000,99,0,'2022-05-14 12:16:46',0,'2022-05-14 12:16:46',b'0'),
	(556840211464773632,'facebook-2',556840211359916032,99,0,'2022-05-14 12:17:10',0,'2022-05-14 12:17:10',b'0'),
	(556840211481550848,'facebook-2',556840211359916033,99,0,'2022-05-14 12:17:10',0,'2022-05-14 12:17:10',b'0'),
	(556840310462930944,'add...',556840310437765120,99,0,'2022-05-14 12:17:33',0,'2022-05-14 12:17:33',b'0'),
	(556840330587201536,'facebook-2',556840330545258497,99,0,'2022-05-14 12:17:38',0,'2022-05-14 12:17:38',b'0'),
	(556840330922745856,'google',556840330889191424,99,0,'2022-05-14 12:17:38',0,'2022-05-14 12:17:38',b'0'),
	(556840449126621184,'add...',556840449088872448,99,0,'2022-05-14 12:18:06',0,'2022-05-14 12:18:06',b'0'),
	(556840469791956992,'facebook-2',556840469758402560,99,0,'2022-05-14 12:18:11',0,'2022-05-14 12:18:11',b'0'),
	(556840470005866496,'google',556840469972312064,99,0,'2022-05-14 12:18:11',0,'2022-05-14 12:18:11',b'0'),
	(556840924198658048,'add...',556840924177686528,99,0,'2022-05-14 12:20:00',0,'2022-05-14 12:20:00',b'0'),
	(556840946277474304,'facebook-2',556840946231336961,99,0,'2022-05-14 12:20:05',0,'2022-05-14 12:20:05',b'0'),
	(556840946608824320,'google',556840946571075584,99,0,'2022-05-14 12:20:05',0,'2022-05-14 12:20:05',b'0'),
	(556841340101648384,'add...',556841340076482560,99,0,'2022-05-14 12:21:39',0,'2022-05-14 12:21:39',b'0'),
	(556841362268545024,'facebook-2',556841362214019072,99,0,'2022-05-14 12:21:44',0,'2022-05-14 12:21:44',b'0'),
	(556841362302099456,'facebook-2',556841362214019073,99,0,'2022-05-14 12:21:44',0,'2022-05-14 12:21:44',b'0'),
	(556841362557952000,'google',556841362516008960,99,0,'2022-05-14 12:21:44',0,'2022-05-14 12:21:44',b'0'),
	(556843876795736064,'add...',556843876737015808,99,0,'2022-05-14 12:31:44',0,'2022-05-14 12:31:44',b'0'),
	(556843897880502272,'facebook-2',556843897855336448,99,0,'2022-05-14 12:31:49',0,'2022-05-14 12:31:49',b'0'),
	(556843897909862400,'facebook-2',556843897855336449,99,0,'2022-05-14 12:31:49',0,'2022-05-14 12:31:49',b'0'),
	(556843898127966208,'google',556843898094411776,99,0,'2022-05-14 12:31:49',0,'2022-05-14 12:31:49',b'0'),
	(556846091891564544,'add...',556846091858010112,99,0,'2022-05-14 12:40:32',0,'2022-05-14 12:40:32',b'0'),
	(556846112380739584,'facebook-2',556846112342990849,99,0,'2022-05-14 12:40:37',0,'2022-05-14 12:40:37',b'0'),
	(556846112720478208,'google',556846112691118080,99,0,'2022-05-14 12:40:37',0,'2022-05-14 12:40:37',b'0'),
	(556846330182557696,'add...',556846330144808960,99,0,'2022-05-14 12:41:29',0,'2022-05-14 12:41:29',b'0'),
	(556846351128911872,'facebook-2',556846351082774528,99,0,'2022-05-14 12:41:34',0,'2022-05-14 12:41:34',b'0'),
	(556846351175049216,'facebook-2',556846351082774529,99,0,'2022-05-14 12:41:34',0,'2022-05-14 12:41:34',b'0'),
	(556846351422513152,'google',556846351380570112,99,0,'2022-05-14 12:41:34',0,'2022-05-14 12:41:34',b'0'),
	(556950476919332864,'add...',556950476894167040,99,0,'2022-05-14 19:35:19',0,'2022-05-14 19:35:19',b'0'),
	(556950501325987840,'facebook-2',556950501300822016,99,0,'2022-05-14 19:35:25',0,'2022-05-14 19:35:25',b'0'),
	(556950501351153664,'facebook-2',556950501300822017,99,0,'2022-05-14 19:35:25',0,'2022-05-14 19:35:25',b'0'),
	(556950501514731520,'google',556950501497954304,99,0,'2022-05-14 19:35:25',0,'2022-05-14 19:35:25',b'0'),
	(557558359608451072,'add...',557558359553925120,99,0,'2022-05-16 11:50:50',0,'2022-05-16 11:50:50',b'0'),
	(557558389157322752,'facebook-2',557558389127962624,99,0,'2022-05-16 11:50:57',0,'2022-05-16 11:50:57',b'0'),
	(557558389203460096,'facebook-2',557558389127962625,99,0,'2022-05-16 11:50:57',0,'2022-05-16 11:50:57',b'0'),
	(557558389417369600,'google',557558389383815168,99,0,'2022-05-16 11:50:57',0,'2022-05-16 11:50:57',b'0'),
	(557563428827488256,'add...',557563428802322432,99,0,'2022-05-16 12:10:58',0,'2022-05-16 12:10:58',b'0'),
	(557563448171618304,'facebook-2',557563448129675264,99,0,'2022-05-16 12:11:03',0,'2022-05-16 12:11:03',b'0'),
	(557563448200978432,'facebook-2',557563448129675265,99,0,'2022-05-16 12:11:03',0,'2022-05-16 12:11:03',b'0'),
	(557563448377139200,'google',557563448360361984,99,0,'2022-05-16 12:11:03',0,'2022-05-16 12:11:03',b'0'),
	(558653487089639424,'add...',558653487068667904,99,0,'2022-05-19 12:22:28',0,'2022-05-19 12:22:28',b'0'),
	(558653505490051072,'facebook-2',558653505464885248,99,0,'2022-05-19 12:22:33',0,'2022-05-19 12:22:33',b'0'),
	(558653505523605504,'facebook-2',558653505464885249,99,0,'2022-05-19 12:22:33',0,'2022-05-19 12:22:33',b'0'),
	(558653505703960576,'google',558653505678794752,99,0,'2022-05-19 12:22:33',0,'2022-05-19 12:22:33',b'0'),
	(558654523309219840,'add...',558654523279859712,99,0,'2022-05-19 12:26:35',0,'2022-05-19 12:26:35',b'0'),
	(558654541587996672,'facebook-2',558654541554442240,99,0,'2022-05-19 12:26:40',0,'2022-05-19 12:26:40',b'0'),
	(558654541613162496,'facebook-2',558654541554442241,99,0,'2022-05-19 12:26:40',0,'2022-05-19 12:26:40',b'0'),
	(558654541810294784,'google',558654541785128960,99,0,'2022-05-19 12:26:40',0,'2022-05-19 12:26:40',b'0'),
	(558654947609206784,'add...',558654947588235264,99,0,'2022-05-19 12:28:17',0,'2022-05-19 12:28:17',b'0'),
	(558654962880667648,'facebook-2',558654962842918912,99,0,'2022-05-19 12:28:20',0,'2022-05-19 12:28:20',b'0'),
	(558654962914222080,'facebook-2',558654962842918913,99,0,'2022-05-19 12:28:20',0,'2022-05-19 12:28:20',b'0'),
	(558654963161686016,'google',558654963144908800,99,0,'2022-05-19 12:28:20',0,'2022-05-19 12:28:20',b'0'),
	(558666744135344128,'add...',558666744105984000,99,0,'2022-05-19 13:15:09',0,'2022-05-19 13:15:09',b'0'),
	(558666763525611520,'facebook-2',558666763492057088,99,0,'2022-05-19 13:15:14',0,'2022-05-19 13:15:14',b'0'),
	(558666763554971648,'facebook-2',558666763492057089,99,0,'2022-05-19 13:15:14',0,'2022-05-19 13:15:14',b'0'),
	(558666763827601408,'google',558666763794046976,99,0,'2022-05-19 13:15:14',0,'2022-05-19 13:15:14',b'0'),
	(558725644926771200,'add...',558725644905799680,99,0,'2022-05-19 17:09:12',0,'2022-05-19 17:09:12',b'0'),
	(558725661573963776,'facebook-2',558725661544603648,99,0,'2022-05-19 17:09:16',0,'2022-05-19 17:09:16',b'0'),
	(558725661603323904,'facebook-2',558725661544603649,99,0,'2022-05-19 17:09:16',0,'2022-05-19 17:09:16',b'0'),
	(558725661804650496,'google',558725661779484672,99,0,'2022-05-19 17:09:16',0,'2022-05-19 17:09:16',b'0'),
	(559022551452540928,'add...',559022551427375104,99,0,'2022-05-20 12:49:00',0,'2022-05-20 12:49:00',b'0'),
	(559022570528235520,'facebook-2',559022570503069696,99,0,'2022-05-20 12:49:05',0,'2022-05-20 12:49:05',b'0'),
	(559022570549207040,'facebook-2',559022570503069697,99,0,'2022-05-20 12:49:05',0,'2022-05-20 12:49:05',b'0'),
	(559022570712784896,'google',559022570696007680,99,0,'2022-05-20 12:49:05',0,'2022-05-20 12:49:05',b'0'),
	(559205660353552384,'add...',559205660332580864,99,0,'2022-05-21 00:56:37',0,'2022-05-21 00:56:37',b'0'),
	(559205676069609472,'facebook-2',559205676040249344,99,0,'2022-05-21 00:56:41',0,'2022-05-21 00:56:41',b'0'),
	(559205676090580992,'facebook-2',559205676040249345,99,0,'2022-05-21 00:56:41',0,'2022-05-21 00:56:41',b'0'),
	(559205676249964544,'google',559205676233187328,99,0,'2022-05-21 00:56:41',0,'2022-05-21 00:56:41',b'0'),
	(565859481653796864,'add...',565859481628631040,99,0,'2022-06-08 09:36:31',0,'2022-06-08 09:36:31',b'0'),
	(565859501308305408,'facebook-2',565859501283139584,99,0,'2022-06-08 09:36:36',0,'2022-06-08 09:36:36',b'0'),
	(565859501329276928,'facebook-2',565859501283139585,99,0,'2022-06-08 09:36:36',0,'2022-06-08 09:36:36',b'0'),
	(565859501522214912,'google',565859501492854784,99,0,'2022-06-08 09:36:36',0,'2022-06-08 09:36:36',b'0'),
	(567027440422150144,'add...',567027440405372928,99,0,'2022-06-11 14:57:34',0,'2022-06-11 14:57:34',b'0'),
	(567027454364016640,'facebook-2',567027454343045120,99,0,'2022-06-11 14:57:38',0,'2022-06-11 14:57:38',b'0'),
	(567027454380793856,'facebook-2',567027454343045121,99,0,'2022-06-11 14:57:38',0,'2022-06-11 14:57:38',b'0'),
	(567027454527594496,'google',567027454510817280,99,0,'2022-06-11 14:57:38',0,'2022-06-11 14:57:38',b'0'),
	(568230293354504192,'add...',568230293329338368,99,0,'2022-06-14 22:37:17',0,'2022-06-14 22:37:17',b'0'),
	(568230313004818432,'facebook-2',568230312962875392,99,0,'2022-06-14 22:37:22',0,'2022-06-14 22:37:22',b'0'),
	(568230313034178560,'facebook-2',568230312962875393,99,0,'2022-06-14 22:37:22',0,'2022-06-14 22:37:22',b'0'),
	(568230313210339328,'google',568230313193562112,99,0,'2022-06-14 22:37:22',0,'2022-06-14 22:37:22',b'0'),
	(568256697290907648,'facebook-2',568256697232187392,99,0,'2022-06-15 00:22:12',0,'2022-06-15 00:22:12',b'0'),
	(568256697320267776,'facebook-2',568256697232187393,99,0,'2022-06-15 00:22:12',0,'2022-06-15 00:22:12',b'0'),
	(568256697546760192,'google',568256697525788672,99,0,'2022-06-15 00:22:12',0,'2022-06-15 00:22:12',b'0'),
	(568258163309207552,'facebook-2',568258163221127168,99,0,'2022-06-15 00:28:02',0,'2022-06-15 00:28:02',b'0'),
	(568258163351150592,'facebook-2',568258163221127169,99,0,'2022-06-15 00:28:02',0,'2022-06-15 00:28:02',b'0'),
	(568258163539894272,'google',568258163523117056,99,0,'2022-06-15 00:28:02',0,'2022-06-15 00:28:02',b'0'),
	(568263346411986944,'facebook-2',568263346298740736,99,0,'2022-06-15 00:48:37',0,'2022-06-15 00:48:37',b'0'),
	(568263346445541376,'facebook-2',568263346298740737,99,0,'2022-06-15 00:48:37',0,'2022-06-15 00:48:37',b'0'),
	(568263346655256576,'google',568263346634285056,99,0,'2022-06-15 00:48:37',0,'2022-06-15 00:48:37',b'0'),
	(568273317920956416,'add...',568273317874819072,99,0,'2022-06-15 01:28:15',0,'2022-06-15 01:28:15',b'0'),
	(568273331883794432,'facebook-2',568273331787325440,99,0,'2022-06-15 01:28:18',0,'2022-06-15 01:28:18',b'0'),
	(568273331955097600,'facebook-2',568273331787325441,99,0,'2022-06-15 01:28:18',0,'2022-06-15 01:28:18',b'0'),
	(568273476478230528,'add...',568273476436287488,99,0,'2022-06-15 01:28:53',0,'2022-06-15 01:28:53',b'0'),
	(568273491682582528,'facebook-2',568273491649028096,99,0,'2022-06-15 01:28:56',0,'2022-06-15 01:28:56',b'0'),
	(568273491703554048,'facebook-2',568273491649028097,99,0,'2022-06-15 01:28:56',0,'2022-06-15 01:28:56',b'0'),
	(568273657760243712,'google',568273657659580416,99,0,'2022-06-15 01:29:36',0,'2022-06-15 01:29:36',b'0'),
	(568273770758987776,'google',568273770658324480,99,0,'2022-06-15 01:30:03',0,'2022-06-15 01:30:03',b'0'),
	(568273869484515328,'add...',568273869438377984,99,0,'2022-06-15 01:30:26',0,'2022-06-15 01:30:26',b'0'),
	(568273879009779712,'facebook-2',568273878967836672,99,0,'2022-06-15 01:30:29',0,'2022-06-15 01:30:29',b'0'),
	(568273879043334144,'facebook-2',568273878967836673,99,0,'2022-06-15 01:30:29',0,'2022-06-15 01:30:29',b'0'),
	(568274126381441024,'add...',568274126364663808,99,0,'2022-06-15 01:31:28',0,'2022-06-15 01:31:28',b'0'),
	(568274131859202048,'facebook-2',568274131834036224,99,0,'2022-06-15 01:31:29',0,'2022-06-15 01:31:29',b'0'),
	(568274131875979264,'facebook-2',568274131834036225,99,0,'2022-06-15 01:31:29',0,'2022-06-15 01:31:29',b'0'),
	(568274608537657344,'add...',568274608512491520,99,0,'2022-06-15 01:33:23',0,'2022-06-15 01:33:23',b'0'),
	(568274618478157824,'facebook-2',568274618444603392,99,0,'2022-06-15 01:33:25',0,'2022-06-15 01:33:25',b'0'),
	(568274618494935040,'facebook-2',568274618444603393,99,0,'2022-06-15 01:33:25',0,'2022-06-15 01:33:25',b'0'),
	(568275470127390720,'facebook-2',568275470014144512,99,0,'2022-06-15 01:36:48',0,'2022-06-15 01:36:48',b'0'),
	(568275470148362240,'facebook-2',568275470018338816,99,0,'2022-06-15 01:36:48',0,'2022-06-15 01:36:48',b'0'),
	(568275470722981888,'google',568275470681038848,99,0,'2022-06-15 01:36:48',0,'2022-06-15 01:36:48',b'0'),
	(568275547969478656,'facebook-2',568275547801706496,99,0,'2022-06-15 01:37:06',0,'2022-06-15 01:37:06',b'0'),
	(568275547994644480,'facebook-2',568275547805900800,99,0,'2022-06-15 01:37:07',0,'2022-06-15 01:37:07',b'0'),
	(568275548627984384,'google',568275548565069824,99,0,'2022-06-15 01:37:07',0,'2022-06-15 01:37:07',b'0'),
	(568275622305128448,'facebook-2',568275622183493632,99,0,'2022-06-15 01:37:24',0,'2022-06-15 01:37:24',b'0'),
	(568275622326099968,'facebook-2',568275622183493633,99,0,'2022-06-15 01:37:24',0,'2022-06-15 01:37:24',b'0'),
	(568275622892331008,'google',568275622854582272,99,0,'2022-06-15 01:37:24',0,'2022-06-15 01:37:24',b'0'),
	(568275713854201856,'add...',568275713799675904,99,0,'2022-06-15 01:37:46',0,'2022-06-15 01:37:46',b'0'),
	(568275723241054208,'facebook-2',568275723199111168,99,0,'2022-06-15 01:37:48',0,'2022-06-15 01:37:48',b'0'),
	(568275723266220032,'facebook-2',568275723199111169,99,0,'2022-06-15 01:37:48',0,'2022-06-15 01:37:48',b'0'),
	(568275812265156608,'add...',568275812219019264,99,0,'2022-06-15 01:38:10',0,'2022-06-15 01:38:10',b'0'),
	(568275822029496320,'facebook-2',568275821991747584,99,0,'2022-06-15 01:38:12',0,'2022-06-15 01:38:12',b'0'),
	(568275822054662144,'facebook-2',568275821991747585,99,0,'2022-06-15 01:38:12',0,'2022-06-15 01:38:12',b'0'),
	(568275940438892544,'add...',568275940388560896,99,0,'2022-06-15 01:38:40',0,'2022-06-15 01:38:40',b'0'),
	(568275956880564224,'facebook-2',568275956826038272,99,0,'2022-06-15 01:38:44',0,'2022-06-15 01:38:44',b'0'),
	(568275956909924352,'facebook-2',568275956826038273,99,0,'2022-06-15 01:38:44',0,'2022-06-15 01:38:44',b'0'),
	(568276032512253952,'facebook-2',568276032390619136,99,0,'2022-06-15 01:39:02',0,'2022-06-15 01:39:02',b'0'),
	(568276032537419776,'facebook-2',568276032394813440,99,0,'2022-06-15 01:39:02',0,'2022-06-15 01:39:02',b'0'),
	(568276033204314112,'google',568276033158176768,99,0,'2022-06-15 01:39:02',0,'2022-06-15 01:39:02',b'0'),
	(568276141367025664,'facebook-2',568276141249585152,99,0,'2022-06-15 01:39:28',0,'2022-06-15 01:39:28',b'0'),
	(568276141404774400,'facebook-2',568276141249585153,99,0,'2022-06-15 01:39:28',0,'2022-06-15 01:39:28',b'0'),
	(568276141941645312,'google',568276141899702272,99,0,'2022-06-15 01:39:28',0,'2022-06-15 01:39:28',b'0'),
	(568276576668672000,'add...',568276576656089088,99,0,'2022-06-15 01:41:12',0,'2022-06-15 01:41:12',b'0'),
	(568276583949983744,'facebook-2',568276583920623616,99,0,'2022-06-15 01:41:13',0,'2022-06-15 01:41:13',b'0'),
	(568276583970955264,'facebook-2',568276583924817920,99,0,'2022-06-15 01:41:13',0,'2022-06-15 01:41:13',b'0'),
	(568277195399815168,'add...',568277195366260736,99,0,'2022-06-15 01:43:39',0,'2022-06-15 01:43:39',b'0'),
	(568277277054525440,'facebook-2',568277276895141888,99,0,'2022-06-15 01:43:59',0,'2022-06-15 01:43:59',b'0'),
	(568277277083885568,'facebook-2',568277276899336192,99,0,'2022-06-15 01:43:59',0,'2022-06-15 01:43:59',b'0'),
	(568277277960495104,'google',568277277889191936,99,0,'2022-06-15 01:43:59',0,'2022-06-15 01:43:59',b'0'),
	(568277353642516480,'facebook-2',568277353525075968,99,0,'2022-06-15 01:44:17',0,'2022-06-15 01:44:17',b'0'),
	(568277353663488000,'facebook-2',568277353529270272,99,0,'2022-06-15 01:44:17',0,'2022-06-15 01:44:17',b'0'),
	(568277354196164608,'google',568277354158415872,99,0,'2022-06-15 01:44:17',0,'2022-06-15 01:44:17',b'0'),
	(568277552834207744,'add...',568277552783876096,99,0,'2022-06-15 01:45:04',0,'2022-06-15 01:45:04',b'0'),
	(568277556764270592,'facebook-2',568277556684578816,99,0,'2022-06-15 01:45:05',0,'2022-06-15 01:45:05',b'0'),
	(568277556797825024,'facebook-2',568277556684578817,99,0,'2022-06-15 01:45:05',0,'2022-06-15 01:45:05',b'0'),
	(568277640113479680,'add...',568277640050565120,99,0,'2022-06-15 01:45:25',0,'2022-06-15 01:45:25',b'0'),
	(568277644882403328,'facebook-2',568277644840460288,99,0,'2022-06-15 01:45:26',0,'2022-06-15 01:45:26',b'0'),
	(568277644920152064,'facebook-2',568277644840460289,99,0,'2022-06-15 01:45:26',0,'2022-06-15 01:45:26',b'0'),
	(568277899673788416,'add...',568277899589902336,99,0,'2022-06-15 01:46:27',0,'2022-06-15 01:46:27',b'0'),
	(568277903893258240,'facebook-2',568277903851315200,99,0,'2022-06-15 01:46:28',0,'2022-06-15 01:46:28',b'0'),
	(568277903922618368,'facebook-2',568277903851315201,99,0,'2022-06-15 01:46:28',0,'2022-06-15 01:46:28',b'0'),
	(568279330006949888,'add...',568279329981784064,99,0,'2022-06-15 01:52:08',0,'2022-06-15 01:52:08',b'0'),
	(568279334763290624,'facebook-2',568279334721347584,99,0,'2022-06-15 01:52:09',0,'2022-06-15 01:52:09',b'0'),
	(568279334792650752,'facebook-2',568279334721347585,99,0,'2022-06-15 01:52:09',0,'2022-06-15 01:52:09',b'0'),
	(568279525318909952,'add...',568279525276966912,99,0,'2022-06-15 01:52:55',0,'2022-06-15 01:52:55',b'0'),
	(568279529202835456,'facebook-2',568279529165086720,99,0,'2022-06-15 01:52:56',0,'2022-06-15 01:52:56',b'0'),
	(568279529232195584,'facebook-2',568279529165086721,99,0,'2022-06-15 01:52:56',0,'2022-06-15 01:52:56',b'0'),
	(568280120746500096,'add...',568280120708751360,99,0,'2022-06-15 01:55:17',0,'2022-06-15 01:55:17',b'0'),
	(568280124810780672,'facebook-2',568280124752060416,99,0,'2022-06-15 01:55:18',0,'2022-06-15 01:55:18',b'0'),
	(568280124848529408,'facebook-2',568280124752060417,99,0,'2022-06-15 01:55:18',0,'2022-06-15 01:55:18',b'0'),
	(568280326342893568,'add...',568280326292561920,99,0,'2022-06-15 01:56:06',0,'2022-06-15 01:56:06',b'0'),
	(568280330797244416,'facebook-2',568280330734329856,99,0,'2022-06-15 01:56:07',0,'2022-06-15 01:56:07',b'0'),
	(568280330826604544,'facebook-2',568280330738524160,99,0,'2022-06-15 01:56:07',0,'2022-06-15 01:56:07',b'0'),
	(568280566781370368,'add...',568280566747815936,99,0,'2022-06-15 01:57:03',0,'2022-06-15 01:57:03',b'0'),
	(568280586431684608,'facebook-2',568280586402324480,99,0,'2022-06-15 01:57:08',0,'2022-06-15 01:57:08',b'0'),
	(568280586469433344,'facebook-2',568280586402324481,99,0,'2022-06-15 01:57:08',0,'2022-06-15 01:57:08',b'0'),
	(568280586633011200,'google',568280586620428288,99,0,'2022-06-15 01:57:08',0,'2022-06-15 01:57:08',b'0'),
	(568280727960084480,'add...',568280727922335744,99,0,'2022-06-15 01:57:42',0,'2022-06-15 01:57:42',b'0'),
	(568280747182579712,'facebook-2',568280747132248064,99,0,'2022-06-15 01:57:46',0,'2022-06-15 01:57:46',b'0'),
	(568280747207745536,'facebook-2',568280747132248065,99,0,'2022-06-15 01:57:46',0,'2022-06-15 01:57:46',b'0'),
	(568280747409072128,'google',568280747388100608,99,0,'2022-06-15 01:57:46',0,'2022-06-15 01:57:46',b'0'),
	(568280844771450880,'add...',568280844729507840,99,0,'2022-06-15 01:58:09',0,'2022-06-15 01:58:09',b'0'),
	(568280848563101696,'facebook-2',568280848500187136,99,0,'2022-06-15 01:58:10',0,'2022-06-15 01:58:10',b'0'),
	(568280848596656128,'facebook-2',568280848500187137,99,0,'2022-06-15 01:58:10',0,'2022-06-15 01:58:10',b'0'),
	(568281193703989248,'add...',568281193662046208,99,0,'2022-06-15 01:59:33',0,'2022-06-15 01:59:33',b'0'),
	(568281207155122176,'facebook-2',568281207108984832,99,0,'2022-06-15 01:59:36',0,'2022-06-15 01:59:36',b'0'),
	(568281207180288000,'facebook-2',568281207108984833,99,0,'2022-06-15 01:59:36',0,'2022-06-15 01:59:36',b'0'),
	(568281426018099200,'add...',568281425984544768,99,0,'2022-06-15 02:00:28',0,'2022-06-15 02:00:28',b'0'),
	(568281439691530240,'facebook-2',568281439653781504,99,0,'2022-06-15 02:00:31',0,'2022-06-15 02:00:31',b'0'),
	(568281439750250496,'facebook-2',568281439653781505,99,0,'2022-06-15 02:00:31',0,'2022-06-15 02:00:31',b'0'),
	(568281626279337984,'add...',568281626241589248,99,0,'2022-06-15 02:01:16',0,'2022-06-15 02:01:16',b'0'),
	(568281639977934848,'facebook-2',568281639915020288,99,0,'2022-06-15 02:01:19',0,'2022-06-15 02:01:19',b'0'),
	(568281640007294976,'facebook-2',568281639915020289,99,0,'2022-06-15 02:01:19',0,'2022-06-15 02:01:19',b'0'),
	(568281765949661184,'google',568281765861580800,99,0,'2022-06-15 02:01:49',0,'2022-06-15 02:01:49',b'0'),
	(568285141567463424,'add...',568285141525520384,99,0,'2022-06-15 02:15:14',0,'2022-06-15 02:15:14',b'0'),
	(568285155849068544,'facebook-2',568285155786153984,99,0,'2022-06-15 02:15:17',0,'2022-06-15 02:15:17',b'0'),
	(568285155882622976,'facebook-2',568285155786153985,99,0,'2022-06-15 02:15:17',0,'2022-06-15 02:15:17',b'0'),
	(568285337433071616,'add...',568285337391128576,99,0,'2022-06-15 02:16:00',0,'2022-06-15 02:16:00',b'0'),
	(568285351551098880,'facebook-2',568285351483990016,99,0,'2022-06-15 02:16:04',0,'2022-06-15 02:16:04',b'0'),
	(568285351601430528,'facebook-2',568285351483990017,99,0,'2022-06-15 02:16:04',0,'2022-06-15 02:16:04',b'0'),
	(568285536247275520,'add...',568285536213721088,99,0,'2022-06-15 02:16:48',0,'2022-06-15 02:16:48',b'0'),
	(568285549627105280,'facebook-2',568285549559996416,99,0,'2022-06-15 02:16:51',0,'2022-06-15 02:16:51',b'0'),
	(568285549706797056,'facebook-2',568285549559996417,99,0,'2022-06-15 02:16:51',0,'2022-06-15 02:16:51',b'0'),
	(568285550172364800,'google',568285550134616064,99,0,'2022-06-15 02:16:51',0,'2022-06-15 02:16:51',b'0'),
	(568285650655305728,'add...',568285650609168384,99,0,'2022-06-15 02:17:15',0,'2022-06-15 02:17:15',b'0'),
	(568285664228073472,'facebook-2',568285664194519040,99,0,'2022-06-15 02:17:18',0,'2022-06-15 02:17:18',b'0'),
	(568285664249044992,'facebook-2',568285664194519041,99,0,'2022-06-15 02:17:18',0,'2022-06-15 02:17:18',b'0'),
	(568285664643309568,'google',568285664605560832,99,0,'2022-06-15 02:17:18',0,'2022-06-15 02:17:18',b'0'),
	(568286845172113408,'add...',568286845155336192,99,0,'2022-06-15 02:22:00',0,'2022-06-15 02:22:00',b'0'),
	(568286859566964736,'facebook-2',568286859533410304,99,0,'2022-06-15 02:22:03',0,'2022-06-15 02:22:03',b'0'),
	(568286859617296384,'facebook-2',568286859533410305,99,0,'2022-06-15 02:22:03',0,'2022-06-15 02:22:03',b'0'),
	(568286859969617920,'google',568286859952840704,99,0,'2022-06-15 02:22:03',0,'2022-06-15 02:22:03',b'0'),
	(614259242916044800,'add...',614259242890878976,99,0,'2022-10-19 22:59:54',0,'2022-10-19 22:59:54',b'0'),
	(614259256841134080,'facebook-2',614259256815968256,99,0,'2022-10-19 22:59:57',0,'2022-10-19 22:59:57',b'0'),
	(614259256862105600,'facebook-2',614259256815968257,99,0,'2022-10-19 22:59:57',0,'2022-10-19 22:59:57',b'0'),
	(614259257143123968,'google',614259257126346752,99,0,'2022-10-19 22:59:57',0,'2022-10-19 22:59:57',b'0'),
	(616355651358040064,'add...',616355651311902720,99,0,'2022-10-25 17:50:16',0,'2022-10-25 17:50:16',b'0'),
	(616355665794834432,'facebook-2',616355665727725568,99,0,'2022-10-25 17:50:20',0,'2022-10-25 17:50:20',b'0'),
	(616355665824194560,'facebook-2',616355665727725569,99,0,'2022-10-25 17:50:20',0,'2022-10-25 17:50:20',b'0'),
	(616355666239430656,'google',616355666193293312,99,0,'2022-10-25 17:50:20',0,'2022-10-25 17:50:20',b'0'),
	(616358887980802048,'add...',616358887934664704,99,0,'2022-10-25 18:03:08',0,'2022-10-25 18:03:08',b'0'),
	(616358903432617984,'facebook-2',616358903348731904,99,0,'2022-10-25 18:03:12',0,'2022-10-25 18:03:12',b'0'),
	(616358903482949632,'facebook-2',616358903348731905,99,0,'2022-10-25 18:03:12',0,'2022-10-25 18:03:12',b'0'),
	(616358903969488896,'google',616358903940128768,99,0,'2022-10-25 18:03:12',0,'2022-10-25 18:03:12',b'0'),
	(616730660605796352,'add...',616730660572241920,99,0,'2022-10-26 18:40:26',0,'2022-10-26 18:40:26',b'0'),
	(616730682185490432,'facebook-2',616730682160324608,99,0,'2022-10-26 18:40:31',0,'2022-10-26 18:40:31',b'0'),
	(616730682206461952,'facebook-2',616730682160324609,99,0,'2022-10-26 18:40:31',0,'2022-10-26 18:40:31',b'0'),
	(616730682479091712,'google',616730682462314496,99,0,'2022-10-26 18:40:31',0,'2022-10-26 18:40:31',b'0'),
	(616982295936507904,'add...',616982295865204736,99,0,'2022-10-27 11:20:20',0,'2022-10-27 11:20:20',b'0'),
	(616982311128276992,'facebook-2',616982311098916864,99,0,'2022-10-27 11:20:24',0,'2022-10-27 11:20:24',b'0'),
	(616982311161831424,'facebook-2',616982311098916865,99,0,'2022-10-27 11:20:24',0,'2022-10-27 11:20:24',b'0'),
	(616982311585456128,'google',616982311556096000,99,0,'2022-10-27 11:20:24',0,'2022-10-27 11:20:24',b'0'),
	(617326467642040320,'add...',617326467595902976,99,0,'2022-10-28 10:07:57',0,'2022-10-28 10:07:57',b'0'),
	(617326482972221440,'facebook-2',617326482938667008,99,0,'2022-10-28 10:08:01',0,'2022-10-28 10:08:01',b'0'),
	(617326483018358784,'facebook-2',617326482938667009,99,0,'2022-10-28 10:08:01',0,'2022-10-28 10:08:01',b'0'),
	(617326483471343616,'google',617326483429400576,99,0,'2022-10-28 10:08:01',0,'2022-10-28 10:08:01',b'0'),
	(617327222105055232,'add...',617327222063112192,99,0,'2022-10-28 10:10:57',0,'2022-10-28 10:10:57',b'0'),
	(617327237879832576,'facebook-2',617327237804335104,99,0,'2022-10-28 10:11:01',0,'2022-10-28 10:11:01',b'0'),
	(617327237921775616,'facebook-2',617327237804335105,99,0,'2022-10-28 10:11:01',0,'2022-10-28 10:11:01',b'0'),
	(617327238383149056,'google',617327238320234496,99,0,'2022-10-28 10:11:01',0,'2022-10-28 10:11:01',b'0'),
	(617329098636664832,'add...',617329098594721792,99,0,'2022-10-28 10:18:24',0,'2022-10-28 10:18:24',b'0'),
	(617329109063704576,'facebook-2',617329108975624192,99,0,'2022-10-28 10:18:27',0,'2022-10-28 10:18:27',b'0'),
	(617329109130813440,'facebook-2',617329108975624193,99,0,'2022-10-28 10:18:27',0,'2022-10-28 10:18:27',b'0'),
	(617329109613158400,'google',617329109583798272,99,0,'2022-10-28 10:18:27',0,'2022-10-28 10:18:27',b'0'),
	(617329722602299392,'add...',617329722530996224,99,0,'2022-10-28 10:20:53',0,'2022-10-28 10:20:53',b'0'),
	(617329738729398272,'facebook-2',617329738687455232,99,0,'2022-10-28 10:20:57',0,'2022-10-28 10:20:57',b'0'),
	(617329738775535616,'facebook-2',617329738687455233,99,0,'2022-10-28 10:20:57',0,'2022-10-28 10:20:57',b'0'),
	(617329739253686272,'google',617329739190771712,99,0,'2022-10-28 10:20:57',0,'2022-10-28 10:20:57',b'0'),
	(617340796047204352,'add...',617340795971706880,99,0,'2022-10-28 11:04:53',0,'2022-10-28 11:04:53',b'0'),
	(617340811549351936,'facebook-2',617340811499020288,99,0,'2022-10-28 11:04:57',0,'2022-10-28 11:04:57',b'0'),
	(617340811582906368,'facebook-2',617340811499020289,99,0,'2022-10-28 11:04:57',0,'2022-10-28 11:04:57',b'0'),
	(617340812073639936,'google',617340812040085504,99,0,'2022-10-28 11:04:57',0,'2022-10-28 11:04:57',b'0'),
	(617352724270292992,'add...',617352724194795520,99,0,'2022-10-28 11:52:17',0,'2022-10-28 11:52:17',b'0'),
	(617352750669242368,'facebook-2',617352750568579072,99,0,'2022-10-28 11:52:23',0,'2022-10-28 11:52:23',b'0'),
	(617352750765711360,'facebook-2',617352750568579073,99,0,'2022-10-28 11:52:23',0,'2022-10-28 11:52:23',b'0'),
	(617352751336136704,'google',617352751294193664,99,0,'2022-10-28 11:52:24',0,'2022-10-28 11:52:24',b'0'),
	(617354920013602816,'add...',617354919975854080,99,0,'2022-10-28 12:01:01',0,'2022-10-28 12:01:01',b'0'),
	(617354934819495936,'facebook-2',617354934773358592,99,0,'2022-10-28 12:01:04',0,'2022-10-28 12:01:04',b'0'),
	(617354934869827584,'facebook-2',617354934773358593,99,0,'2022-10-28 12:01:04',0,'2022-10-28 12:01:04',b'0'),
	(617354935360561152,'google',617354935318618112,99,0,'2022-10-28 12:01:04',0,'2022-10-28 12:01:04',b'0'),
	(617498992443580416,'add...',617498992376471552,99,0,'2022-10-28 21:33:30',0,'2022-10-28 21:33:30',b'0'),
	(617499019769470976,'facebook-2',617499019735916544,99,0,'2022-10-28 21:33:37',0,'2022-10-28 21:33:37',b'0'),
	(617499019790442496,'facebook-2',617499019735916545,99,0,'2022-10-28 21:33:37',0,'2022-10-28 21:33:37',b'0'),
	(617499020071460864,'google',617499020058877952,99,0,'2022-10-28 21:33:37',0,'2022-10-28 21:33:37',b'0'),
	(617499159855030272,'add...',617499159813087232,99,0,'2022-10-28 21:34:10',0,'2022-10-28 21:34:10',b'0'),
	(617499177798262784,'facebook-2',617499177735348224,99,0,'2022-10-28 21:34:14',0,'2022-10-28 21:34:14',b'0'),
	(617499177819234304,'facebook-2',617499177735348225,99,0,'2022-10-28 21:34:14',0,'2022-10-28 21:34:14',b'0'),
	(617499178305773568,'google',617499178259636224,99,0,'2022-10-28 21:34:14',0,'2022-10-28 21:34:14',b'0'),
	(617500546391269376,'add...',617500546357714944,99,0,'2022-10-28 21:39:41',0,'2022-10-28 21:39:41',b'0'),
	(617500562463842304,'facebook-2',617500562430287872,99,0,'2022-10-28 21:39:45',0,'2022-10-28 21:39:45',b'0'),
	(617500562497396736,'facebook-2',617500562430287873,99,0,'2022-10-28 21:39:45',0,'2022-10-28 21:39:45',b'0'),
	(617500562962964480,'google',617500562921021440,99,0,'2022-10-28 21:39:45',0,'2022-10-28 21:39:45',b'0'),
	(617501380457979904,'add...',617501380416036864,99,0,'2022-10-28 21:43:00',0,'2022-10-28 21:43:00',b'0'),
	(617501396115316736,'facebook-2',617501396081762304,99,0,'2022-10-28 21:43:03',0,'2022-10-28 21:43:03',b'0'),
	(617501396136288256,'facebook-2',617501396081762305,99,0,'2022-10-28 21:43:03',0,'2022-10-28 21:43:03',b'0'),
	(617501396572495872,'google',617501396538941440,99,0,'2022-10-28 21:43:03',0,'2022-10-28 21:43:03',b'0'),
	(617502075252826112,'add...',617502075206688768,99,0,'2022-10-28 21:45:45',0,'2022-10-28 21:45:45',b'0'),
	(617502090998243328,'facebook-2',617502090943717376,99,0,'2022-10-28 21:45:49',0,'2022-10-28 21:45:49',b'0'),
	(617502091040186368,'facebook-2',617502090943717377,99,0,'2022-10-28 21:45:49',0,'2022-10-28 21:45:49',b'0'),
	(617502091518337024,'google',617502091484782592,99,0,'2022-10-28 21:45:49',0,'2022-10-28 21:45:49',b'0'),
	(617504257528225792,'add...',617504257482088448,99,0,'2022-10-28 21:54:25',0,'2022-10-28 21:54:25',b'0'),
	(617504273575632896,'facebook-2',617504273525301248,99,0,'2022-10-28 21:54:29',0,'2022-10-28 21:54:29',b'0'),
	(617504273600798720,'facebook-2',617504273525301249,99,0,'2022-10-28 21:54:29',0,'2022-10-28 21:54:29',b'0'),
	(617504274024423424,'google',617504273990868992,99,0,'2022-10-28 21:54:29',0,'2022-10-28 21:54:29',b'0'),
	(617508953953329152,'add...',617508953919774720,99,0,'2022-10-28 22:13:05',0,'2022-10-28 22:13:05',b'0'),
	(617508968524341248,'facebook-2',617508968461426688,99,0,'2022-10-28 22:13:09',0,'2022-10-28 22:13:09',b'0'),
	(617508968553701376,'facebook-2',617508968461426689,99,0,'2022-10-28 22:13:09',0,'2022-10-28 22:13:09',b'0'),
	(617508969094766592,'google',617508969031852032,99,0,'2022-10-28 22:13:09',0,'2022-10-28 22:13:09',b'0'),
	(617517702013181952,'add...',617517701962850304,99,0,'2022-10-28 22:47:51',0,'2022-10-28 22:47:51',b'0'),
	(617517716248649728,'facebook-2',617517716210900992,99,0,'2022-10-28 22:47:54',0,'2022-10-28 22:47:54',b'0'),
	(617517716269621248,'facebook-2',617517716210900993,99,0,'2022-10-28 22:47:54',0,'2022-10-28 22:47:54',b'0'),
	(617517716714217472,'google',617517716659691520,99,0,'2022-10-28 22:47:54',0,'2022-10-28 22:47:54',b'0'),
	(617517926899179520,'add...',617517926869819392,99,0,'2022-10-28 22:48:45',0,'2022-10-28 22:48:45',b'0'),
	(617517939268182016,'facebook-2',617517939222044672,99,0,'2022-10-28 22:48:47',0,'2022-10-28 22:48:47',b'0'),
	(617517939297542144,'facebook-2',617517939222044673,99,0,'2022-10-28 22:48:47',0,'2022-10-28 22:48:47',b'0'),
	(617517939683418112,'google',617517939658252288,99,0,'2022-10-28 22:48:48',0,'2022-10-28 22:48:48',b'0'),
	(617518777818603520,'add...',617518777751494656,99,0,'2022-10-28 22:52:07',0,'2022-10-28 22:52:07',b'0'),
	(617518793341722624,'facebook-2',617518793245253632,99,0,'2022-10-28 22:52:11',0,'2022-10-28 22:52:11',b'0'),
	(617518793396248576,'facebook-2',617518793245253633,99,0,'2022-10-28 22:52:11',0,'2022-10-28 22:52:11',b'0'),
	(617518793882787840,'google',617518793815678976,99,0,'2022-10-28 22:52:11',0,'2022-10-28 22:52:11',b'0'),
	(617533908573151232,'add...',617533908531208192,99,0,'2022-10-28 23:52:15',0,'2022-10-28 23:52:15',b'0'),
	(617533923542622208,'facebook-2',617533923492290560,99,0,'2022-10-28 23:52:18',0,'2022-10-28 23:52:18',b'0'),
	(617533923580370944,'facebook-2',617533923492290561,99,0,'2022-10-28 23:52:18',0,'2022-10-28 23:52:18',b'0'),
	(617533924385677312,'google',617533924356317184,99,0,'2022-10-28 23:52:19',0,'2022-10-28 23:52:19',b'0'),
	(617539157622972416,'add...',617539157576835072,99,0,'2022-10-29 00:13:06',0,'2022-10-29 00:13:06',b'0'),
	(617539172017823744,'facebook-2',617539171975880704,99,0,'2022-10-29 00:13:10',0,'2022-10-29 00:13:10',b'0'),
	(617539172047183872,'facebook-2',617539171975880705,99,0,'2022-10-29 00:13:10',0,'2022-10-29 00:13:10',b'0'),
	(617539561907740672,'google',617539561765134336,99,0,'2022-10-29 00:14:43',0,'2022-10-29 00:14:43',b'0'),
	(617539886194548736,'add...',617539886135828480,99,0,'2022-10-29 00:16:00',0,'2022-10-29 00:16:00',b'0'),
	(617539901621198848,'facebook-2',617539901587644416,99,0,'2022-10-29 00:16:04',0,'2022-10-29 00:16:04',b'0'),
	(617539901642170368,'facebook-2',617539901587644417,99,0,'2022-10-29 00:16:04',0,'2022-10-29 00:16:04',b'0'),
	(617540356581548032,'add...',617540356560576512,99,0,'2022-10-29 00:17:52',0,'2022-10-29 00:17:52',b'0'),
	(617540368984104960,'facebook-2',617540368954744832,99,0,'2022-10-29 00:17:55',0,'2022-10-29 00:17:55',b'0'),
	(617540369009270784,'facebook-2',617540368954744833,99,0,'2022-10-29 00:17:55',0,'2022-10-29 00:17:55',b'0'),
	(617540661322899456,'add...',617540661285150720,99,0,'2022-10-29 00:19:05',0,'2022-10-29 00:19:05',b'0'),
	(617540677257060352,'facebook-2',617540677219311616,99,0,'2022-10-29 00:19:09',0,'2022-10-29 00:19:09',b'0'),
	(617540677282226176,'facebook-2',617540677219311617,99,0,'2022-10-29 00:19:09',0,'2022-10-29 00:19:09',b'0'),
	(617541044250271744,'add...',617541044225105920,99,0,'2022-10-29 00:20:36',0,'2022-10-29 00:20:36',b'0'),
	(617541239197327360,'facebook-2',617541239146995712,99,0,'2022-10-29 00:21:23',0,'2022-10-29 00:21:23',b'0'),
	(617541346894471168,'facebook-2',617541239146995713,99,0,'2022-10-29 00:21:48',0,'2022-10-29 00:21:48',b'0'),
	(617541489404338176,'add...',617541489374978048,99,0,'2022-10-29 00:22:22',0,'2022-10-29 00:22:22',b'0'),
	(617541711555649536,'facebook-2',617541546455261184,99,0,'2022-10-29 00:23:15',0,'2022-10-29 00:23:15',b'0'),
	(617541758661877760,'facebook-2',617541546455261185,99,0,'2022-10-29 00:23:26',0,'2022-10-29 00:23:26',b'0'),
	(617542399060795392,'facebook-2',617542229246009344,99,0,'2022-10-29 00:25:59',0,'2022-10-29 00:25:59',b'0'),
	(617542404488224768,'facebook-2',617542229254397952,99,0,'2022-10-29 00:26:00',0,'2022-10-29 00:26:00',b'0'),
	(617542924602892288,'facebook-2',617542905804021760,99,0,'2022-10-29 00:28:04',0,'2022-10-29 00:28:04',b'0'),
	(617542935868792832,'facebook-2',617542905808216064,99,0,'2022-10-29 00:28:07',0,'2022-10-29 00:28:07',b'0'),
	(617547730981675008,'facebook-2',617547730851651584,99,0,'2022-10-29 00:47:10',0,'2022-10-29 00:47:10',b'0'),
	(617547731015229440,'facebook-2',617547730855845888,99,0,'2022-10-29 00:47:10',0,'2022-10-29 00:47:10',b'0'),
	(617547853165944832,'facebook-2',617547853035921408,99,0,'2022-10-29 00:47:39',0,'2022-10-29 00:47:39',b'0'),
	(617547853191110656,'facebook-2',617547853040115712,99,0,'2022-10-29 00:47:39',0,'2022-10-29 00:47:39',b'0'),
	(617547961982967808,'facebook-2',617547961848750080,99,0,'2022-10-29 00:48:05',0,'2022-10-29 00:48:05',b'0'),
	(617547962029105152,'facebook-2',617547961852944384,99,0,'2022-10-29 00:48:05',0,'2022-10-29 00:48:05',b'0'),
	(617548364799729664,'facebook-2',617548265285672960,99,0,'2022-10-29 00:49:41',0,'2022-10-29 00:49:41',b'0'),
	(617548459431616512,'facebook-2',617548265289867264,99,0,'2022-10-29 00:50:04',0,'2022-10-29 00:50:04',b'0'),
	(617548890459267072,'google',617548890341826560,99,0,'2022-10-29 00:51:47',0,'2022-10-29 00:51:47',b'0'),
	(617549033401147392,'facebook-2',617549033245958144,99,0,'2022-10-29 00:52:21',0,'2022-10-29 00:52:21',b'0'),
	(617549033430507520,'facebook-2',617549033250152448,99,0,'2022-10-29 00:52:21',0,'2022-10-29 00:52:21',b'0'),
	(617549346019401728,'facebook-2',617549279296413696,99,0,'2022-10-29 00:53:35',0,'2022-10-29 00:53:35',b'0'),
	(617549349915910144,'facebook-2',617549279300608000,99,0,'2022-10-29 00:53:36',0,'2022-10-29 00:53:36',b'0'),
	(617550507946467328,'facebook-2',617550507770306560,99,0,'2022-10-29 00:58:12',0,'2022-10-29 00:58:12',b'0'),
	(617550507971633152,'facebook-2',617550507774500864,99,0,'2022-10-29 00:58:12',0,'2022-10-29 00:58:12',b'0'),
	(617550508865019904,'google',617550508835659776,99,0,'2022-10-29 00:58:13',0,'2022-10-29 00:58:13',b'0'),
	(617550613038948352,'add...',617550612997005312,99,0,'2022-10-29 00:58:37',0,'2022-10-29 00:58:37',b'0'),
	(617550627207307264,'facebook-2',617550627173752832,99,0,'2022-10-29 00:58:41',0,'2022-10-29 00:58:41',b'0'),
	(617550627236667392,'facebook-2',617550627173752833,99,0,'2022-10-29 00:58:41',0,'2022-10-29 00:58:41',b'0'),
	(617550627702235136,'google',617550627656097792,99,0,'2022-10-29 00:58:41',0,'2022-10-29 00:58:41',b'0'),
	(617550962407694336,'add...',617550962374139904,99,0,'2022-10-29 01:00:01',0,'2022-10-29 01:00:01',b'0'),
	(617551164292128768,'add...',617551164245991424,99,0,'2022-10-29 01:00:49',0,'2022-10-29 01:00:49',b'0'),
	(617551184257015808,'facebook-2',617551184215072768,99,0,'2022-10-29 01:00:54',0,'2022-10-29 01:00:54',b'0'),
	(617551184282181632,'facebook-2',617551184215072769,99,0,'2022-10-29 01:00:54',0,'2022-10-29 01:00:54',b'0'),
	(617551184793886720,'google',617551184743555072,99,0,'2022-10-29 01:00:54',0,'2022-10-29 01:00:54',b'0'),
	(617551371683684352,'add...',617551371629158400,99,0,'2022-10-29 01:01:38',0,'2022-10-29 01:01:38',b'0'),
	(617551387622039552,'facebook-2',617551387559124992,99,0,'2022-10-29 01:01:42',0,'2022-10-29 01:01:42',b'0'),
	(617551387651399680,'facebook-2',617551387559124993,99,0,'2022-10-29 01:01:42',0,'2022-10-29 01:01:42',b'0'),
	(617551624256282624,'add...',617551624222728192,99,0,'2022-10-29 01:02:39',0,'2022-10-29 01:02:39',b'0'),
	(617551639594852352,'facebook-2',617551639557103616,99,0,'2022-10-29 01:02:42',0,'2022-10-29 01:02:42',b'0'),
	(617551639620018176,'facebook-2',617551639557103617,99,0,'2022-10-29 01:02:42',0,'2022-10-29 01:02:42',b'0'),
	(617551640047837184,'google',617551640018477056,99,0,'2022-10-29 01:02:42',0,'2022-10-29 01:02:42',b'0'),
	(617553030048571392,'add...',617553030027599872,99,0,'2022-10-29 01:08:14',0,'2022-10-29 01:08:14',b'0'),
	(617553046829981696,'facebook-2',617553046792232960,99,0,'2022-10-29 01:08:18',0,'2022-10-29 01:08:18',b'0'),
	(617553046859341824,'facebook-2',617553046796427264,99,0,'2022-10-29 01:08:18',0,'2022-10-29 01:08:18',b'0'),
	(617553047207469056,'google',617553047190691840,99,0,'2022-10-29 01:08:18',0,'2022-10-29 01:08:18',b'0'),
	(617759002893410304,'add...',617759002872438784,99,0,'2022-10-29 14:46:42',0,'2022-10-29 14:46:42',b'0'),
	(617759017720274944,'facebook-2',617759017682526208,99,0,'2022-10-29 14:46:45',0,'2022-10-29 14:46:45',b'0'),
	(617759017783189504,'facebook-2',617759017682526209,99,0,'2022-10-29 14:46:45',0,'2022-10-29 14:46:45',b'0'),
	(617759545250471936,'add...',617759545233694720,99,0,'2022-10-29 14:48:51',0,'2022-10-29 14:48:51',b'0'),
	(617759560920391680,'facebook-2',617759560878448640,99,0,'2022-10-29 14:48:55',0,'2022-10-29 14:48:55',b'0'),
	(617759560941363200,'facebook-2',617759560878448641,99,0,'2022-10-29 14:48:55',0,'2022-10-29 14:48:55',b'0'),
	(617759561360793600,'google',617759561339822080,99,0,'2022-10-29 14:48:55',0,'2022-10-29 14:48:55',b'0'),
	(617760095924838400,'add...',617760095891283968,99,0,'2022-10-29 14:51:02',0,'2022-10-29 14:51:02',b'0'),
	(617760111406014464,'facebook-2',617760111380848640,99,0,'2022-10-29 14:51:06',0,'2022-10-29 14:51:06',b'0'),
	(617760111418597376,'facebook-2',617760111380848641,99,0,'2022-10-29 14:51:06',0,'2022-10-29 14:51:06',b'0'),
	(617760111888359424,'google',617760111863193600,99,0,'2022-10-29 14:51:06',0,'2022-10-29 14:51:06',b'0'),
	(617760450280611840,'add...',1667026341882,99,0,'2022-10-29 14:52:27',0,'2022-10-29 14:52:27',b'0'),
	(617760584343150592,'add...',617760584330567680,99,0,'2022-10-29 14:52:59',0,'2022-10-29 14:52:59',b'0'),
	(617760599065157632,'facebook-2',617760599044186112,99,0,'2022-10-29 14:53:02',0,'2022-10-29 14:53:02',b'0'),
	(617760599077740544,'facebook-2',617760599044186113,99,0,'2022-10-29 14:53:02',0,'2022-10-29 14:53:02',b'0'),
	(617760599547502592,'google',617760599534919680,99,0,'2022-10-29 14:53:02',0,'2022-10-29 14:53:02',b'0'),
	(617765985977556992,'add...',617765985944002560,99,0,'2022-10-29 15:14:26',0,'2022-10-29 15:14:26',b'0'),
	(617766001852997632,'facebook-2',617766001802665984,99,0,'2022-10-29 15:14:30',0,'2022-10-29 15:14:30',b'0'),
	(617766001894940672,'facebook-2',617766001802665985,99,0,'2022-10-29 15:14:30',0,'2022-10-29 15:14:30',b'0'),
	(617766002297593856,'google',617766002268233728,99,0,'2022-10-29 15:14:30',0,'2022-10-29 15:14:30',b'0'),
	(617766516867391488,'add...',617766516842225664,99,0,'2022-10-29 15:16:33',0,'2022-10-29 15:16:33',b'0'),
	(617766533585887232,'facebook-2',617766533518778368,99,0,'2022-10-29 15:16:37',0,'2022-10-29 15:16:37',b'0'),
	(617766533615247360,'facebook-2',617766533518778369,99,0,'2022-10-29 15:16:37',0,'2022-10-29 15:16:37',b'0'),
	(617766534177284096,'google',617766534156312576,99,0,'2022-10-29 15:16:37',0,'2022-10-29 15:16:37',b'0'),
	(617771735319764992,'add...',617771735277821952,99,0,'2022-10-29 15:37:17',0,'2022-10-29 15:37:17',b'0'),
	(617771760355565568,'facebook-2',617771760305233920,99,0,'2022-10-29 15:37:23',0,'2022-10-29 15:37:23',b'0'),
	(617771760380731392,'facebook-2',617771760305233921,99,0,'2022-10-29 15:37:23',0,'2022-10-29 15:37:23',b'0'),
	(617771760938573824,'google',617771760921796608,99,0,'2022-10-29 15:37:23',0,'2022-10-29 15:37:23',b'0'),
	(617771963393433600,'add...',617771963372462080,99,0,'2022-10-29 15:38:12',0,'2022-10-29 15:38:12',b'0'),
	(617771979184988160,'facebook-2',617771978987855872,99,0,'2022-10-29 15:38:15',0,'2022-10-29 15:38:15',b'0'),
	(617771979205959680,'facebook-2',617771978987855873,99,0,'2022-10-29 15:38:15',0,'2022-10-29 15:38:15',b'0'),
	(617771979625390080,'google',617771979612807168,99,0,'2022-10-29 15:38:15',0,'2022-10-29 15:38:15',b'0'),
	(617777144889794560,'add...',617777144877211648,99,0,'2022-10-29 15:58:47',0,'2022-10-29 15:58:47',b'0'),
	(617777159615995904,'facebook-2',617777159586635776,99,0,'2022-10-29 15:58:50',0,'2022-10-29 15:58:50',b'0'),
	(617777159632773120,'facebook-2',617777159586635777,99,0,'2022-10-29 15:58:50',0,'2022-10-29 15:58:50',b'0'),
	(617777160098340864,'google',617777160085757952,99,0,'2022-10-29 15:58:51',0,'2022-10-29 15:58:51',b'0'),
	(617835459854393344,'add...',617835459829227520,99,0,'2022-10-29 19:50:30',0,'2022-10-29 19:50:30',b'0'),
	(617835474437988352,'facebook-2',617835474412822528,99,0,'2022-10-29 19:50:34',0,'2022-10-29 19:50:34',b'0'),
	(617835474475737088,'facebook-2',617835474412822529,99,0,'2022-10-29 19:50:34',0,'2022-10-29 19:50:34',b'0'),
	(617835474928721920,'google',617835474899361792,99,0,'2022-10-29 19:50:34',0,'2022-10-29 19:50:34',b'0'),
	(617835867322638336,'add...',617835867310055424,99,0,'2022-10-29 19:52:07',0,'2022-10-29 19:52:07',b'0'),
	(617835882153697280,'facebook-2',617835882115948544,99,0,'2022-10-29 19:52:11',0,'2022-10-29 19:52:11',b'0'),
	(617835882178863104,'facebook-2',617835882115948545,99,0,'2022-10-29 19:52:11',0,'2022-10-29 19:52:11',b'0'),
	(617835882669596672,'google',617835882623459328,99,0,'2022-10-29 19:52:11',0,'2022-10-29 19:52:11',b'0'),
	(617859231982477312,'add...',617859231965700096,99,0,'2022-10-29 21:24:58',0,'2022-10-29 21:24:58',b'0'),
	(617859248617086976,'facebook-2',617859248549978112,99,0,'2022-10-29 21:25:02',0,'2022-10-29 21:25:02',b'0'),
	(617859248642252800,'facebook-2',617859248549978113,99,0,'2022-10-29 21:25:02',0,'2022-10-29 21:25:02',b'0'),
	(617859249132986368,'google',617859249095237632,99,0,'2022-10-29 21:25:02',0,'2022-10-29 21:25:02',b'0'),
	(617867223813513216,'add...',617867223796736000,99,0,'2022-10-29 21:56:43',0,'2022-10-29 21:56:43',b'0'),
	(617867239147888640,'facebook-2',617867239126917120,99,0,'2022-10-29 21:56:47',0,'2022-10-29 21:56:47',b'0'),
	(617867239189831680,'facebook-2',617867239126917121,99,0,'2022-10-29 21:56:47',0,'2022-10-29 21:56:47',b'0'),
	(617867239659593728,'google',617867239647010816,99,0,'2022-10-29 21:56:47',0,'2022-10-29 21:56:47',b'0'),
	(617867391313043456,'add...',617867391292071936,99,0,'2022-10-29 21:57:23',0,'2022-10-29 21:57:23',b'0'),
	(617867405921804288,'facebook-2',617867405896638464,99,0,'2022-10-29 21:57:27',0,'2022-10-29 21:57:27',b'0'),
	(617867405946970112,'facebook-2',617867405900832768,99,0,'2022-10-29 21:57:27',0,'2022-10-29 21:57:27',b'0'),
	(617867406383177728,'google',617867406353817600,99,0,'2022-10-29 21:57:27',0,'2022-10-29 21:57:27',b'0'),
	(617907890241593344,'add...',617907890224816128,99,0,'2022-10-30 00:38:19',0,'2022-10-30 00:38:19',b'0'),
	(617907905534025728,'facebook-2',617907905504665600,99,0,'2022-10-30 00:38:23',0,'2022-10-30 00:38:23',b'0'),
	(617907905554997248,'facebook-2',617907905504665601,99,0,'2022-10-30 00:38:23',0,'2022-10-30 00:38:23',b'0'),
	(617907906020564992,'google',617907906007982080,99,0,'2022-10-30 00:38:23',0,'2022-10-30 00:38:23',b'0'),
	(618034651709235200,'add...',618034651692457984,99,0,'2022-10-30 09:02:01',0,'2022-10-30 09:02:01',b'0'),
	(619302892834316288,'add...',619302892817539072,99,0,'2022-11-02 21:01:34',0,'2022-11-02 21:01:34',b'0'),
	(619302908797837312,'facebook-2',619302908776865792,99,0,'2022-11-02 21:01:37',0,'2022-11-02 21:01:37',b'0'),
	(619302908810420224,'facebook-2',619302908776865793,99,0,'2022-11-02 21:01:37',0,'2022-11-02 21:01:37',b'0'),
	(619302909099827200,'google',619302909091438592,99,0,'2022-11-02 21:01:37',0,'2022-11-02 21:01:37',b'0'),
	(619308526078189568,'add...',619308526053023744,99,0,'2022-11-02 21:23:57',0,'2022-11-02 21:23:57',b'0'),
	(619308540292685824,'facebook-2',619308540250742784,99,0,'2022-11-02 21:24:00',0,'2022-11-02 21:24:00',b'0'),
	(619308540313657344,'facebook-2',619308540250742785,99,0,'2022-11-02 21:24:00',0,'2022-11-02 21:24:00',b'0'),
	(619308540737282048,'google',619308540724699136,99,0,'2022-11-02 21:24:00',0,'2022-11-02 21:24:00',b'0'),
	(619308913556381696,'add...',619308913518632960,99,0,'2022-11-02 21:25:29',0,'2022-11-02 21:25:29',b'0'),
	(619308932623687680,'facebook-2',619308932602716160,99,0,'2022-11-02 21:25:34',0,'2022-11-02 21:25:34',b'0'),
	(619308932640464896,'facebook-2',619308932602716161,99,0,'2022-11-02 21:25:34',0,'2022-11-02 21:25:34',b'0'),
	(619308933114421248,'google',619308933093449728,99,0,'2022-11-02 21:25:34',0,'2022-11-02 21:25:34',b'0'),
	(619315166542225408,'add...',619315166529642496,99,0,'2022-11-02 21:50:20',0,'2022-11-02 21:50:20',b'0'),
	(619315181763354624,'facebook-2',619315181733994496,99,0,'2022-11-02 21:50:23',0,'2022-11-02 21:50:23',b'0'),
	(619315181775937536,'facebook-2',619315181733994497,99,0,'2022-11-02 21:50:23',0,'2022-11-02 21:50:23',b'0'),
	(619315182182785024,'google',619315182161813504,99,0,'2022-11-02 21:50:24',0,'2022-11-02 21:50:24',b'0'),
	(619907474828304384,'add...',619907474807332864,99,0,'2022-11-04 13:03:57',0,'2022-11-04 13:03:57',b'0'),
	(619907493291630592,'facebook-2',619907493253881856,99,0,'2022-11-04 13:04:02',0,'2022-11-04 13:04:02',b'0'),
	(619907493312602112,'facebook-2',619907493253881857,99,0,'2022-11-04 13:04:02',0,'2022-11-04 13:04:02',b'0'),
	(619907493719449600,'google',619907493706866688,99,0,'2022-11-04 13:04:02',0,'2022-11-04 13:04:02',b'0'),
	(622028841229148160,'add...',622028841216565248,99,0,'2022-11-10 09:33:30',0,'2022-11-10 09:33:30',b'0'),
	(622028859252072448,'facebook-2',622028859231100928,99,0,'2022-11-10 09:33:35',0,'2022-11-10 09:33:35',b'0'),
	(622028859294015488,'facebook-2',622028859231100929,99,0,'2022-11-10 09:33:35',0,'2022-11-10 09:33:35',b'0'),
	(622028859663114240,'google',622028859650531328,99,0,'2022-11-10 09:33:35',0,'2022-11-10 09:33:35',b'0'),
	(622131273028263936,'add...',622131273019875328,99,0,'2022-11-10 16:20:32',0,'2022-11-10 16:20:32',b'0'),
	(622131292951207936,'facebook-2',622131292921847808,99,0,'2022-11-10 16:20:37',0,'2022-11-10 16:20:37',b'0'),
	(622131292997345280,'facebook-2',622131292921847809,99,0,'2022-11-10 16:20:37',0,'2022-11-10 16:20:37',b'0'),
	(622131293467107328,'google',622131293454524416,99,0,'2022-11-10 16:20:37',0,'2022-11-10 16:20:37',b'0'),
	(626173796113477632,'add...',626173796096700416,99,0,'2022-11-21 20:04:05',0,'2022-11-21 20:04:05',b'0'),
	(626173813788274688,'facebook-2',626173813763108864,99,0,'2022-11-21 20:04:09',0,'2022-11-21 20:04:09',b'0'),
	(626173813805051904,'facebook-2',626173813763108865,99,0,'2022-11-21 20:04:09',0,'2022-11-21 20:04:09',b'0'),
	(626173814140596224,'google',626173814128013312,99,0,'2022-11-21 20:04:09',0,'2022-11-21 20:04:09',b'0'),
	(627206573348900864,'add...',627206573336317952,99,0,'2022-11-24 16:27:58',0,'2022-11-24 16:27:58',b'0'),
	(627206590075785216,'facebook-2',627206590038036480,99,0,'2022-11-24 16:28:02',0,'2022-11-24 16:28:02',b'0'),
	(627206590088368128,'facebook-2',627206590038036481,99,0,'2022-11-24 16:28:02',0,'2022-11-24 16:28:02',b'0'),
	(627206590415523840,'google',627206590402940928,99,0,'2022-11-24 16:28:02',0,'2022-11-24 16:28:02',b'0'),
	(627549142071136256,'add...',627549142062747648,99,0,'2022-11-25 15:09:13',0,'2022-11-25 15:09:13',b'0'),
	(627549160362496000,'facebook-2',627549160307970048,99,0,'2022-11-25 15:09:17',0,'2022-11-25 15:09:17',b'0'),
	(627549160396050432,'facebook-2',627549160307970049,99,0,'2022-11-25 15:09:17',0,'2022-11-25 15:09:17',b'0'),
	(627549160765149184,'google',627549160748371968,99,0,'2022-11-25 15:09:17',0,'2022-11-25 15:09:17',b'0'),
	(627550874293522432,'add...',627550874268356608,99,0,'2022-11-25 15:16:06',0,'2022-11-25 15:16:06',b'0'),
	(627550892438081536,'facebook-2',627550892412915712,99,0,'2022-11-25 15:16:10',0,'2022-11-25 15:16:10',b'0'),
	(627550892450664448,'facebook-2',627550892412915713,99,0,'2022-11-25 15:16:10',0,'2022-11-25 15:16:10',b'0'),
	(627550892865900544,'google',627550892844929024,99,0,'2022-11-25 15:16:10',0,'2022-11-25 15:16:10',b'0'),
	(627580988075036672,'add...',627580988066648064,99,0,'2022-11-25 17:15:45',0,'2022-11-25 17:15:45',b'0'),
	(627581002381807616,'facebook-2',627581002352447488,99,0,'2022-11-25 17:15:49',0,'2022-11-25 17:15:49',b'0'),
	(627581002402779136,'facebook-2',627581002352447489,99,0,'2022-11-25 17:15:49',0,'2022-11-25 17:15:49',b'0'),
	(627581002763489280,'google',627581002750906368,99,0,'2022-11-25 17:15:49',0,'2022-11-25 17:15:49',b'0'),
	(627601726689529856,'add...',627601726672752640,99,0,'2022-11-25 18:38:10',0,'2022-11-25 18:38:10',b'0'),
	(627601751666610176,'facebook-2',627601751641444352,99,0,'2022-11-25 18:38:16',0,'2022-11-25 18:38:16',b'0'),
	(627601751687581696,'facebook-2',627601751641444353,99,0,'2022-11-25 18:38:16',0,'2022-11-25 18:38:16',b'0'),
	(627601752136372224,'google',627601752115400704,99,0,'2022-11-25 18:38:16',0,'2022-11-25 18:38:16',b'0'),
	(627602745678909440,'add...',627602745662132224,99,0,'2022-11-25 18:42:13',0,'2022-11-25 18:42:13',b'0'),
	(627602770731487232,'facebook-2',627602770676961280,99,0,'2022-11-25 18:42:19',0,'2022-11-25 18:42:19',b'0'),
	(627602770756653056,'facebook-2',627602770676961281,99,0,'2022-11-25 18:42:19',0,'2022-11-25 18:42:19',b'0'),
	(627602771180277760,'google',627602771167694848,99,0,'2022-11-25 18:42:19',0,'2022-11-25 18:42:19',b'0'),
	(627604458003517440,'add...',627604457990934528,99,0,'2022-11-25 18:49:01',0,'2022-11-25 18:49:01',b'0'),
	(627604475539902464,'facebook-2',627604475510542336,99,0,'2022-11-25 18:49:05',0,'2022-11-25 18:49:05',b'0'),
	(627604475560873984,'facebook-2',627604475510542337,99,0,'2022-11-25 18:49:05',0,'2022-11-25 18:49:05',b'0'),
	(627604475967721472,'google',627604475950944256,99,0,'2022-11-25 18:49:05',0,'2022-11-25 18:49:05',b'0'),
	(659196326478639104,'add...',659196326461861888,99,0,'2023-02-20 23:03:49',0,'2023-02-20 23:03:49',b'0'),
	(659196329632755712,'facebook-2',659196329615978496,99,0,'2023-02-20 23:03:50',0,'2023-02-20 23:03:50',b'0'),
	(659196329649532928,'facebook-2',659196329615978497,99,0,'2023-02-20 23:03:50',0,'2023-02-20 23:03:50',b'0'),
	(659196329930551296,'google',659196329922162688,99,0,'2023-02-20 23:03:50',0,'2023-02-20 23:03:50',b'0'),
	(659921213941903360,'add...',659921213908348928,99,0,'2023-02-22 23:04:16',0,'2023-02-22 23:04:16',b'0'),
	(659921220413714432,'facebook-2',659921220350799872,99,0,'2023-02-22 23:04:17',0,'2023-02-22 23:04:17',b'0'),
	(659921220447268864,'facebook-2',659921220350799873,99,0,'2023-02-22 23:04:18',0,'2023-02-22 23:04:18',b'0'),
	(659921220828950528,'google',659921220816367616,99,0,'2023-02-22 23:04:18',0,'2023-02-22 23:04:18',b'0'),
	(660275240324055040,'add...',660275240307277824,99,0,'2023-02-23 22:31:02',0,'2023-02-23 22:31:02',b'0'),
	(660275245642432512,'facebook-2',660275245625655296,99,0,'2023-02-23 22:31:04',0,'2023-02-23 22:31:04',b'0'),
	(660275245659209728,'facebook-2',660275245625655297,99,0,'2023-02-23 22:31:04',0,'2023-02-23 22:31:04',b'0'),
	(660275246082834432,'google',660275246074445824,99,0,'2023-02-23 22:31:04',0,'2023-02-23 22:31:04',b'0'),
	(660457835330551808,'add...',660457835296997376,99,0,'2023-02-24 10:36:36',0,'2023-02-24 10:36:36',b'0'),
	(660457841965940736,'facebook-2',660457841949163520,99,0,'2023-02-24 10:36:38',0,'2023-02-24 10:36:38',b'0'),
	(660457841986912256,'facebook-2',660457841949163521,99,0,'2023-02-24 10:36:38',0,'2023-02-24 10:36:38',b'0'),
	(660457842452480000,'google',660457842439897088,99,0,'2023-02-24 10:36:38',0,'2023-02-24 10:36:38',b'0'),
	(660617683389136896,'add...',660617683376553984,99,0,'2023-02-24 21:11:47',0,'2023-02-24 21:11:47',b'0'),
	(660617700229267456,'facebook-2',660617700208295936,99,0,'2023-02-24 21:11:51',0,'2023-02-24 21:11:51',b'0'),
	(660617700246044672,'facebook-2',660617700208295937,99,0,'2023-02-24 21:11:51',0,'2023-02-24 21:11:51',b'0'),
	(660617700661280768,'google',660617700644503552,99,0,'2023-02-24 21:11:51',0,'2023-02-24 21:11:51',b'0'),
	(663184004723257344,'add...',663184004693897216,99,0,'2023-03-03 23:09:26',0,'2023-03-03 23:09:26',b'0'),
	(663184008300998656,'facebook-2',663184008284221440,99,0,'2023-03-03 23:09:27',0,'2023-03-03 23:09:27',b'0'),
	(663184008317775872,'facebook-2',663184008284221441,99,0,'2023-03-03 23:09:27',0,'2023-03-03 23:09:27',b'0'),
	(663184008615571456,'google',663184008598794240,99,0,'2023-03-03 23:09:27',0,'2023-03-03 23:09:27',b'0'),
	(664155750251114496,'add...',664155750225948672,99,0,'2023-03-06 15:30:48',0,'2023-03-06 15:30:48',b'0'),
	(664155757259796480,'facebook-2',664155757201076224,99,0,'2023-03-06 15:30:50',0,'2023-03-06 15:30:50',b'0'),
	(664155757284962304,'facebook-2',664155757201076225,99,0,'2023-03-06 15:30:50',0,'2023-03-06 15:30:50',b'0'),
	(664155757834416128,'google',664155757817638912,99,0,'2023-03-06 15:30:50',0,'2023-03-06 15:30:50',b'0'),
	(664178787486806016,'add...',664178787474223104,99,0,'2023-03-06 17:02:21',0,'2023-03-06 17:02:21',b'0'),
	(664178793321082880,'facebook-2',664178793295917056,99,0,'2023-03-06 17:02:22',0,'2023-03-06 17:02:22',b'0'),
	(664178793337860096,'facebook-2',664178793295917057,99,0,'2023-03-06 17:02:22',0,'2023-03-06 17:02:22',b'0'),
	(664178793757290496,'google',664178793736318976,99,0,'2023-03-06 17:02:22',0,'2023-03-06 17:02:22',b'0'),
	(664187107715067904,'add...',664187107673124864,99,0,'2023-03-06 17:35:24',0,'2023-03-06 17:35:24',b'0'),
	(664187112614014976,'facebook-2',664187112584654848,99,0,'2023-03-06 17:35:25',0,'2023-03-06 17:35:25',b'0'),
	(664187112630792192,'facebook-2',664187112584654849,99,0,'2023-03-06 17:35:25',0,'2023-03-06 17:35:25',b'0'),
	(664187113037639680,'google',664187113020862464,99,0,'2023-03-06 17:35:26',0,'2023-03-06 17:35:26',b'0'),
	(664190406111539200,'add...',664190406098956288,99,0,'2023-03-06 17:48:31',0,'2023-03-06 17:48:31',b'0'),
	(664190412080033792,'facebook-2',664190412029702144,99,0,'2023-03-06 17:48:32',0,'2023-03-06 17:48:32',b'0'),
	(664190412101005312,'facebook-2',664190412029702145,99,0,'2023-03-06 17:48:32',0,'2023-03-06 17:48:32',b'0'),
	(664190412663042048,'google',664190412650459136,99,0,'2023-03-06 17:48:32',0,'2023-03-06 17:48:32',b'0'),
	(664191351578963968,'add...',664191351545409536,99,0,'2023-03-06 17:52:16',0,'2023-03-06 17:52:16',b'0'),
	(664191357656510464,'facebook-2',664191357597790208,99,0,'2023-03-06 17:52:18',0,'2023-03-06 17:52:18',b'0'),
	(664191357685870592,'facebook-2',664191357601984512,99,0,'2023-03-06 17:52:18',0,'2023-03-06 17:52:18',b'0'),
	(664191358138855424,'google',664191358109495296,99,0,'2023-03-06 17:52:18',0,'2023-03-06 17:52:18',b'0'),
	(664191535432085504,'add...',664191535402725376,99,0,'2023-03-06 17:53:00',0,'2023-03-06 17:53:00',b'0'),
	(664191552502902784,'facebook-2',664191552481931264,99,0,'2023-03-06 17:53:04',0,'2023-03-06 17:53:04',b'0'),
	(664191552511291392,'facebook-2',664191552481931265,99,0,'2023-03-06 17:53:04',0,'2023-03-06 17:53:04',b'0'),
	(664191552863612928,'google',664191552838447104,99,0,'2023-03-06 17:53:04',0,'2023-03-06 17:53:04',b'0'),
	(664268064702869504,'add...',664268064673509376,99,0,'2023-03-06 22:57:06',0,'2023-03-06 22:57:06',b'0'),
	(664268081836601344,'facebook-2',664268081807241216,99,0,'2023-03-06 22:57:10',0,'2023-03-06 22:57:10',b'0'),
	(664268081882738688,'facebook-2',664268081807241217,99,0,'2023-03-06 22:57:10',0,'2023-03-06 22:57:10',b'0'),
	(664268082247643136,'google',664268082218283008,99,0,'2023-03-06 22:57:10',0,'2023-03-06 22:57:10',b'0'),
	(664988560344023040,'add...',664988560314662912,99,0,'2023-03-08 22:40:05',0,'2023-03-08 22:40:05',b'0'),
	(664988578635382784,'facebook-2',664988578601828352,99,0,'2023-03-08 22:40:10',0,'2023-03-08 22:40:10',b'0'),
	(664988578664742912,'facebook-2',664988578601828353,99,0,'2023-03-08 22:40:10',0,'2023-03-08 22:40:10',b'0'),
	(664988579038035968,'google',664988579025453056,99,0,'2023-03-08 22:40:10',0,'2023-03-08 22:40:10',b'0'),
	(664989067607343104,'add...',664989067590565888,99,0,'2023-03-08 22:42:06',0,'2023-03-08 22:42:06',b'0'),
	(664989085303111680,'facebook-2',664989085273751552,99,0,'2023-03-08 22:42:11',0,'2023-03-08 22:42:11',b'0'),
	(664989085319888896,'facebook-2',664989085273751553,99,0,'2023-03-08 22:42:11',0,'2023-03-08 22:42:11',b'0'),
	(664989085739319296,'google',664989085705764864,99,0,'2023-03-08 22:42:11',0,'2023-03-08 22:42:11',b'0'),
	(665284802689134592,'add...',665284802672357376,99,0,'2023-03-09 18:17:15',0,'2023-03-09 18:17:15',b'0'),
	(665284809207083008,'facebook-2',665284809131585536,99,0,'2023-03-09 18:17:17',0,'2023-03-09 18:17:17',b'0'),
	(665284809228054528,'facebook-2',665284809131585537,99,0,'2023-03-09 18:17:17',0,'2023-03-09 18:17:17',b'0'),
	(665284809655873536,'google',665284809626513408,99,0,'2023-03-09 18:17:17',0,'2023-03-09 18:17:17',b'0'),
	(665291332280938496,'add...',665291332264161280,99,0,'2023-03-09 18:43:12',0,'2023-03-09 18:43:12',b'0'),
	(665291338509479936,'facebook-2',665291338475925504,99,0,'2023-03-09 18:43:13',0,'2023-03-09 18:43:13',b'0'),
	(665291338522062848,'facebook-2',665291338475925505,99,0,'2023-03-09 18:43:13',0,'2023-03-09 18:43:13',b'0'),
	(665291338949881856,'google',665291338920521728,99,0,'2023-03-09 18:43:14',0,'2023-03-09 18:43:14',b'0'),
	(665298005645094912,'add...',665298005615734784,99,0,'2023-03-09 19:09:43',0,'2023-03-09 19:09:43',b'0'),
	(665298011290628096,'facebook-2',665298011240296448,99,0,'2023-03-09 19:09:44',0,'2023-03-09 19:09:44',b'0'),
	(665298011311599616,'facebook-2',665298011240296449,99,0,'2023-03-09 19:09:44',0,'2023-03-09 19:09:44',b'0'),
	(665298011668115456,'google',665298011659726848,99,0,'2023-03-09 19:09:44',0,'2023-03-09 19:09:44',b'0'),
	(665307272284499968,'add...',665307272271917056,99,0,'2023-03-09 19:46:32',0,'2023-03-09 19:46:32',b'0'),
	(665307279184130048,'facebook-2',665307279163158528,99,0,'2023-03-09 19:46:34',0,'2023-03-09 19:46:34',b'0'),
	(665307279200907264,'facebook-2',665307279163158529,99,0,'2023-03-09 19:46:34',0,'2023-03-09 19:46:34',b'0'),
	(665307279553228800,'google',665307279544840192,99,0,'2023-03-09 19:46:34',0,'2023-03-09 19:46:34',b'0'),
	(665308637182324736,'add...',665308637169741824,99,0,'2023-03-09 19:51:58',0,'2023-03-09 19:51:58',b'0'),
	(665308640575516672,'facebook-2',665308640558739456,99,0,'2023-03-09 19:51:59',0,'2023-03-09 19:51:59',b'0'),
	(665308640588099584,'facebook-2',665308640558739457,99,0,'2023-03-09 19:51:59',0,'2023-03-09 19:51:59',b'0'),
	(665308640843952128,'google',665308640839757824,99,0,'2023-03-09 19:51:59',0,'2023-03-09 19:51:59',b'0'),
	(665357291414908928,'add...',665357291398131712,99,0,'2023-03-09 23:05:18',0,'2023-03-09 23:05:18',b'0'),
	(665357297236602880,'facebook-2',665357297215631360,99,0,'2023-03-09 23:05:19',0,'2023-03-09 23:05:19',b'0'),
	(665357297291128832,'facebook-2',665357297215631361,99,0,'2023-03-09 23:05:19',0,'2023-03-09 23:05:19',b'0'),
	(665357297702170624,'google',665357297681199104,99,0,'2023-03-09 23:05:19',0,'2023-03-09 23:05:19',b'0'),
	(665359238721204224,'facebook-2',665359238607958016,99,0,'2023-03-09 23:13:02',0,'2023-03-09 23:13:02',b'0'),
	(665359238737981440,'facebook-2',665359238612152320,99,0,'2023-03-09 23:13:02',0,'2023-03-09 23:13:02',b'0'),
	(665359239564259328,'google',665359239530704896,99,0,'2023-03-09 23:13:02',0,'2023-03-09 23:13:02',b'0'),
	(665359703118737408,'add...',665359703097765888,99,0,'2023-03-09 23:14:53',0,'2023-03-09 23:14:53',b'0'),
	(665359709347278848,'facebook-2',665359709288558592,99,0,'2023-03-09 23:14:54',0,'2023-03-09 23:14:54',b'0'),
	(665359709397610496,'facebook-2',665359709288558593,99,0,'2023-03-09 23:14:54',0,'2023-03-09 23:14:54',b'0'),
	(665359709829623808,'google',665359709808652288,99,0,'2023-03-09 23:14:54',0,'2023-03-09 23:14:54',b'0'),
	(665360711848849408,'add...',665360711815294976,99,0,'2023-03-09 23:18:53',0,'2023-03-09 23:18:53',b'0'),
	(665360718576513024,'facebook-2',665360718547152896,99,0,'2023-03-09 23:18:55',0,'2023-03-09 23:18:55',b'0'),
	(665360718626844672,'facebook-2',665360718547152897,99,0,'2023-03-09 23:18:55',0,'2023-03-09 23:18:55',b'0'),
	(665360719230824448,'google',665360719218241536,99,0,'2023-03-09 23:18:55',0,'2023-03-09 23:18:55',b'0'),
	(665362154404212736,'add...',665362154353881088,99,0,'2023-03-09 23:24:37',0,'2023-03-09 23:24:37',b'0'),
	(665362160980881408,'facebook-2',665362160943132672,99,0,'2023-03-09 23:24:39',0,'2023-03-09 23:24:39',b'0'),
	(665362160997658624,'facebook-2',665362160943132673,99,0,'2023-03-09 23:24:39',0,'2023-03-09 23:24:39',b'0'),
	(665362161530335232,'google',665362161517752320,99,0,'2023-03-09 23:24:39',0,'2023-03-09 23:24:39',b'0'),
	(665363110793605120,'add...',665363110781022208,99,0,'2023-03-09 23:28:25',0,'2023-03-09 23:28:25',b'0'),
	(665363116808237056,'facebook-2',665363116787265536,99,0,'2023-03-09 23:28:27',0,'2023-03-09 23:28:27',b'0'),
	(665363116820819968,'facebook-2',665363116787265537,99,0,'2023-03-09 23:28:27',0,'2023-03-09 23:28:27',b'0'),
	(665363117282193408,'google',665363117257027584,99,0,'2023-03-09 23:28:27',0,'2023-03-09 23:28:27',b'0'),
	(665364348041981952,'add...',665364348029399040,99,0,'2023-03-09 23:33:20',0,'2023-03-09 23:33:20',b'0'),
	(665364351430979584,'facebook-2',665364351414202368,99,0,'2023-03-09 23:33:21',0,'2023-03-09 23:33:21',b'0'),
	(665364351443562496,'facebook-2',665364351414202369,99,0,'2023-03-09 23:33:21',0,'2023-03-09 23:33:21',b'0'),
	(665364351716192256,'google',665364351703609344,99,0,'2023-03-09 23:33:21',0,'2023-03-09 23:33:21',b'0'),
	(665368046327590912,'add...',665368046281453568,99,0,'2023-03-09 23:48:02',0,'2023-03-09 23:48:02',b'0'),
	(665368052677767168,'facebook-2',665368052614852608,99,0,'2023-03-09 23:48:04',0,'2023-03-09 23:48:04',b'0'),
	(665368052694544384,'facebook-2',665368052619046912,99,0,'2023-03-09 23:48:04',0,'2023-03-09 23:48:04',b'0'),
	(665368053151723520,'google',665368053126557696,99,0,'2023-03-09 23:48:04',0,'2023-03-09 23:48:04',b'0'),
	(665369430653431808,'add...',665369430628265984,99,0,'2023-03-09 23:53:32',0,'2023-03-09 23:53:32',b'0'),
	(665369436672258048,'facebook-2',665369436651286528,99,0,'2023-03-09 23:53:33',0,'2023-03-09 23:53:33',b'0'),
	(665369436689035264,'facebook-2',665369436651286529,99,0,'2023-03-09 23:53:33',0,'2023-03-09 23:53:33',b'0'),
	(665369437137825792,'google',665369437116854272,99,0,'2023-03-09 23:53:34',0,'2023-03-09 23:53:34',b'0'),
	(665370861510881280,'add...',665370861494104064,99,0,'2023-03-09 23:59:13',0,'2023-03-09 23:59:13',b'0'),
	(665370867932360704,'facebook-2',665370867907194880,99,0,'2023-03-09 23:59:15',0,'2023-03-09 23:59:15',b'0'),
	(665370867949137920,'facebook-2',665370867907194881,99,0,'2023-03-09 23:59:15',0,'2023-03-09 23:59:15',b'0'),
	(665370868410511360,'google',665370868376956928,99,0,'2023-03-09 23:59:15',0,'2023-03-09 23:59:15',b'0'),
	(665373349509099520,'add...',665373349479739392,99,0,'2023-03-10 00:09:06',0,'2023-03-10 00:09:06',b'0'),
	(665373356396146688,'facebook-2',665373356350009344,99,0,'2023-03-10 00:09:08',0,'2023-03-10 00:09:08',b'0'),
	(665373356412923904,'facebook-2',665373356350009345,99,0,'2023-03-10 00:09:08',0,'2023-03-10 00:09:08',b'0'),
	(665373356723302400,'google',665373356710719488,99,0,'2023-03-10 00:09:08',0,'2023-03-10 00:09:08',b'0'),
	(665384559054974976,'add...',665384559025614848,99,0,'2023-03-10 00:53:39',0,'2023-03-10 00:53:39',b'0'),
	(665384565338042368,'facebook-2',665384565317070848,99,0,'2023-03-10 00:53:40',0,'2023-03-10 00:53:40',b'0'),
	(665384565350625280,'facebook-2',665384565317070849,99,0,'2023-03-10 00:53:40',0,'2023-03-10 00:53:40',b'0'),
	(665384565954605056,'google',665384565933633536,99,0,'2023-03-10 00:53:41',0,'2023-03-10 00:53:41',b'0'),
	(665385234430193664,'add...',665385234396639232,99,0,'2023-03-10 00:56:20',0,'2023-03-10 00:56:20',b'0'),
	(665385254856454144,'facebook-2',665385254827094016,99,0,'2023-03-10 00:56:25',0,'2023-03-10 00:56:25',b'0'),
	(665385254877425664,'facebook-2',665385254827094017,99,0,'2023-03-10 00:56:25',0,'2023-03-10 00:56:25',b'0'),
	(665385255317827584,'google',665385255301050368,99,0,'2023-03-10 00:56:25',0,'2023-03-10 00:56:25',b'0'),
	(665390266424782848,'add...',665390266412199936,99,0,'2023-03-10 01:16:20',0,'2023-03-10 01:16:20',b'0'),
	(665390283508183040,'facebook-2',665390283478822912,99,0,'2023-03-10 01:16:24',0,'2023-03-10 01:16:24',b'0'),
	(665390283520765952,'facebook-2',665390283478822913,99,0,'2023-03-10 01:16:24',0,'2023-03-10 01:16:24',b'0'),
	(665390283902447616,'google',665390283889864704,99,0,'2023-03-10 01:16:24',0,'2023-03-10 01:16:24',b'0'),
	(665506568250355712,'add...',1678409907886,99,0,'2023-03-10 08:58:28',0,'2023-03-10 08:58:28',b'0'),
	(665506568543956992,'add...',665506568531374080,99,0,'2023-03-10 08:58:28',0,'2023-03-10 08:58:28',b'0'),
	(665506585774157824,'facebook-2',665506585748992000,99,0,'2023-03-10 08:58:32',0,'2023-03-10 08:58:32',b'0'),
	(665506585824489472,'facebook-2',665506585748992001,99,0,'2023-03-10 08:58:32',0,'2023-03-10 08:58:32',b'0'),
	(665506586281668608,'google',665506586269085696,99,0,'2023-03-10 08:58:32',0,'2023-03-10 08:58:32',b'0'),
	(665507825228738560,'add...',665507825211961344,99,0,'2023-03-10 09:03:28',0,'2023-03-10 09:03:28',b'0'),
	(665507850826575872,'facebook-2',665507850776244224,99,0,'2023-03-10 09:03:34',0,'2023-03-10 09:03:34',b'0'),
	(665507850851741696,'facebook-2',665507850776244225,99,0,'2023-03-10 09:03:34',0,'2023-03-10 09:03:34',b'0'),
	(665507851241811968,'google',665507851216646144,99,0,'2023-03-10 09:03:34',0,'2023-03-10 09:03:34',b'0'),
	(665531014176600064,'add...',665531014159822848,99,0,'2023-03-10 10:35:37',0,'2023-03-10 10:35:37',b'0'),
	(665531057797361664,'facebook-2',665531057759612928,99,0,'2023-03-10 10:35:47',0,'2023-03-10 10:35:47',b'0'),
	(665531057814138880,'facebook-2',665531057763807232,99,0,'2023-03-10 10:35:47',0,'2023-03-10 10:35:47',b'0'),
	(665531058304872448,'google',665531058288095232,99,0,'2023-03-10 10:35:47',0,'2023-03-10 10:35:47',b'0'),
	(665531658400722944,'facebook-2',665531658291671040,99,0,'2023-03-10 10:38:10',0,'2023-03-10 10:38:10',b'0'),
	(665531658463637504,'facebook-2',665531658295865344,99,0,'2023-03-10 10:38:10',0,'2023-03-10 10:38:10',b'0'),
	(665531660317519872,'google',665531659331858432,99,0,'2023-03-10 10:38:11',0,'2023-03-10 10:38:11',b'0'),
	(665532530362970112,'add...',665532530350387200,99,0,'2023-03-10 10:41:38',0,'2023-03-10 10:41:38',b'0'),
	(665532563653160960,'facebook-2',665532563632189440,99,0,'2023-03-10 10:41:46',0,'2023-03-10 10:41:46',b'0'),
	(665532563665743872,'facebook-2',665532563632189441,99,0,'2023-03-10 10:41:46',0,'2023-03-10 10:41:46',b'0'),
	(665532564043231232,'google',665532564034842624,99,0,'2023-03-10 10:41:46',0,'2023-03-10 10:41:46',b'0'),
	(665532955761864704,'facebook-2',665532955661201408,99,0,'2023-03-10 10:43:19',0,'2023-03-10 10:43:19',b'0'),
	(665532955778641920,'facebook-2',665532955665395712,99,0,'2023-03-10 10:43:19',0,'2023-03-10 10:43:19',b'0'),
	(665532957305368576,'google',665532957284397056,99,0,'2023-03-10 10:43:20',0,'2023-03-10 10:43:20',b'0'),
	(665533086804504576,'add...',665533086787727360,99,0,'2023-03-10 10:43:51',0,'2023-03-10 10:43:51',b'0'),
	(665533093494419456,'facebook-2',665533093469253632,99,0,'2023-03-10 10:43:52',0,'2023-03-10 10:43:52',b'0'),
	(665533093515390976,'facebook-2',665533093469253633,99,0,'2023-03-10 10:43:52',0,'2023-03-10 10:43:52',b'0'),
	(665533093993541632,'google',665533093964181504,99,0,'2023-03-10 10:43:52',0,'2023-03-10 10:43:52',b'0'),
	(665533204328902656,'add...',665533204307931136,99,0,'2023-03-10 10:44:19',0,'2023-03-10 10:44:19',b'0'),
	(665533245781209088,'facebook-2',665533245747654656,99,0,'2023-03-10 10:44:29',0,'2023-03-10 10:44:29',b'0'),
	(665533245802180608,'facebook-2',665533245747654657,99,0,'2023-03-10 10:44:29',0,'2023-03-10 10:44:29',b'0'),
	(665533246280331264,'google',665533246271942656,99,0,'2023-03-10 10:44:29',0,'2023-03-10 10:44:29',b'0'),
	(665533405923930112,'add...',665533405907152896,99,0,'2023-03-10 10:45:07',0,'2023-03-10 10:45:07',b'0'),
	(665533412374769664,'facebook-2',665533412320243712,99,0,'2023-03-10 10:45:08',0,'2023-03-10 10:45:08',b'0'),
	(665533412395741184,'facebook-2',665533412320243713,99,0,'2023-03-10 10:45:08',0,'2023-03-10 10:45:08',b'0'),
	(665533412869697536,'google',665533412836143104,99,0,'2023-03-10 10:45:08',0,'2023-03-10 10:45:08',b'0'),
	(665533539449597952,'add...',665533539424432128,99,0,'2023-03-10 10:45:39',0,'2023-03-10 10:45:39',b'0'),
	(665533592234913792,'facebook-2',665533592167804928,99,0,'2023-03-10 10:45:51',0,'2023-03-10 10:45:51',b'0'),
	(665533592255885312,'facebook-2',665533592167804929,99,0,'2023-03-10 10:45:51',0,'2023-03-10 10:45:51',b'0'),
	(665533592666927104,'google',665533592654344192,99,0,'2023-03-10 10:45:51',0,'2023-03-10 10:45:51',b'0'),
	(665534653649678336,'add...',665534653628706816,99,0,'2023-03-10 10:50:04',0,'2023-03-10 10:50:04',b'0'),
	(665534696859398144,'facebook-2',665534696800677888,99,0,'2023-03-10 10:50:15',0,'2023-03-10 10:50:15',b'0'),
	(665534696876175360,'facebook-2',665534696800677889,99,0,'2023-03-10 10:50:15',0,'2023-03-10 10:50:15',b'0'),
	(665534697345937408,'google',665534697333354496,99,0,'2023-03-10 10:50:15',0,'2023-03-10 10:50:15',b'0'),
	(665534993656737792,'add...',665534993648349184,99,0,'2023-03-10 10:51:25',0,'2023-03-10 10:51:25',b'0'),
	(665535034626699264,'facebook-2',665535034609922048,99,0,'2023-03-10 10:51:35',0,'2023-03-10 10:51:35',b'0'),
	(665535034639282176,'facebook-2',665535034609922049,99,0,'2023-03-10 10:51:35',0,'2023-03-10 10:51:35',b'0'),
	(665535034932883456,'google',665535034920300544,99,0,'2023-03-10 10:51:35',0,'2023-03-10 10:51:35',b'0'),
	(665535341603614720,'add...',665535341591031808,99,0,'2023-03-10 10:52:48',0,'2023-03-10 10:52:48',b'0'),
	(665535384767197184,'facebook-2',665535384733642752,99,0,'2023-03-10 10:52:59',0,'2023-03-10 10:52:59',b'0'),
	(665535384779780096,'facebook-2',665535384733642753,99,0,'2023-03-10 10:52:59',0,'2023-03-10 10:52:59',b'0'),
	(665535385278902272,'google',665535385253736448,99,0,'2023-03-10 10:52:59',0,'2023-03-10 10:52:59',b'0'),
	(665536398098460672,'add...',665536398081683456,99,0,'2023-03-10 10:57:00',0,'2023-03-10 10:57:00',b'0'),
	(665536441794719744,'facebook-2',665536441761165312,99,0,'2023-03-10 10:57:11',0,'2023-03-10 10:57:11',b'0'),
	(665536441811496960,'facebook-2',665536441761165313,99,0,'2023-03-10 10:57:11',0,'2023-03-10 10:57:11',b'0'),
	(665536442197372928,'google',665536442188984320,99,0,'2023-03-10 10:57:11',0,'2023-03-10 10:57:11',b'0'),
	(665538800746786816,'add...',665538800725815296,99,0,'2023-03-10 11:06:33',0,'2023-03-10 11:06:33',b'0'),
	(665538842459140096,'facebook-2',665538842425585664,99,0,'2023-03-10 11:06:43',0,'2023-03-10 11:06:43',b'0'),
	(665538842480111616,'facebook-2',665538842425585665,99,0,'2023-03-10 11:06:43',0,'2023-03-10 11:06:43',b'0'),
	(665538842966650880,'google',665538842958262272,99,0,'2023-03-10 11:06:43',0,'2023-03-10 11:06:43',b'0'),
	(665551731651801088,'add...',665551731635023872,99,0,'2023-03-10 11:57:56',0,'2023-03-10 11:57:56',b'0'),
	(665551767123030016,'facebook-2',665551767060115456,99,0,'2023-03-10 11:58:04',0,'2023-03-10 11:58:04',b'0'),
	(665551767144001536,'facebook-2',665551767060115457,99,0,'2023-03-10 11:58:04',0,'2023-03-10 11:58:04',b'0'),
	(665551767701843968,'google',665551767659900928,99,0,'2023-03-10 11:58:05',0,'2023-03-10 11:58:05',b'0'),
	(665552219306749952,'add...',665552219289972736,99,0,'2023-03-10 11:59:52',0,'2023-03-10 11:59:52',b'0'),
	(665552264953360384,'facebook-2',665552264932388864,99,0,'2023-03-10 12:00:03',0,'2023-03-10 12:00:03',b'0'),
	(665552264965943296,'facebook-2',665552264932388865,99,0,'2023-03-10 12:00:03',0,'2023-03-10 12:00:03',b'0'),
	(665552265527980032,'google',665552265507008512,99,0,'2023-03-10 12:00:03',0,'2023-03-10 12:00:03',b'0'),
	(665555111816228864,'add...',665555111803645952,99,0,'2023-03-10 12:11:22',0,'2023-03-10 12:11:22',b'0'),
	(665555155285995520,'facebook-2',665555155265024000,99,0,'2023-03-10 12:11:32',0,'2023-03-10 12:11:32',b'0'),
	(665555155311161344,'facebook-2',665555155265024001,99,0,'2023-03-10 12:11:32',0,'2023-03-10 12:11:32',b'0'),
	(665555155713814528,'google',665555155705425920,99,0,'2023-03-10 12:11:32',0,'2023-03-10 12:11:32',b'0'),
	(665558215261450240,'add...',665558215244673024,99,0,'2023-03-10 12:23:42',0,'2023-03-10 12:23:42',b'0'),
	(665558260153085952,'facebook-2',665558260115337216,99,0,'2023-03-10 12:23:53',0,'2023-03-10 12:23:53',b'0'),
	(665558260165668864,'facebook-2',665558260115337217,99,0,'2023-03-10 12:23:53',0,'2023-03-10 12:23:53',b'0'),
	(665558260526379008,'google',665558260517990400,99,0,'2023-03-10 12:23:53',0,'2023-03-10 12:23:53',b'0'),
	(665561497253998592,'add...',665561497241415680,99,0,'2023-03-10 12:36:44',0,'2023-03-10 12:36:44',b'0'),
	(665561540010733568,'facebook-2',665561539985567744,99,0,'2023-03-10 12:36:54',0,'2023-03-10 12:36:54',b'0'),
	(665561540044288000,'facebook-2',665561539985567745,99,0,'2023-03-10 12:36:54',0,'2023-03-10 12:36:54',b'0'),
	(665561540484689920,'google',665561540467912704,99,0,'2023-03-10 12:36:55',0,'2023-03-10 12:36:55',b'0'),
	(665561801395564544,'add...',665561801382981632,99,0,'2023-03-10 12:37:57',0,'2023-03-10 12:37:57',b'0'),
	(665561845775495168,'facebook-2',665561845750329344,99,0,'2023-03-10 12:38:07',0,'2023-03-10 12:38:07',b'0'),
	(665561845821632512,'facebook-2',665561845750329345,99,0,'2023-03-10 12:38:07',0,'2023-03-10 12:38:07',b'0'),
	(665561846262034432,'google',665561846253645824,99,0,'2023-03-10 12:38:07',0,'2023-03-10 12:38:07',b'0'),
	(665562692987154432,'add...',665562692970377216,99,0,'2023-03-10 12:41:29',0,'2023-03-10 12:41:29',b'0'),
	(665562737530662912,'facebook-2',665562737501302784,99,0,'2023-03-10 12:41:40',0,'2023-03-10 12:41:40',b'0'),
	(665562737547440128,'facebook-2',665562737501302785,99,0,'2023-03-10 12:41:40',0,'2023-03-10 12:41:40',b'0'),
	(665562737979453440,'google',665562737962676224,99,0,'2023-03-10 12:41:40',0,'2023-03-10 12:41:40',b'0'),
	(665578024720166912,'add...',665578024703389696,99,0,'2023-03-10 13:42:25',0,'2023-03-10 13:42:25',b'0'),
	(665578062032695296,'facebook-2',665578062015918080,99,0,'2023-03-10 13:42:34',0,'2023-03-10 13:42:34',b'0'),
	(665578062057861120,'facebook-2',665578062015918081,99,0,'2023-03-10 13:42:34',0,'2023-03-10 13:42:34',b'0'),
	(665578062418571264,'google',665578062393405440,99,0,'2023-03-10 13:42:34',0,'2023-03-10 13:42:34',b'0'),
	(665578214315290624,'add...',665578214302707712,99,0,'2023-03-10 13:43:10',0,'2023-03-10 13:43:10',b'0'),
	(665578257256574976,'facebook-2',665578257227214848,99,0,'2023-03-10 13:43:20',0,'2023-03-10 13:43:20',b'0'),
	(665578257294323712,'facebook-2',665578257227214849,99,0,'2023-03-10 13:43:20',0,'2023-03-10 13:43:20',b'0'),
	(665578257789251584,'google',665578257780862976,99,0,'2023-03-10 13:43:20',0,'2023-03-10 13:43:20',b'0'),
	(665578475574292480,'add...',665578475347800064,99,0,'2023-03-10 13:44:12',0,'2023-03-10 13:44:12',b'0'),
	(665579085577089024,'add...',665579085417705472,99,0,'2023-03-10 13:46:38',0,'2023-03-10 13:46:38',b'0'),
	(665579143307489280,'facebook-2',665579143106162688,99,0,'2023-03-10 13:46:51',0,'2023-03-10 13:46:51',b'0'),
	(665579143563341824,'facebook-2',665579143106162689,99,0,'2023-03-10 13:46:51',0,'2023-03-10 13:46:51',b'0'),
	(665579144511254528,'google',665579144318316544,99,0,'2023-03-10 13:46:52',0,'2023-03-10 13:46:52',b'0'),
	(665581997581692928,'add...',665581997573304320,99,0,'2023-03-10 13:58:12',0,'2023-03-10 13:58:12',b'0'),
	(665582039495372800,'facebook-2',665582039466012672,99,0,'2023-03-10 13:58:22',0,'2023-03-10 13:58:22',b'0'),
	(665582039512150016,'facebook-2',665582039466012673,99,0,'2023-03-10 13:58:22',0,'2023-03-10 13:58:22',b'0'),
	(665582039990300672,'google',665582039977717760,99,0,'2023-03-10 13:58:22',0,'2023-03-10 13:58:22',b'0'),
	(665591352364396544,'add...',665591352339230720,99,0,'2023-03-10 14:35:22',0,'2023-03-10 14:35:22',b'0'),
	(665591394739449856,'facebook-2',665591394714284032,99,0,'2023-03-10 14:35:32',0,'2023-03-10 14:35:32',b'0'),
	(665591394793975808,'facebook-2',665591394714284033,99,0,'2023-03-10 14:35:32',0,'2023-03-10 14:35:32',b'0'),
	(665591395234377728,'google',665591395205017600,99,0,'2023-03-10 14:35:33',0,'2023-03-10 14:35:33',b'0'),
	(665664268661714944,'add...',665664268628160512,99,0,'2023-03-10 19:25:07',0,'2023-03-10 19:25:07',b'0'),
	(665664308025257984,'facebook-2',665664308004286464,99,0,'2023-03-10 19:25:16',0,'2023-03-10 19:25:16',b'0'),
	(665664308079783936,'facebook-2',665664308004286465,99,0,'2023-03-10 19:25:16',0,'2023-03-10 19:25:16',b'0'),
	(665664308515991552,'google',665664308495020032,99,0,'2023-03-10 19:25:16',0,'2023-03-10 19:25:16',b'0'),
	(665668575582777344,'add...',665668575570194432,99,0,'2023-03-10 19:42:14',0,'2023-03-10 19:42:14',b'0'),
	(665668614556250112,'facebook-2',665668614510112768,99,0,'2023-03-10 19:42:23',0,'2023-03-10 19:42:23',b'0'),
	(665668614581415936,'facebook-2',665668614510112769,99,0,'2023-03-10 19:42:23',0,'2023-03-10 19:42:23',b'0'),
	(665668615021817856,'google',665668615013429248,99,0,'2023-03-10 19:42:23',0,'2023-03-10 19:42:23',b'0'),
	(665670069539336192,'add...',665670069526753280,99,0,'2023-03-10 19:48:10',0,'2023-03-10 19:48:10',b'0'),
	(665670109863374848,'facebook-2',665670109808848896,99,0,'2023-03-10 19:48:20',0,'2023-03-10 19:48:20',b'0'),
	(665670109896929280,'facebook-2',665670109808848897,99,0,'2023-03-10 19:48:20',0,'2023-03-10 19:48:20',b'0'),
	(665670110345719808,'google',665670110333136896,99,0,'2023-03-10 19:48:20',0,'2023-03-10 19:48:20',b'0'),
	(665671437041823744,'add...',665671437025046528,99,0,'2023-03-10 19:53:36',0,'2023-03-10 19:53:36',b'0'),
	(665671477927899136,'facebook-2',665671477885956096,99,0,'2023-03-10 19:53:46',0,'2023-03-10 19:53:46',b'0'),
	(665671477965647872,'facebook-2',665671477885956097,99,0,'2023-03-10 19:53:46',0,'2023-03-10 19:53:46',b'0'),
	(665671478418632704,'google',665671478397661184,99,0,'2023-03-10 19:53:46',0,'2023-03-10 19:53:46',b'0'),
	(665673846686248960,'add...',665673846535254016,99,0,'2023-03-10 20:03:10',0,'2023-03-10 20:03:10',b'0'),
	(665675955691352064,'add...',665675955678769152,99,0,'2023-03-10 20:11:33',0,'2023-03-10 20:11:33',b'0'),
	(665677953123774464,'add...',665677953098608640,99,0,'2023-03-10 20:19:30',0,'2023-03-10 20:19:30',b'0'),
	(665677995897286656,'facebook-2',665677995830177792,99,0,'2023-03-10 20:19:40',0,'2023-03-10 20:19:40',b'0'),
	(665677995972784128,'facebook-2',665677995830177793,99,0,'2023-03-10 20:19:40',0,'2023-03-10 20:19:40',b'0'),
	(665677996492877824,'google',665677996480294912,99,0,'2023-03-10 20:19:40',0,'2023-03-10 20:19:40',b'0'),
	(665689603759435776,'add...',665689603725881344,99,0,'2023-03-10 21:05:47',0,'2023-03-10 21:05:47',b'0'),
	(665689653034119168,'facebook-2',665689652979593216,99,0,'2023-03-10 21:05:59',0,'2023-03-10 21:05:59',b'0'),
	(665689653059284992,'facebook-2',665689652979593217,99,0,'2023-03-10 21:05:59',0,'2023-03-10 21:05:59',b'0'),
	(665689653545824256,'google',665689653537435648,99,0,'2023-03-10 21:05:59',0,'2023-03-10 21:05:59',b'0'),
	(665726140232527872,'add...',665726140215750656,99,0,'2023-03-10 23:30:58',0,'2023-03-10 23:30:58',b'0'),
	(665726183572271104,'facebook-2',665726183513550848,99,0,'2023-03-10 23:31:09',0,'2023-03-10 23:31:09',b'0'),
	(665726183593242624,'facebook-2',665726183513550849,99,0,'2023-03-10 23:31:09',0,'2023-03-10 23:31:09',b'0'),
	(665726184058810368,'google',665726184025255936,99,0,'2023-03-10 23:31:09',0,'2023-03-10 23:31:09',b'0'),
	(665731905710223360,'add...',665731905697640448,99,0,'2023-03-10 23:53:53',0,'2023-03-10 23:53:53',b'0'),
	(665731940795576320,'facebook-2',665731940770410496,99,0,'2023-03-10 23:54:01',0,'2023-03-10 23:54:01',b'0'),
	(665731940812353536,'facebook-2',665731940770410497,99,0,'2023-03-10 23:54:01',0,'2023-03-10 23:54:01',b'0'),
	(665731941185646592,'google',665731941173063680,99,0,'2023-03-10 23:54:01',0,'2023-03-10 23:54:01',b'0'),
	(665733000339681280,'add...',665733000314515456,99,0,'2023-03-10 23:58:14',0,'2023-03-10 23:58:14',b'0'),
	(665733070359392256,'facebook-2',665733070338420736,99,0,'2023-03-10 23:58:31',0,'2023-03-10 23:58:31',b'0'),
	(665733070376169472,'facebook-2',665733070338420737,99,0,'2023-03-10 23:58:31',0,'2023-03-10 23:58:31',b'0'),
	(665733070753656832,'google',665733070745268224,99,0,'2023-03-10 23:58:31',0,'2023-03-10 23:58:31',b'0'),
	(666031603297841152,'add...',666031603281063936,99,0,'2023-03-11 19:44:46',0,'2023-03-11 19:44:46',b'0'),
	(666031611619340288,'facebook-2',666031611594174464,99,0,'2023-03-11 19:44:48',0,'2023-03-11 19:44:48',b'0'),
	(666031611640311808,'facebook-2',666031611594174465,99,0,'2023-03-11 19:44:48',0,'2023-03-11 19:44:48',b'0'),
	(666031612193959936,'google',666031612177182720,99,0,'2023-03-11 19:44:48',0,'2023-03-11 19:44:48',b'0'),
	(666036508154687488,'add...',666036508137910272,99,0,'2023-03-11 20:04:16',0,'2023-03-11 20:04:16',b'0'),
	(666036514035101696,'facebook-2',666036514001547264,99,0,'2023-03-11 20:04:17',0,'2023-03-11 20:04:17',b'0'),
	(666036514047684608,'facebook-2',666036514005741568,99,0,'2023-03-11 20:04:17',0,'2023-03-11 20:04:17',b'0'),
	(666036514395811840,'google',666036514383228928,99,0,'2023-03-11 20:04:17',0,'2023-03-11 20:04:17',b'0'),
	(666637223969460224,'add...',666637223956877312,99,0,'2023-03-13 11:51:18',0,'2023-03-13 11:51:18',b'0'),
	(666637264062812160,'facebook-2',666637264029257728,99,0,'2023-03-13 11:51:27',0,'2023-03-13 11:51:27',b'0'),
	(666637264079589376,'facebook-2',666637264029257729,99,0,'2023-03-13 11:51:27',0,'2023-03-13 11:51:27',b'0'),
	(666637264490631168,'google',666637264473853952,99,0,'2023-03-13 11:51:27',0,'2023-03-13 11:51:27',b'0'),
	(666643793071607808,'add...',666643793025470464,99,0,'2023-03-13 12:17:24',0,'2023-03-13 12:17:24',b'0'),
	(666643833978654720,'facebook-2',666643833928323072,99,0,'2023-03-13 12:17:33',0,'2023-03-13 12:17:33',b'0'),
	(666643833995431936,'facebook-2',666643833928323073,99,0,'2023-03-13 12:17:33',0,'2023-03-13 12:17:33',b'0'),
	(666643834486165504,'google',666643834477776896,99,0,'2023-03-13 12:17:34',0,'2023-03-13 12:17:34',b'0'),
	(666690183084675072,'add...',666690182816239616,99,0,'2023-03-13 15:21:44',0,'2023-03-13 15:21:44',b'0'),
	(666692825793990656,'add...',666692825592664064,99,0,'2023-03-13 15:32:14',0,'2023-03-13 15:32:14',b'0'),
	(666692960737333248,'add...',666692960519229440,99,0,'2023-03-13 15:32:46',0,'2023-03-13 15:32:46',b'0'),
	(666693272344760320,'add...',666693272302817280,99,0,'2023-03-13 15:34:00',0,'2023-03-13 15:34:00',b'0'),
	(666693274873925632,'add...',666693274752290816,99,0,'2023-03-13 15:34:01',0,'2023-03-13 15:34:01',b'0'),
	(666693318205280256,'facebook-2',666693318180114432,99,0,'2023-03-13 15:34:11',0,'2023-03-13 15:34:11',b'0'),
	(666693318213668864,'facebook-2',666693318180114433,99,0,'2023-03-13 15:34:11',0,'2023-03-13 15:34:11',b'0'),
	(666693318545018880,'google',666693318536630272,99,0,'2023-03-13 15:34:12',0,'2023-03-13 15:34:12',b'0'),
	(666788383615389696,'add...',666788383581835264,99,0,'2023-03-13 21:51:57',0,'2023-03-13 21:51:57',b'0'),
	(666788386404601856,'add...',666788386241024000,99,0,'2023-03-13 21:51:57',0,'2023-03-13 21:51:57',b'0'),
	(666788430725812224,'facebook-2',666788430688063488,99,0,'2023-03-13 21:52:08',0,'2023-03-13 21:52:08',b'0'),
	(666788430738395136,'facebook-2',666788430692257792,99,0,'2023-03-13 21:52:08',0,'2023-03-13 21:52:08',b'0'),
	(666788431061356544,'google',666788431052967936,99,0,'2023-03-13 21:52:08',0,'2023-03-13 21:52:08',b'0'),
	(666800804874719232,'add...',666800804853747712,99,0,'2023-03-13 22:41:18',0,'2023-03-13 22:41:18',b'0'),
	(666800807303221248,'add...',666800807143837696,99,0,'2023-03-13 22:41:19',0,'2023-03-13 22:41:19',b'0'),
	(666800849585999872,'facebook-2',666800849569222656,99,0,'2023-03-13 22:41:29',0,'2023-03-13 22:41:29',b'0'),
	(666800849606971392,'facebook-2',666800849569222657,99,0,'2023-03-13 22:41:29',0,'2023-03-13 22:41:29',b'0'),
	(666800849929932800,'google',666800849904766976,99,0,'2023-03-13 22:41:29',0,'2023-03-13 22:41:29',b'0'),
	(666801973143572480,'add...',666801973126795264,99,0,'2023-03-13 22:45:57',0,'2023-03-13 22:45:57',b'0'),
	(666801975521742848,'add...',666801975366553600,99,0,'2023-03-13 22:45:57',0,'2023-03-13 22:45:57',b'0'),
	(666802019276722176,'facebook-2',666802019255750656,99,0,'2023-03-13 22:46:08',0,'2023-03-13 22:46:08',b'0'),
	(666802019289305088,'facebook-2',666802019255750657,99,0,'2023-03-13 22:46:08',0,'2023-03-13 22:46:08',b'0'),
	(666802019650015232,'google',666802019641626624,99,0,'2023-03-13 22:46:08',0,'2023-03-13 22:46:08',b'0'),
	(666810766803898368,'add...',666810766787121152,99,0,'2023-03-13 23:20:53',0,'2023-03-13 23:20:53',b'0'),
	(666810768905244672,'add...',666810768762638336,99,0,'2023-03-13 23:20:54',0,'2023-03-13 23:20:54',b'0'),
	(666810808356868096,'facebook-2',666810808344285184,99,0,'2023-03-13 23:21:03',0,'2023-03-13 23:21:03',b'0'),
	(666810808369451008,'facebook-2',666810808344285185,99,0,'2023-03-13 23:21:03',0,'2023-03-13 23:21:03',b'0'),
	(666810808608526336,'google',666810808600137728,99,0,'2023-03-13 23:21:03',0,'2023-03-13 23:21:03',b'0'),
	(666816479647272960,'add...',666816479634690048,99,0,'2023-03-13 23:43:35',0,'2023-03-13 23:43:35',b'0'),
	(666816480964284416,'add...',666816480859426816,99,0,'2023-03-13 23:43:36',0,'2023-03-13 23:43:36',b'0'),
	(666816521783250944,'facebook-2',666816521758085120,99,0,'2023-03-13 23:43:45',0,'2023-03-13 23:43:45',b'0'),
	(666816521791639552,'facebook-2',666816521758085121,99,0,'2023-03-13 23:43:45',0,'2023-03-13 23:43:45',b'0'),
	(666816522097823744,'google',666816522089435136,99,0,'2023-03-13 23:43:46',0,'2023-03-13 23:43:46',b'0'),
	(666817098177089536,'add...',666817098147729408,99,0,'2023-03-13 23:46:03',0,'2023-03-13 23:46:03',b'0'),
	(666817100647534592,'add...',666817100429430784,99,0,'2023-03-13 23:46:03',0,'2023-03-13 23:46:03',b'0'),
	(666817143832088576,'facebook-2',666817143815311360,99,0,'2023-03-13 23:46:14',0,'2023-03-13 23:46:14',b'0'),
	(666817143844671488,'facebook-2',666817143815311361,99,0,'2023-03-13 23:46:14',0,'2023-03-13 23:46:14',b'0'),
	(666817144167632896,'google',666817144159244288,99,0,'2023-03-13 23:46:14',0,'2023-03-13 23:46:14',b'0'),
	(667003295918747648,'facebook-2',667003295679672320,99,0,'2023-03-14 12:05:56',0,'2023-03-14 12:07:11',b'0'),
	(667003295948107776,'facebook-2',667003295688060928,99,0,'2023-03-14 12:05:56',0,'2023-03-14 12:05:56',b'0'),
	(667039018021580800,'facebook-2',667039017908334592,99,0,'2023-03-14 14:27:53',0,'2023-03-14 14:28:30',b'0'),
	(667040173246148608,'add...',667040173220982784,99,0,'2023-03-14 14:32:28',0,'2023-03-14 14:32:28',b'0'),
	(667040175800479744,'add...',667040175641096192,99,0,'2023-03-14 14:32:29',0,'2023-03-14 14:32:29',b'0'),
	(667040223720402944,'facebook-2',667040223695237120,99,0,'2023-03-14 14:32:40',0,'2023-03-14 14:32:40',b'0'),
	(667040223732985856,'facebook-2',667040223695237121,99,0,'2023-03-14 14:32:40',0,'2023-03-14 14:32:40',b'0'),
	(667040224089501696,'google',667040224081113088,99,0,'2023-03-14 14:32:40',0,'2023-03-14 14:32:40',b'0'),
	(667042371698978816,'add...',667042371678007296,99,0,'2023-03-14 14:41:12',0,'2023-03-14 14:41:12',b'0'),
	(667042374744043520,'add...',667042374567882752,99,0,'2023-03-14 14:41:13',0,'2023-03-14 14:41:13',b'0'),
	(667042418620657664,'facebook-2',667042418608074752,99,0,'2023-03-14 14:41:23',0,'2023-03-14 14:41:23',b'0'),
	(667042418633240576,'facebook-2',667042418608074753,99,0,'2023-03-14 14:41:23',0,'2023-03-14 14:41:23',b'0'),
	(667042418968784896,'google',667042418964590592,99,0,'2023-03-14 14:41:24',0,'2023-03-14 14:41:24',b'0'),
	(667043208332603392,'add...',667043208320020480,99,0,'2023-03-14 14:44:32',0,'2023-03-14 14:44:32',b'0'),
	(667043210702385152,'add...',667043210530418688,99,0,'2023-03-14 14:44:32',0,'2023-03-14 14:44:32',b'0'),
	(667043218797391872,'facebook-2',667043218780614656,99,0,'2023-03-14 14:44:34',0,'2023-03-14 14:44:34',b'0'),
	(667043218814169088,'facebook-2',667043218780614657,99,0,'2023-03-14 14:44:34',0,'2023-03-14 14:44:34',b'0'),
	(667043219174879232,'google',667043219158102016,99,0,'2023-03-14 14:44:34',0,'2023-03-14 14:44:34',b'0'),
	(667043486867943424,'add...',667043486851166208,99,0,'2023-03-14 14:45:38',0,'2023-03-14 14:45:38',b'0'),
	(667043489845899264,'add...',667043489636184064,99,0,'2023-03-14 14:45:39',0,'2023-03-14 14:45:39',b'0'),
	(667043497685053440,'facebook-2',667043497664081920,99,0,'2023-03-14 14:45:41',0,'2023-03-14 14:45:41',b'0'),
	(667043497693442048,'facebook-2',667043497668276224,99,0,'2023-03-14 14:45:41',0,'2023-03-14 14:45:41',b'0'),
	(667043498041569280,'google',667043498028986368,99,0,'2023-03-14 14:45:41',0,'2023-03-14 14:45:41',b'0'),
	(667043608309821440,'add...',667043608276267008,99,0,'2023-03-14 14:46:07',0,'2023-03-14 14:46:07',b'0'),
	(667043611283582976,'add...',667043611107422208,99,0,'2023-03-14 14:46:08',0,'2023-03-14 14:46:08',b'0'),
	(667043618854301696,'facebook-2',667043618829135872,99,0,'2023-03-14 14:46:10',0,'2023-03-14 14:46:10',b'0'),
	(667043618866884608,'facebook-2',667043618829135873,99,0,'2023-03-14 14:46:10',0,'2023-03-14 14:46:10',b'0'),
	(667043619248566272,'google',667043619219206144,99,0,'2023-03-14 14:46:10',0,'2023-03-14 14:46:10',b'0'),
	(667045653783801856,'add...',667045653771218944,99,0,'2023-03-14 14:54:15',0,'2023-03-14 14:54:15',b'0'),
	(667045656510099456,'add...',667045656296189952,99,0,'2023-03-14 14:54:15',0,'2023-03-14 14:54:15',b'0'),
	(667045664533803008,'facebook-2',667045664496054272,99,0,'2023-03-14 14:54:17',0,'2023-03-14 14:54:17',b'0'),
	(667045664558968832,'facebook-2',667045664496054273,99,0,'2023-03-14 14:54:17',0,'2023-03-14 14:54:17',b'0'),
	(667045665007759360,'google',667045664986787840,99,0,'2023-03-14 14:54:17',0,'2023-03-14 14:54:17',b'0'),
	(667046079736344576,'add...',667046079715373056,99,0,'2023-03-14 14:55:56',0,'2023-03-14 14:55:56',b'0'),
	(667046082353590272,'add...',667046082198401024,99,0,'2023-03-14 14:55:57',0,'2023-03-14 14:55:57',b'0'),
	(667046090691866624,'facebook-2',667046090654117888,99,0,'2023-03-14 14:55:59',0,'2023-03-14 14:55:59',b'0'),
	(667046090738003968,'facebook-2',667046090654117889,99,0,'2023-03-14 14:55:59',0,'2023-03-14 14:55:59',b'0'),
	(667046091174211584,'google',667046091161628672,99,0,'2023-03-14 14:55:59',0,'2023-03-14 14:55:59',b'0'),
	(667046311899459584,'add...',667046311865905152,99,0,'2023-03-14 14:56:52',0,'2023-03-14 14:56:52',b'0'),
	(667046314780946432,'add...',667046314655117312,99,0,'2023-03-14 14:56:52',0,'2023-03-14 14:56:52',b'0'),
	(667046323584790528,'facebook-2',667046323559624704,99,0,'2023-03-14 14:56:54',0,'2023-03-14 14:56:54',b'0'),
	(667046323605762048,'facebook-2',667046323559624705,99,0,'2023-03-14 14:56:54',0,'2023-03-14 14:56:54',b'0'),
	(667046324033581056,'google',667046324012609536,99,0,'2023-03-14 14:56:55',0,'2023-03-14 14:56:55',b'0'),
	(667057241286799360,'add...',667057241265827840,99,0,'2023-03-14 15:40:17',0,'2023-03-14 15:40:17',b'0'),
	(667057243908239360,'add...',667057243761438720,99,0,'2023-03-14 15:40:18',0,'2023-03-14 15:40:18',b'0'),
	(667057287768076288,'facebook-2',667057287751299072,99,0,'2023-03-14 15:40:29',0,'2023-03-14 15:40:29',b'0'),
	(667057287776464896,'facebook-2',667057287751299073,99,0,'2023-03-14 15:40:29',0,'2023-03-14 15:40:29',b'0'),
	(667057288170729472,'google',667057288149757952,99,0,'2023-03-14 15:40:29',0,'2023-03-14 15:40:29',b'0'),
	(667080907626147840,'add...',667080907605176320,99,0,'2023-03-14 17:14:20',0,'2023-03-14 17:14:20',b'0'),
	(667080910918676480,'add...',667080910738321408,99,0,'2023-03-14 17:14:21',0,'2023-03-14 17:14:21',b'0'),
	(667080918090936320,'facebook-2',667080918069964800,99,0,'2023-03-14 17:14:22',0,'2023-03-14 17:14:22',b'0'),
	(667080918111907840,'facebook-2',667080918069964801,99,0,'2023-03-14 17:14:22',0,'2023-03-14 17:14:22',b'0'),
	(667080918522949632,'google',667080918497783808,99,0,'2023-03-14 17:14:23',0,'2023-03-14 17:14:23',b'0'),
	(667081431167561728,'add...',667081431142395904,99,0,'2023-03-14 17:16:25',0,'2023-03-14 17:16:25',b'0'),
	(667081433730281472,'add...',667081433549926400,99,0,'2023-03-14 17:16:25',0,'2023-03-14 17:16:25',b'0'),
	(667081440868986880,'facebook-2',667081440743157760,99,0,'2023-03-14 17:16:27',0,'2023-03-14 17:16:27',b'0'),
	(667081440881569792,'facebook-2',667081440743157761,99,0,'2023-03-14 17:16:27',0,'2023-03-14 17:16:27',b'0'),
	(667081441326166016,'google',667081441292611584,99,0,'2023-03-14 17:16:27',0,'2023-03-14 17:16:27',b'0'),
	(667112071791407104,'add...',667112071778824192,99,0,'2023-03-14 19:18:10',0,'2023-03-14 19:18:10',b'0'),
	(667112074387681280,'add...',667112074228297728,99,0,'2023-03-14 19:18:11',0,'2023-03-14 19:18:11',b'0'),
	(667112119191236608,'facebook-2',667112119174459392,99,0,'2023-03-14 19:18:21',0,'2023-03-14 19:18:21',b'0'),
	(667112119212208128,'facebook-2',667112119174459393,99,0,'2023-03-14 19:18:21',0,'2023-03-14 19:18:21',b'0'),
	(667112119602278400,'google',667112119589695488,99,0,'2023-03-14 19:18:21',0,'2023-03-14 19:18:21',b'0'),
	(667112584637345792,'add...',667112584612179968,99,0,'2023-03-14 19:20:12',0,'2023-03-14 19:20:12',b'0'),
	(667112587137150976,'add...',667112586973573120,99,0,'2023-03-14 19:20:13',0,'2023-03-14 19:20:13',b'0'),
	(667112629654810624,'facebook-2',667112629633839104,99,0,'2023-03-14 19:20:23',0,'2023-03-14 19:20:23',b'0'),
	(667112629667393536,'facebook-2',667112629633839105,99,0,'2023-03-14 19:20:23',0,'2023-03-14 19:20:23',b'0'),
	(667112630011326464,'google',667112629981966336,99,0,'2023-03-14 19:20:23',0,'2023-03-14 19:20:23',b'0'),
	(667113104114479104,'facebook-2',667113103997038592,99,0,'2023-03-14 19:22:16',0,'2023-03-14 19:22:16',b'0'),
	(667113104135450624,'facebook-2',667113104001232896,99,0,'2023-03-14 19:22:16',0,'2023-03-14 19:22:16',b'0'),
	(667113105024643072,'google',667113105007865856,99,0,'2023-03-14 19:22:16',0,'2023-03-14 19:22:16',b'0'),
	(667113220741296128,'add...',667113220728713216,99,0,'2023-03-14 19:22:44',0,'2023-03-14 19:22:44',b'0'),
	(667113223291432960,'add...',667113223098494976,99,0,'2023-03-14 19:22:45',0,'2023-03-14 19:22:45',b'0'),
	(667113231143170048,'facebook-2',667113231122198528,99,0,'2023-03-14 19:22:46',0,'2023-03-14 19:22:46',b'0'),
	(667113231155752960,'facebook-2',667113231122198529,99,0,'2023-03-14 19:22:46',0,'2023-03-14 19:22:46',b'0'),
	(667113231550017536,'google',667113231533240320,99,0,'2023-03-14 19:22:47',0,'2023-03-14 19:22:47',b'0'),
	(667113329264717824,'add...',667113329243746304,99,0,'2023-03-14 19:23:10',0,'2023-03-14 19:23:10',b'0'),
	(667113332162981888,'add...',667113331957460992,99,0,'2023-03-14 19:23:11',0,'2023-03-14 19:23:11',b'0'),
	(667113377100754944,'facebook-2',667113377088172032,99,0,'2023-03-14 19:23:21',0,'2023-03-14 19:23:21',b'0'),
	(667113377113337856,'facebook-2',667113377088172033,99,0,'2023-03-14 19:23:21',0,'2023-03-14 19:23:21',b'0'),
	(667113377499213824,'google',667113377474048000,99,0,'2023-03-14 19:23:21',0,'2023-03-14 19:23:21',b'0'),
	(667113471929774080,'add...',667113471921385472,99,0,'2023-03-14 19:23:44',0,'2023-03-14 19:23:44',b'0'),
	(667113474471522304,'add...',667113474295361536,99,0,'2023-03-14 19:23:44',0,'2023-03-14 19:23:44',b'0'),
	(667113516397785088,'facebook-2',667113516376813568,99,0,'2023-03-14 19:23:54',0,'2023-03-14 19:23:54',b'0'),
	(667113516406173696,'facebook-2',667113516376813569,99,0,'2023-03-14 19:23:54',0,'2023-03-14 19:23:54',b'0'),
	(667113516750106624,'google',667113516733329408,99,0,'2023-03-14 19:23:55',0,'2023-03-14 19:23:55',b'0'),
	(667195355527409664,'add...',667195355506438144,99,0,'2023-03-15 00:49:06',0,'2023-03-15 00:49:06',b'0'),
	(667195358035603456,'add...',667195357880414208,99,0,'2023-03-15 00:49:07',0,'2023-03-15 00:49:07',b'0'),
	(667195402474254336,'facebook-2',667195402436505600,99,0,'2023-03-15 00:49:18',0,'2023-03-15 00:49:18',b'0'),
	(667195402482642944,'facebook-2',667195402436505601,99,0,'2023-03-15 00:49:18',0,'2023-03-15 00:49:18',b'0'),
	(667195402885296128,'google',667195402872713216,99,0,'2023-03-15 00:49:18',0,'2023-03-15 00:49:18',b'0'),
	(667228107064766464,'add...',667228107052183552,99,0,'2023-03-15 02:59:15',0,'2023-03-15 02:59:15',b'0'),
	(667228110013362176,'add...',667228109837201408,99,0,'2023-03-15 02:59:16',0,'2023-03-15 02:59:16',b'0'),
	(667228157539020800,'facebook-2',667228157488689152,99,0,'2023-03-15 02:59:27',0,'2023-03-15 02:59:27',b'0'),
	(667228157559992320,'facebook-2',667228157488689153,99,0,'2023-03-15 02:59:27',0,'2023-03-15 02:59:27',b'0'),
	(667228157924896768,'google',667228157899730944,99,0,'2023-03-15 02:59:27',0,'2023-03-15 02:59:27',b'0'),
	(667440639843004416,'add...',667440639830421504,99,0,'2023-03-15 17:03:47',0,'2023-03-15 17:03:47',b'0'),
	(667440642422501376,'add...',667440642263117824,99,0,'2023-03-15 17:03:47',0,'2023-03-15 17:03:47',b'0'),
	(667440686701768704,'facebook-2',667440686684991488,99,0,'2023-03-15 17:03:58',0,'2023-03-15 17:03:58',b'0'),
	(667440686714351616,'facebook-2',667440686684991489,99,0,'2023-03-15 17:03:58',0,'2023-03-15 17:03:58',b'0'),
	(667440686978592768,'google',667440686966009856,99,0,'2023-03-15 17:03:58',0,'2023-03-15 17:03:58',b'0'),
	(667473107484700672,'add...',667473107467923456,99,0,'2023-03-15 19:12:48',0,'2023-03-15 19:12:48',b'0'),
	(667473109963534336,'add...',667473109850288128,99,0,'2023-03-15 19:12:48',0,'2023-03-15 19:12:48',b'0'),
	(667473154628677632,'facebook-2',667473154611900416,99,0,'2023-03-15 19:12:59',0,'2023-03-15 19:12:59',b'0'),
	(667473154637066240,'facebook-2',667473154616094720,99,0,'2023-03-15 19:12:59',0,'2023-03-15 19:12:59',b'0'),
	(667473155001970688,'google',667473154989387776,99,0,'2023-03-15 19:12:59',0,'2023-03-15 19:12:59',b'0'),
	(667477261645017088,'add...',667477261624045568,99,0,'2023-03-15 19:29:18',0,'2023-03-15 19:29:18',b'0'),
	(667477264643944448,'add...',667477264476172288,99,0,'2023-03-15 19:29:19',0,'2023-03-15 19:29:19',b'0'),
	(667477311959887872,'facebook-2',667477311934722048,99,0,'2023-03-15 19:29:30',0,'2023-03-15 19:29:30',b'0'),
	(667477311968276480,'facebook-2',667477311934722049,99,0,'2023-03-15 19:29:30',0,'2023-03-15 19:29:30',b'0'),
	(667477312287043584,'google',667477312278654976,99,0,'2023-03-15 19:29:30',0,'2023-03-15 19:29:30',b'0'),
	(667684115780272128,'add...',667684115767689216,99,0,'2023-03-16 09:11:16',0,'2023-03-16 09:11:16',b'0'),
	(667684117327970304,'add...',667684117227307008,99,0,'2023-03-16 09:11:16',0,'2023-03-16 09:11:16',b'0'),
	(667684161061978112,'facebook-2',667684161045200896,99,0,'2023-03-16 09:11:27',0,'2023-03-16 09:11:27',b'0'),
	(667684161074561024,'facebook-2',667684161045200897,99,0,'2023-03-16 09:11:27',0,'2023-03-16 09:11:27',b'0'),
	(667684161359773696,'google',667684161351385088,99,0,'2023-03-16 09:11:27',0,'2023-03-16 09:11:27',b'0'),
	(667700899895902208,'add...',667700899862347776,99,0,'2023-03-16 10:17:58',0,'2023-03-16 10:17:58',b'0'),
	(667700902433456128,'add...',667700902265683968,99,0,'2023-03-16 10:17:58',0,'2023-03-16 10:17:58',b'0'),
	(667700949833285632,'facebook-2',667700949803925504,99,0,'2023-03-16 10:18:10',0,'2023-03-16 10:18:10',b'0'),
	(667700949845868544,'facebook-2',667700949803925505,99,0,'2023-03-16 10:18:10',0,'2023-03-16 10:18:10',b'0'),
	(667700950227550208,'google',667700950214967296,99,0,'2023-03-16 10:18:10',0,'2023-03-16 10:18:10',b'0'),
	(667718790980632576,'add...',667718790968049664,99,0,'2023-03-16 11:29:03',0,'2023-03-16 11:29:03',b'0'),
	(667718792641576960,'add...',667718792519942144,99,0,'2023-03-16 11:29:04',0,'2023-03-16 11:29:04',b'0'),
	(667718846374805504,'facebook-2',667718846320279552,99,0,'2023-03-16 11:29:16',0,'2023-03-16 11:29:16',b'0'),
	(667718846395777024,'facebook-2',667718846324473856,99,0,'2023-03-16 11:29:16',0,'2023-03-16 11:29:16',b'0'),
	(667718846811013120,'google',667718846798430208,99,0,'2023-03-16 11:29:17',0,'2023-03-16 11:29:17',b'0'),
	(667743881126805504,'add...',667743881105833984,99,0,'2023-03-16 13:08:45',0,'2023-03-16 13:08:45',b'0'),
	(667743883811160064,'add...',667743883597250560,99,0,'2023-03-16 13:08:46',0,'2023-03-16 13:08:46',b'0'),
	(667743938307751936,'facebook-2',667743938286780416,99,0,'2023-03-16 13:08:59',0,'2023-03-16 13:08:59',b'0'),
	(667743938332917760,'facebook-2',667743938286780417,99,0,'2023-03-16 13:08:59',0,'2023-03-16 13:08:59',b'0'),
	(667743938769125376,'google',667743938756542464,99,0,'2023-03-16 13:08:59',0,'2023-03-16 13:08:59',b'0'),
	(667744615415218176,'add...',667744615381663744,99,0,'2023-03-16 13:11:40',0,'2023-03-16 13:11:40',b'0'),
	(667744618258956288,'add...',667744618082795520,99,0,'2023-03-16 13:11:41',0,'2023-03-16 13:11:41',b'0'),
	(667744675322462208,'facebook-2',667744675297296384,99,0,'2023-03-16 13:11:55',0,'2023-03-16 13:11:55',b'0'),
	(667744675343433728,'facebook-2',667744675301490688,99,0,'2023-03-16 13:11:55',0,'2023-03-16 13:11:55',b'0'),
	(667744675809001472,'google',667744675792224256,99,0,'2023-03-16 13:11:55',0,'2023-03-16 13:11:55',b'0'),
	(667744971947835392,'add...',667744971897503744,99,0,'2023-03-16 13:13:05',0,'2023-03-16 13:13:05',b'0'),
	(667744974846099456,'add...',667744974653161472,99,0,'2023-03-16 13:13:06',0,'2023-03-16 13:13:06',b'0'),
	(667744982605561856,'facebook-2',667744982584590336,99,0,'2023-03-16 13:13:08',0,'2023-03-16 13:13:08',b'0'),
	(667744982618144768,'facebook-2',667744982588784640,99,0,'2023-03-16 13:13:08',0,'2023-03-16 13:13:08',b'0'),
	(667744983087906816,'google',667744983058546688,99,0,'2023-03-16 13:13:08',0,'2023-03-16 13:13:08',b'0'),
	(667751911432192000,'add...',667751911398637568,99,0,'2023-03-16 13:40:40',0,'2023-03-16 13:40:40',b'0'),
	(667751913785196544,'add...',667751913583869952,99,0,'2023-03-16 13:40:40',0,'2023-03-16 13:40:40',b'0'),
	(667751957947023360,'facebook-2',667751957875720192,99,0,'2023-03-16 13:40:51',0,'2023-03-16 13:40:51',b'0'),
	(667751957955411968,'facebook-2',667751957875720193,99,0,'2023-03-16 13:40:51',0,'2023-03-16 13:40:51',b'0'),
	(667751958269984768,'google',667751958261596160,99,0,'2023-03-16 13:40:51',0,'2023-03-16 13:40:51',b'0'),
	(667766273513422848,'add...',667766273500839936,99,0,'2023-03-16 14:37:44',0,'2023-03-16 14:37:44',b'0'),
	(667766275795124224,'add...',667766275631546368,99,0,'2023-03-16 14:37:44',0,'2023-03-16 14:37:44',b'0'),
	(667766319017426944,'facebook-2',667766318996455424,99,0,'2023-03-16 14:37:55',0,'2023-03-16 14:37:55',b'0'),
	(667766319025815552,'facebook-2',667766318996455425,99,0,'2023-03-16 14:37:55',0,'2023-03-16 14:37:55',b'0'),
	(667766319319416832,'google',667766319311028224,99,0,'2023-03-16 14:37:55',0,'2023-03-16 14:37:55',b'0'),
	(670488901562974208,'add...',1679597788836,99,0,'2023-03-24 02:56:29',0,'2023-03-24 02:56:29',b'0'),
	(670488901642665984,'add...',670488901625888768,99,0,'2023-03-24 02:56:29',0,'2023-03-24 02:56:29',b'0'),
	(670488902628327424,'add...',670488902590578688,99,0,'2023-03-24 02:56:29',0,'2023-03-24 02:56:29',b'0'),
	(670488922387693568,'facebook-2',670488922366722048,99,0,'2023-03-24 02:56:34',0,'2023-03-24 02:56:34',b'0'),
	(670488922396082176,'facebook-2',670488922366722049,99,0,'2023-03-24 02:56:34',0,'2023-03-24 02:56:34',b'0'),
	(670488922530299904,'google',670488922521911296,99,0,'2023-03-24 02:56:34',0,'2023-03-24 02:56:34',b'0'),
	(670596403117998080,'add...',670596403105415168,99,0,'2023-03-24 10:03:39',0,'2023-03-24 10:03:39',b'0'),
	(670596404309180416,'add...',670596404271431680,99,0,'2023-03-24 10:03:40',0,'2023-03-24 10:03:40',b'0'),
	(670596407563960320,'facebook-2',670596407522017280,99,0,'2023-03-24 10:03:40',0,'2023-03-24 10:03:40',b'0'),
	(670596407576543232,'facebook-2',670596407522017281,99,0,'2023-03-24 10:03:40',0,'2023-03-24 10:03:40',b'0'),
	(670596407673012224,'google',670596407664623616,99,0,'2023-03-24 10:03:40',0,'2023-03-24 10:03:40',b'0'),
	(670599871505416192,'add...',670599871497027584,99,0,'2023-03-24 10:17:26',0,'2023-03-24 10:17:26',b'0'),
	(670599872608518144,'add...',670599872558186496,99,0,'2023-03-24 10:17:27',0,'2023-03-24 10:17:27',b'0'),
	(670599904535560192,'facebook-2',670599904522977280,99,0,'2023-03-24 10:17:34',0,'2023-03-24 10:17:34',b'0'),
	(670599904543948800,'facebook-2',670599904522977281,99,0,'2023-03-24 10:17:34',0,'2023-03-24 10:17:34',b'0'),
	(670599904606863360,'google',670599904590086144,99,0,'2023-03-24 10:17:34',0,'2023-03-24 10:17:34',b'0'),
	(670600212498137088,'add...',670600212489748480,99,0,'2023-03-24 10:18:48',0,'2023-03-24 10:18:48',b'0'),
	(670600213689319424,'add...',670600213643182080,99,0,'2023-03-24 10:18:48',0,'2023-03-24 10:18:48',b'0'),
	(670600243183665152,'facebook-2',670600243171082240,99,0,'2023-03-24 10:18:55',0,'2023-03-24 10:18:55',b'0'),
	(670600243192053760,'facebook-2',670600243171082241,99,0,'2023-03-24 10:18:55',0,'2023-03-24 10:18:55',b'0'),
	(670600243267551232,'google',670600243250774016,99,0,'2023-03-24 10:18:55',0,'2023-03-24 10:18:55',b'0'),
	(670600344572575744,'add...',670600344564187136,99,0,'2023-03-24 10:19:19',0,'2023-03-24 10:19:19',b'0'),
	(670600345642123264,'add...',670600345604374528,99,0,'2023-03-24 10:19:19',0,'2023-03-24 10:19:19',b'0'),
	(670600365485375488,'facebook-2',670600365468598272,99,0,'2023-03-24 10:19:24',0,'2023-03-24 10:19:24',b'0'),
	(670600365489569792,'facebook-2',670600365468598273,99,0,'2023-03-24 10:19:24',0,'2023-03-24 10:19:24',b'0'),
	(670600365569261568,'google',670600365548290048,99,0,'2023-03-24 10:19:24',0,'2023-03-24 10:19:24',b'0'),
	(670600679735214080,'add...',670600679726825472,99,0,'2023-03-24 10:20:39',0,'2023-03-24 10:20:39',b'0'),
	(670600680796372992,'add...',670600680750235648,99,0,'2023-03-24 10:20:39',0,'2023-03-24 10:20:39',b'0'),
	(670600709216976896,'facebook-2',670600709208588288,99,0,'2023-03-24 10:20:46',0,'2023-03-24 10:20:46',b'0'),
	(670600709225365504,'facebook-2',670600709208588289,99,0,'2023-03-24 10:20:46',0,'2023-03-24 10:20:46',b'0'),
	(670600709296668672,'google',670600709288280064,99,0,'2023-03-24 10:20:46',0,'2023-03-24 10:20:46',b'0'),
	(670601616071639040,'add...',670601616063250432,99,0,'2023-03-24 10:24:22',0,'2023-03-24 10:24:22',b'0'),
	(670601617497702400,'add...',670601617438982144,99,0,'2023-03-24 10:24:23',0,'2023-03-24 10:24:23',b'0'),
	(670601660183134208,'facebook-2',670601660170551296,99,0,'2023-03-24 10:24:33',0,'2023-03-24 10:24:33',b'0'),
	(670601660187328512,'facebook-2',670601660170551297,99,0,'2023-03-24 10:24:33',0,'2023-03-24 10:24:33',b'0'),
	(670601660258631680,'google',670601660254437376,99,0,'2023-03-24 10:24:33',0,'2023-03-24 10:24:33',b'0'),
	(670610082387509248,'add...',670610082379120640,99,0,'2023-03-24 10:58:01',0,'2023-03-24 10:58:01',b'0'),
	(670610083570302976,'add...',670610083515777024,99,0,'2023-03-24 10:58:01',0,'2023-03-24 10:58:01',b'0'),
	(670610127136538624,'facebook-2',670610127061041152,99,0,'2023-03-24 10:58:11',0,'2023-03-24 10:58:11',b'0'),
	(670610127153315840,'facebook-2',670610127061041153,99,0,'2023-03-24 10:58:11',0,'2023-03-24 10:58:11',b'0'),
	(670610127325282304,'google',670610127316893696,99,0,'2023-03-24 10:58:11',0,'2023-03-24 10:58:11',b'0'),
	(670613220377018368,'add...',670613220368629760,99,0,'2023-03-24 11:10:29',0,'2023-03-24 11:10:29',b'0'),
	(670613221861801984,'add...',670613221790498816,99,0,'2023-03-24 11:10:29',0,'2023-03-24 11:10:29',b'0'),
	(670613263469297664,'facebook-2',670613263444131840,99,0,'2023-03-24 11:10:39',0,'2023-03-24 11:10:39',b'0'),
	(670613263473491968,'facebook-2',670613263444131841,99,0,'2023-03-24 11:10:39',0,'2023-03-24 11:10:39',b'0'),
	(670613263540600832,'google',670613263536406528,99,0,'2023-03-24 11:10:39',0,'2023-03-24 11:10:39',b'0'),
	(670613596597698560,'add...',670613596589309952,99,0,'2023-03-24 11:11:59',0,'2023-03-24 11:11:59',b'0'),
	(670613597960847360,'add...',670613597881155584,99,0,'2023-03-24 11:11:59',0,'2023-03-24 11:11:59',b'0'),
	(670613638293274624,'facebook-2',670613638263914496,99,0,'2023-03-24 11:12:09',0,'2023-03-24 11:12:09',b'0'),
	(670613638301663232,'facebook-2',670613638263914497,99,0,'2023-03-24 11:12:09',0,'2023-03-24 11:12:09',b'0'),
	(670613638364577792,'google',670613638360383488,99,0,'2023-03-24 11:12:09',0,'2023-03-24 11:12:09',b'0'),
	(670620488216657920,'add...',670620488204075008,99,0,'2023-03-24 11:39:22',0,'2023-03-24 11:39:22',b'0'),
	(670620489323954176,'add...',670620489282011136,99,0,'2023-03-24 11:39:22',0,'2023-03-24 11:39:22',b'0'),
	(670620532516896768,'facebook-2',670620532487536640,99,0,'2023-03-24 11:39:32',0,'2023-03-24 11:39:32',b'0'),
	(670620532525285376,'facebook-2',670620532487536641,99,0,'2023-03-24 11:39:32',0,'2023-03-24 11:39:32',b'0'),
	(670620532592394240,'google',670620532588199936,99,0,'2023-03-24 11:39:32',0,'2023-03-24 11:39:32',b'0'),
	(671154126578565120,'add...',671154126565982208,99,0,'2023-03-25 22:59:51',0,'2023-03-25 22:59:51',b'0'),
	(671154128088514560,'add...',671154128013017088,99,0,'2023-03-25 22:59:51',0,'2023-03-25 22:59:51',b'0'),
	(671154172724297728,'facebook-2',671154172707520512,99,0,'2023-03-25 23:00:02',0,'2023-03-25 23:00:02',b'0'),
	(671154172728492032,'facebook-2',671154172711714816,99,0,'2023-03-25 23:00:02',0,'2023-03-25 23:00:02',b'0'),
	(671154172812378112,'google',671154172808183808,99,0,'2023-03-25 23:00:02',0,'2023-03-25 23:00:02',b'0'),
	(671530385892491264,'add...',-1,99,0,'2023-03-26 23:54:58',0,'2023-03-26 23:54:58',b'0'),
	(671530386127372288,'add...',671530386114789376,99,0,'2023-03-26 23:54:58',0,'2023-03-26 23:54:58',b'0'),
	(671530387205308416,'add...',671530387167559680,99,0,'2023-03-26 23:54:59',0,'2023-03-26 23:54:59',b'0'),
	(671530435532079104,'facebook-2',671530435515301888,99,0,'2023-03-26 23:55:10',0,'2023-03-26 23:55:10',b'0'),
	(671530435540467712,'facebook-2',671530435519496192,99,0,'2023-03-26 23:55:10',0,'2023-03-26 23:55:10',b'0'),
	(671530435649519616,'google',671530435641131008,99,0,'2023-03-26 23:55:10',0,'2023-03-26 23:55:10',b'0'),
	(671545877680144384,'add...',671545877671755776,99,0,'2023-03-27 00:56:32',0,'2023-03-27 00:56:32',b'0'),
	(671545878716137472,'add...',671545878682583040,99,0,'2023-03-27 00:56:32',0,'2023-03-27 00:56:32',b'0'),
	(671545922521448448,'facebook-2',671545922504671232,99,0,'2023-03-27 00:56:42',0,'2023-03-27 00:56:42',b'0'),
	(671545922525642752,'facebook-2',671545922504671233,99,0,'2023-03-27 00:56:42',0,'2023-03-27 00:56:42',b'0'),
	(671545922634694656,'google',671545922622111744,99,0,'2023-03-27 00:56:42',0,'2023-03-27 00:56:42',b'0'),
	(671741034266411008,'add...',671741034262216704,99,0,'2023-03-27 13:52:01',0,'2023-03-27 13:52:01',b'0'),
	(671741035335958528,'add...',671741035302404096,99,0,'2023-03-27 13:52:01',0,'2023-03-27 13:52:01',b'0'),
	(671741078294020096,'facebook-2',671741078281437184,99,0,'2023-03-27 13:52:11',0,'2023-03-27 13:52:11',b'0'),
	(671741078298214400,'facebook-2',671741078281437185,99,0,'2023-03-27 13:52:11',0,'2023-03-27 13:52:11',b'0'),
	(671741078369517568,'google',671741078361128960,99,0,'2023-03-27 13:52:11',0,'2023-03-27 13:52:11',b'0'),
	(672163029613330432,'add...',672163029609136128,99,0,'2023-03-28 17:48:52',0,'2023-03-28 17:48:52',b'0'),
	(672163030993256448,'add...',672163030934536192,99,0,'2023-03-28 17:48:53',0,'2023-03-28 17:48:53',b'0'),
	(672163075234775040,'facebook-2',672163075217997824,99,0,'2023-03-28 17:49:03',0,'2023-03-28 17:49:03',b'0'),
	(672163075243163648,'facebook-2',672163075217997825,99,0,'2023-03-28 17:49:03',0,'2023-03-28 17:49:03',b'0'),
	(672163075306078208,'google',672163075301883904,99,0,'2023-03-28 17:49:03',0,'2023-03-28 17:49:03',b'0'),
	(672213003617222656,'add...',672213003608834048,99,0,'2023-03-28 21:07:27',0,'2023-03-28 21:07:27',b'0'),
	(672213004665798656,'add...',672213004632244224,99,0,'2023-03-28 21:07:27',0,'2023-03-28 21:07:27',b'0'),
	(672213044029341696,'facebook-2',672213044012564480,99,0,'2023-03-28 21:07:37',0,'2023-03-28 21:07:37',b'0'),
	(672213044037730304,'facebook-2',672213044016758784,99,0,'2023-03-28 21:07:37',0,'2023-03-28 21:07:37',b'0'),
	(672213044121616384,'google',672213044117422080,99,0,'2023-03-28 21:07:37',0,'2023-03-28 21:07:37',b'0'),
	(681911636075769856,'add...',681911636067381248,99,0,'2023-04-24 15:26:21',0,'2023-04-24 15:26:21',b'0'),
	(681911637183066112,'add...',681911637153705984,99,0,'2023-04-24 15:26:21',0,'2023-04-24 15:26:21',b'0'),
	(681916716527153152,'add...',681916716522958848,99,0,'2023-04-24 15:46:32',0,'2023-04-24 15:46:32',b'0'),
	(681916717894496256,'add...',681916717865136128,99,0,'2023-04-24 15:46:33',0,'2023-04-24 15:46:33',b'0'),
	(681916765516623872,'facebook-2',681916765504040960,99,0,'2023-04-24 15:46:44',0,'2023-04-24 15:46:44',b'0'),
	(681916765520818176,'facebook-2',681916765504040961,99,0,'2023-04-24 15:46:44',0,'2023-04-24 15:46:44',b'0'),
	(681916765596315648,'google',681916765592121344,99,0,'2023-04-24 15:46:44',0,'2023-04-24 15:46:44',b'0'),
	(681917458239483904,'add...',681917458235289600,99,0,'2023-04-24 15:49:29',0,'2023-04-24 15:49:29',b'0'),
	(681917459350974464,'add...',681917459317420032,99,0,'2023-04-24 15:49:30',0,'2023-04-24 15:49:30',b'0'),
	(681917503173062656,'facebook-2',681917503152091136,99,0,'2023-04-24 15:49:40',0,'2023-04-24 15:49:40',b'0'),
	(681917503177256960,'facebook-2',681917503156285440,99,0,'2023-04-24 15:49:40',0,'2023-04-24 15:49:40',b'0'),
	(681917503252754432,'google',681917503248560128,99,0,'2023-04-24 15:49:40',0,'2023-04-24 15:49:40',b'0'),
	(681966710001004544,'add...',681966709992615936,99,0,'2023-04-24 19:05:12',0,'2023-04-24 19:05:12',b'0'),
	(681966711141855232,'add...',681966711095717888,99,0,'2023-04-24 19:05:12',0,'2023-04-24 19:05:12',b'0'),
	(681966752782905344,'facebook-2',681966752770322432,99,0,'2023-04-24 19:05:22',0,'2023-04-24 19:05:22',b'0'),
	(681966752787099648,'facebook-2',681966752770322433,99,0,'2023-04-24 19:05:22',0,'2023-04-24 19:05:22',b'0'),
	(681966752887762944,'google',681966752879374336,99,0,'2023-04-24 19:05:22',0,'2023-04-24 19:05:22',b'0'),
	(682371223220416512,'add...',682371223212027904,99,0,'2023-04-25 21:52:35',0,'2023-04-25 21:52:35',b'0'),
	(682371224449347584,'add...',682371224411598848,99,0,'2023-04-25 21:52:36',0,'2023-04-25 21:52:36',b'0'),
	(682371267558404096,'facebook-2',682371267541626880,99,0,'2023-04-25 21:52:46',0,'2023-04-25 21:52:46',b'0'),
	(682371267566792704,'facebook-2',682371267545821184,99,0,'2023-04-25 21:52:46',0,'2023-04-25 21:52:46',b'0'),
	(682371267667456000,'google',682371267663261696,99,0,'2023-04-25 21:52:46',0,'2023-04-25 21:52:46',b'0'),
	(688447919208034304,'add...',688447919199645696,99,0,'2023-05-12 16:19:12',0,'2023-05-12 16:19:12',b'0'),
	(688447920562794496,'add...',688447920520851456,99,0,'2023-05-12 16:19:13',0,'2023-05-12 16:19:13',b'0'),
	(688447965521539072,'facebook-2',688447965504761856,99,0,'2023-05-12 16:19:24',0,'2023-05-12 16:19:24',b'0'),
	(688447965525733376,'facebook-2',688447965504761857,99,0,'2023-05-12 16:19:24',0,'2023-05-12 16:19:24',b'0'),
	(688447965584453632,'google',688447965580259328,99,0,'2023-05-12 16:19:24',0,'2023-05-12 16:19:24',b'0'),
	(688448677961822208,'add...',688448677953433600,99,0,'2023-05-12 16:22:13',0,'2023-05-12 16:22:13',b'0'),
	(688448679115255808,'add...',688448679077507072,99,0,'2023-05-12 16:22:14',0,'2023-05-12 16:22:14',b'0'),
	(688448721444171776,'facebook-2',688448721427394560,99,0,'2023-05-12 16:22:24',0,'2023-05-12 16:22:24',b'0'),
	(688448721452560384,'facebook-2',688448721427394561,99,0,'2023-05-12 16:22:24',0,'2023-05-12 16:22:24',b'0'),
	(688448721523863552,'google',688448721519669248,99,0,'2023-05-12 16:22:24',0,'2023-05-12 16:22:24',b'0'),
	(688450913483911168,'add...',688450913475522560,99,0,'2023-05-12 16:31:06',0,'2023-05-12 16:31:06',b'0'),
	(688450914561847296,'add...',688450914511515648,99,0,'2023-05-12 16:31:07',0,'2023-05-12 16:31:07',b'0'),
	(688450960527224832,'facebook-2',688450960514641920,99,0,'2023-05-12 16:31:18',0,'2023-05-12 16:31:18',b'0'),
	(688450960535613440,'facebook-2',688450960518836224,99,0,'2023-05-12 16:31:18',0,'2023-05-12 16:31:18',b'0'),
	(688450960598528000,'google',688450960594333696,99,0,'2023-05-12 16:31:18',0,'2023-05-12 16:31:18',b'0'),
	(688459990633050112,'add...',688459990624661504,99,0,'2023-05-12 17:07:11',0,'2023-05-12 17:07:11',b'0'),
	(688459991752929280,'add...',688459991715180544,99,0,'2023-05-12 17:07:11',0,'2023-05-12 17:07:11',b'0'),
	(688460033406562304,'facebook-2',688460033393979392,99,0,'2023-05-12 17:07:21',0,'2023-05-12 17:07:21',b'0'),
	(688460033414950912,'facebook-2',688460033393979393,99,0,'2023-05-12 17:07:21',0,'2023-05-12 17:07:21',b'0'),
	(688460033473671168,'google',688460033469476864,99,0,'2023-05-12 17:07:21',0,'2023-05-12 17:07:21',b'0'),
	(688957511595724800,'add...',688957511587336192,99,0,'2023-05-14 02:04:09',0,'2023-05-14 02:04:09',b'0'),
	(688957512627523584,'add...',688957512593969152,99,0,'2023-05-14 02:04:09',0,'2023-05-14 02:04:09',b'0'),
	(688957556537692160,'facebook-2',688957556525109248,99,0,'2023-05-14 02:04:20',0,'2023-05-14 02:04:20',b'0'),
	(688957556541886464,'facebook-2',688957556525109249,99,0,'2023-05-14 02:04:20',0,'2023-05-14 02:04:20',b'0'),
	(688957556600606720,'google',688957556596412416,99,0,'2023-05-14 02:04:20',0,'2023-05-14 02:04:20',b'0'),
	(688960439744204800,'add...',688960439735816192,99,0,'2023-05-14 02:15:47',0,'2023-05-14 02:15:47',b'0'),
	(688960440897638400,'add...',688960440851501056,99,0,'2023-05-14 02:15:47',0,'2023-05-14 02:15:47',b'0'),
	(688960486061903872,'facebook-2',688960486053515264,99,0,'2023-05-14 02:15:58',0,'2023-05-14 02:15:58',b'0'),
	(688960486070292480,'facebook-2',688960486053515265,99,0,'2023-05-14 02:15:58',0,'2023-05-14 02:15:58',b'0'),
	(688960486124818432,'google',688960486120624128,99,0,'2023-05-14 02:15:58',0,'2023-05-14 02:15:58',b'0'),
	(688968415607525376,'add...',688968415599136768,99,0,'2023-05-14 02:47:29',0,'2023-05-14 02:47:29',b'0'),
	(688968416760958976,'add...',688968416710627328,99,0,'2023-05-14 02:47:29',0,'2023-05-14 02:47:29',b'0'),
	(688968460658544640,'facebook-2',688968460641767424,99,0,'2023-05-14 02:47:39',0,'2023-05-14 02:47:39',b'0'),
	(688968460662738944,'facebook-2',688968460645961728,99,0,'2023-05-14 02:47:39',0,'2023-05-14 02:47:39',b'0'),
	(688968460721459200,'google',688968460713070592,99,0,'2023-05-14 02:47:39',0,'2023-05-14 02:47:39',b'0'),
	(688968789693304832,'add...',688968789689110528,99,0,'2023-05-14 02:48:58',0,'2023-05-14 02:48:58',b'0'),
	(688968790930624512,'add...',688968790884487168,99,0,'2023-05-14 02:48:58',0,'2023-05-14 02:48:58',b'0'),
	(688968835163754496,'facebook-2',688968835134394368,99,0,'2023-05-14 02:49:09',0,'2023-05-14 02:49:09',b'0'),
	(688968835172143104,'facebook-2',688968835142782976,99,0,'2023-05-14 02:49:09',0,'2023-05-14 02:49:09',b'0'),
	(688968835243446272,'google',688968835239251968,99,0,'2023-05-14 02:49:09',0,'2023-05-14 02:49:09',b'0'),
	(688969568277762048,'add...',688969568265179136,99,0,'2023-05-14 02:52:03',0,'2023-05-14 02:52:03',b'0'),
	(688969570257473536,'add...',688969570198753280,99,0,'2023-05-14 02:52:04',0,'2023-05-14 02:52:04',b'0'),
	(688969614335414272,'facebook-2',688969614327025664,99,0,'2023-05-14 02:52:14',0,'2023-05-14 02:52:14',b'0'),
	(688969614343802880,'facebook-2',688969614327025665,99,0,'2023-05-14 02:52:14',0,'2023-05-14 02:52:14',b'0'),
	(688969614398328832,'google',688969614394134528,99,0,'2023-05-14 02:52:14',0,'2023-05-14 02:52:14',b'0'),
	(688975764434980864,'add...',688975764426592256,99,0,'2023-05-14 03:16:41',0,'2023-05-14 03:16:41',b'0'),
	(688975765500334080,'add...',688975765466779648,99,0,'2023-05-14 03:16:41',0,'2023-05-14 03:16:41',b'0'),
	(688975808923963392,'facebook-2',688975808911380480,99,0,'2023-05-14 03:16:51',0,'2023-05-14 03:16:51',b'0'),
	(688975808928157696,'facebook-2',688975808911380481,99,0,'2023-05-14 03:16:51',0,'2023-05-14 03:16:51',b'0'),
	(688975808991072256,'google',688975808986877952,99,0,'2023-05-14 03:16:51',0,'2023-05-14 03:16:51',b'0'),
	(689547990448214016,'add...',689547990439825408,99,0,'2023-05-15 17:10:30',0,'2023-05-15 17:10:30',b'0'),
	(689547991668756480,'add...',689547991635202048,99,0,'2023-05-15 17:10:30',0,'2023-05-15 17:10:30',b'0'),
	(689548038250696704,'facebook-2',689548038242308096,99,0,'2023-05-15 17:10:41',0,'2023-05-15 17:10:41',b'0'),
	(689548038259085312,'facebook-2',689548038242308097,99,0,'2023-05-15 17:10:41',0,'2023-05-15 17:10:41',b'0'),
	(689548038313611264,'google',689548038309416960,99,0,'2023-05-15 17:10:41',0,'2023-05-15 17:10:41',b'0'),
	(689559254603927552,'add...',689559254591344640,99,0,'2023-05-15 17:55:15',0,'2023-05-15 17:55:15',b'0'),
	(689559255753166848,'add...',689559255711223808,99,0,'2023-05-15 17:55:16',0,'2023-05-15 17:55:16',b'0'),
	(689559298526679040,'facebook-2',689559298514096128,99,0,'2023-05-15 17:55:26',0,'2023-05-15 17:55:26',b'0'),
	(689559298539261952,'facebook-2',689559298514096129,99,0,'2023-05-15 17:55:26',0,'2023-05-15 17:55:26',b'0'),
	(689559298597982208,'google',689559298593787904,99,0,'2023-05-15 17:55:26',0,'2023-05-15 17:55:26',b'0'),
	(689581977992433664,'add...',689581977984045056,99,0,'2023-05-15 19:25:33',0,'2023-05-15 19:25:33',b'0'),
	(689581979108118528,'add...',689581979057786880,99,0,'2023-05-15 19:25:33',0,'2023-05-15 19:25:33',b'0'),
	(689582025744584704,'facebook-2',689582025727807488,99,0,'2023-05-15 19:25:45',0,'2023-05-15 19:25:45',b'0'),
	(689582025748779008,'facebook-2',689582025732001792,99,0,'2023-05-15 19:25:45',0,'2023-05-15 19:25:45',b'0'),
	(689582025811693568,'google',689582025807499264,99,0,'2023-05-15 19:25:45',0,'2023-05-15 19:25:45',b'0'),
	(689586438764761088,'add...',689586438756372480,99,0,'2023-05-15 19:43:17',0,'2023-05-15 19:43:17',b'0'),
	(689586439838502912,'add...',689586439796559872,99,0,'2023-05-15 19:43:17',0,'2023-05-15 19:43:17',b'0'),
	(689586482863673344,'facebook-2',689586482846896128,99,0,'2023-05-15 19:43:27',0,'2023-05-15 19:43:27',b'0'),
	(689586482872061952,'facebook-2',689586482846896129,99,0,'2023-05-15 19:43:27',0,'2023-05-15 19:43:27',b'0'),
	(689586482930782208,'google',689586482926587904,99,0,'2023-05-15 19:43:27',0,'2023-05-15 19:43:27',b'0'),
	(689639101464342528,'add...',689639101455953920,99,0,'2023-05-15 23:12:32',0,'2023-05-15 23:12:32',b'0'),
	(689639102542278656,'add...',689639102508724224,99,0,'2023-05-15 23:12:33',0,'2023-05-15 23:12:33',b'0'),
	(689639147865927680,'facebook-2',689639147849150464,99,0,'2023-05-15 23:12:44',0,'2023-05-15 23:12:44',b'0'),
	(689639147874316288,'facebook-2',689639147853344768,99,0,'2023-05-15 23:12:44',0,'2023-05-15 23:12:44',b'0'),
	(689639147924647936,'google',689639147920453632,99,0,'2023-05-15 23:12:44',0,'2023-05-15 23:12:44',b'0'),
	(695366927756869632,'add...',695366927744286720,99,0,'2023-05-31 18:32:53',0,'2023-05-31 18:32:53',b'0'),
	(695366928859971584,'add...',695366928834805760,99,0,'2023-05-31 18:32:53',0,'2023-05-31 18:32:53',b'0'),
	(695366932311883776,'facebook-2',695366932299300864,99,0,'2023-05-31 18:32:54',0,'2023-05-31 18:32:54',b'0'),
	(695366932320272384,'facebook-2',695366932299300865,99,0,'2023-05-31 18:32:54',0,'2023-05-31 18:32:54',b'0'),
	(695366932420935681,'google',695366932420935680,99,0,'2023-05-31 18:32:54',0,'2023-05-31 18:32:54',b'0'),
	(695439133790748672,'add...',695439133782360064,99,0,'2023-05-31 23:19:48',0,'2023-05-31 23:19:48',b'0'),
	(695439134768021504,'add...',695439134738661376,99,0,'2023-05-31 23:19:48',0,'2023-05-31 23:19:48',b'0'),
	(695439137200717824,'facebook-2',695439137192329216,99,0,'2023-05-31 23:19:49',0,'2023-05-31 23:19:49',b'0'),
	(695439137209106432,'facebook-2',695439137192329217,99,0,'2023-05-31 23:19:49',0,'2023-05-31 23:19:49',b'0'),
	(695439137301381120,'google',695439137297186816,99,0,'2023-05-31 23:19:49',0,'2023-05-31 23:19:49',b'0'),
	(695440111571091456,'add...',695440111562702848,99,0,'2023-05-31 23:23:41',0,'2023-05-31 23:23:41',b'0'),
	(695440112665804800,'add...',695440112636444672,99,0,'2023-05-31 23:23:41',0,'2023-05-31 23:23:41',b'0'),
	(695440115941556224,'facebook-2',695440115916390400,99,0,'2023-05-31 23:23:42',0,'2023-05-31 23:23:42',b'0'),
	(695440115949944832,'facebook-2',695440115920584704,99,0,'2023-05-31 23:23:42',0,'2023-05-31 23:23:42',b'0'),
	(695440116025442304,'google',695440116021248000,99,0,'2023-05-31 23:23:42',0,'2023-05-31 23:23:42',b'0'),
	(695440267133632512,'add...',695440267129438208,99,0,'2023-05-31 23:24:18',0,'2023-05-31 23:24:18',b'0'),
	(695440268362563584,'add...',695440268312231936,99,0,'2023-05-31 23:24:18',0,'2023-05-31 23:24:18',b'0'),
	(695440305670897664,'facebook-2',695440305662509056,99,0,'2023-05-31 23:24:27',0,'2023-05-31 23:24:27',b'0'),
	(695440305675091968,'facebook-2',695440305662509057,99,0,'2023-05-31 23:24:27',0,'2023-05-31 23:24:27',b'0'),
	(695440305729617920,'google',695440305725423616,99,0,'2023-05-31 23:24:27',0,'2023-05-31 23:24:27',b'0'),
	(695440806172999680,'add...',695440806168805376,99,0,'2023-05-31 23:26:27',0,'2023-05-31 23:26:27',b'0'),
	(695440807280295936,'add...',695440807250935808,99,0,'2023-05-31 23:26:27',0,'2023-05-31 23:26:27',b'0'),
	(695440843909152768,'facebook-2',695440843896569856,99,0,'2023-05-31 23:26:36',0,'2023-05-31 23:26:36',b'0'),
	(695440843917541376,'facebook-2',695440843900764160,99,0,'2023-05-31 23:26:36',0,'2023-05-31 23:26:36',b'0'),
	(695440843976261632,'google',695440843972067328,99,0,'2023-05-31 23:26:36',0,'2023-05-31 23:26:36',b'0'),
	(695441127788036096,'add...',695441127779647488,99,0,'2023-05-31 23:27:43',0,'2023-05-31 23:27:43',b'0'),
	(695441128861777920,'add...',695441128832417792,99,0,'2023-05-31 23:27:44',0,'2023-05-31 23:27:44',b'0'),
	(695441163670306816,'facebook-2',695441163661918208,99,0,'2023-05-31 23:27:52',0,'2023-05-31 23:27:52',b'0'),
	(695441163674501120,'facebook-2',695441163666112512,99,0,'2023-05-31 23:27:52',0,'2023-05-31 23:27:52',b'0'),
	(695441163745804288,'google',695441163741609984,99,0,'2023-05-31 23:27:52',0,'2023-05-31 23:27:52',b'0'),
	(695441360722903040,'add...',695441360714514432,99,0,'2023-05-31 23:28:39',0,'2023-05-31 23:28:39',b'0'),
	(695441361909891072,'add...',695441361872142336,99,0,'2023-05-31 23:28:39',0,'2023-05-31 23:28:39',b'0'),
	(695441403823570944,'facebook-2',695441403810988032,99,0,'2023-05-31 23:28:49',0,'2023-05-31 23:28:49',b'0'),
	(695441403827765248,'facebook-2',695441403810988033,99,0,'2023-05-31 23:28:49',0,'2023-05-31 23:28:49',b'0'),
	(695441403890679808,'google',695441403886485504,99,0,'2023-05-31 23:28:49',0,'2023-05-31 23:28:49',b'0'),
	(695441884398534656,'add...',695441884390146048,99,0,'2023-05-31 23:30:44',0,'2023-05-31 23:30:44',b'0'),
	(695441885560356864,'add...',695441885522608128,99,0,'2023-05-31 23:30:44',0,'2023-05-31 23:30:44',b'0'),
	(695441929726377984,'facebook-2',695441929709600768,99,0,'2023-05-31 23:30:55',0,'2023-05-31 23:30:55',b'0'),
	(695441929734766592,'facebook-2',695441929713795072,99,0,'2023-05-31 23:30:55',0,'2023-05-31 23:30:55',b'0'),
	(695441929810264064,'google',695441929806069760,99,0,'2023-05-31 23:30:55',0,'2023-05-31 23:30:55',b'0'),
	(695790127733047296,'add...',695790127724658688,99,0,'2023-06-01 22:34:31',0,'2023-06-01 22:34:31',b'0'),
	(695790128790011904,'add...',695790128752263168,99,0,'2023-06-01 22:34:32',0,'2023-06-01 22:34:32',b'0'),
	(695790163552403456,'facebook-2',695790163506266112,99,0,'2023-06-01 22:34:40',0,'2023-06-01 22:34:40',b'0'),
	(695790163573374976,'facebook-2',695790163510460416,99,0,'2023-06-01 22:34:40',0,'2023-06-01 22:34:40',b'0'),
	(695790163745341440,'google',695790163741147136,99,0,'2023-06-01 22:34:40',0,'2023-06-01 22:34:40',b'0'),
	(696077606511972352,'add...',696077606499389440,99,0,'2023-06-02 17:36:52',0,'2023-06-02 17:36:52',b'0'),
	(696077607560548352,'add...',696077607518605312,99,0,'2023-06-02 17:36:52',0,'2023-06-02 17:36:52',b'0'),
	(696077651428773888,'facebook-2',696077651411996672,99,0,'2023-06-02 17:37:02',0,'2023-06-02 17:37:02',b'0'),
	(696077651432968192,'facebook-2',696077651411996673,99,0,'2023-06-02 17:37:02',0,'2023-06-02 17:37:02',b'0'),
	(696077651483299840,'google',696077651479105536,99,0,'2023-06-02 17:37:02',0,'2023-06-02 17:37:02',b'0'),
	(699097424219635712,'add...',699097424207052800,99,0,'2023-06-11 01:36:32',0,'2023-06-11 01:36:32',b'0'),
	(699097425318543360,'add...',699097425280794624,99,0,'2023-06-11 01:36:33',0,'2023-06-11 01:36:33',b'0'),
	(699097463570595840,'facebook-2',699097463558012928,99,0,'2023-06-11 01:36:42',0,'2023-06-11 01:36:42',b'0'),
	(699097463578984448,'facebook-2',699097463558012929,99,0,'2023-06-11 01:36:42',0,'2023-06-11 01:36:42',b'0'),
	(699097463633510400,'google',699097463629316096,99,0,'2023-06-11 01:36:42',0,'2023-06-11 01:36:42',b'0'),
	(699098237721673728,'add...',699098237713285120,99,0,'2023-06-11 01:39:46',0,'2023-06-11 01:39:46',b'0'),
	(699098238820581376,'add...',699098238770249728,99,0,'2023-06-11 01:39:47',0,'2023-06-11 01:39:47',b'0'),
	(699098272207241216,'facebook-2',699098272198852608,99,0,'2023-06-11 01:39:55',0,'2023-06-11 01:39:55',b'0'),
	(699098272211435520,'facebook-2',699098272198852609,99,0,'2023-06-11 01:39:55',0,'2023-06-11 01:39:55',b'0'),
	(699098272265961472,'google',699098272261767168,99,0,'2023-06-11 01:39:55',0,'2023-06-11 01:39:55',b'0'),
	(699098457708724224,'add...',699098457691947008,99,0,'2023-06-11 01:40:39',0,'2023-06-11 01:40:39',b'0'),
	(699098458753105920,'add...',699098458715357184,99,0,'2023-06-11 01:40:39',0,'2023-06-11 01:40:39',b'0'),
	(699098502327730176,'facebook-2',699098502310952960,99,0,'2023-06-11 01:40:49',0,'2023-06-11 01:40:49',b'0'),
	(699098502331924480,'facebook-2',699098502310952961,99,0,'2023-06-11 01:40:49',0,'2023-06-11 01:40:49',b'0'),
	(699098502403227648,'google',699098502399033344,99,0,'2023-06-11 01:40:49',0,'2023-06-11 01:40:49',b'0'),
	(699098828279676928,'add...',699098828267094016,99,0,'2023-06-11 01:42:07',0,'2023-06-11 01:42:07',b'0'),
	(699098829567328256,'add...',699098829512802304,99,0,'2023-06-11 01:42:07',0,'2023-06-11 01:42:07',b'0'),
	(699098872701550592,'facebook-2',699098872688967680,99,0,'2023-06-11 01:42:18',0,'2023-06-11 01:42:18',b'0'),
	(699098872709939200,'facebook-2',699098872688967681,99,0,'2023-06-11 01:42:18',0,'2023-06-11 01:42:18',b'0'),
	(699098872772853760,'google',699098872768659456,99,0,'2023-06-11 01:42:18',0,'2023-06-11 01:42:18',b'0'),
	(699959095448338432,'add...',699959095435755520,99,0,'2023-06-13 10:40:31',0,'2023-06-13 10:40:31',b'0'),
	(699959096769544192,'add...',699959096702435328,99,0,'2023-06-13 10:40:31',0,'2023-06-13 10:40:31',b'0'),
	(699959139392061440,'facebook-2',699959139341729792,99,0,'2023-06-13 10:40:41',0,'2023-06-13 10:40:41',b'0'),
	(699959139404644352,'facebook-2',699959139341729793,99,0,'2023-06-13 10:40:41',0,'2023-06-13 10:40:41',b'0'),
	(699959139496919040,'google',699959139488530432,99,0,'2023-06-13 10:40:41',0,'2023-06-13 10:40:41',b'0'),
	(705488362147962880,'add...',705488362135379968,99,0,'2023-06-28 16:51:51',0,'2023-06-28 16:51:51',b'0'),
	(705488363708243968,'add...',705488363632746496,99,0,'2023-06-28 16:51:51',0,'2023-06-28 16:51:51',b'0'),
	(705488408344027136,'facebook-2',705488408327249920,99,0,'2023-06-28 16:52:02',0,'2023-06-28 16:52:02',b'0'),
	(705488408348221440,'facebook-2',705488408327249921,99,0,'2023-06-28 16:52:02',0,'2023-06-28 16:52:02',b'0'),
	(705488408406941696,'google',705488408402747392,99,0,'2023-06-28 16:52:02',0,'2023-06-28 16:52:02',b'0'),
	(706177165141512192,'add...',1688106534003,99,0,'2023-06-30 14:28:54',0,'2023-06-30 14:28:54',b'0'),
	(706177165221203968,'add...',706177165208621056,99,0,'2023-06-30 14:28:54',0,'2023-06-30 14:28:54',b'0'),
	(706177166789873664,'add...',706177166747930624,99,0,'2023-06-30 14:28:55',0,'2023-06-30 14:28:55',b'0'),
	(706177215418634240,'facebook-2',706177215393468416,99,0,'2023-06-30 14:29:06',0,'2023-06-30 14:29:06',b'0'),
	(706177215431217152,'facebook-2',706177215397662720,99,0,'2023-06-30 14:29:06',0,'2023-06-30 14:29:06',b'0'),
	(706177215544463360,'google',706177215536074752,99,0,'2023-06-30 14:29:06',0,'2023-06-30 14:29:06',b'0'),
	(706178233648844800,'add...',706178233636261888,99,0,'2023-06-30 14:33:09',0,'2023-06-30 14:33:09',b'0'),
	(706178234802278400,'add...',706178234772918272,99,0,'2023-06-30 14:33:09',0,'2023-06-30 14:33:09',b'0'),
	(706178278385291264,'facebook-2',706178278368514048,99,0,'2023-06-30 14:33:20',0,'2023-06-30 14:33:20',b'0'),
	(706178278397874176,'facebook-2',706178278372708352,99,0,'2023-06-30 14:33:20',0,'2023-06-30 14:33:20',b'0'),
	(706178278485954560,'google',706178278481760256,99,0,'2023-06-30 14:33:20',0,'2023-06-30 14:33:20',b'0'),
	(706193846333116416,'add...',706193846320533504,99,0,'2023-06-30 15:35:11',0,'2023-06-30 15:35:11',b'0'),
	(706193847406858240,'add...',706193847377498112,99,0,'2023-06-30 15:35:11',0,'2023-06-30 15:35:11',b'0'),
	(706193892080390144,'facebook-2',706193892055224320,99,0,'2023-06-30 15:35:22',0,'2023-06-30 15:35:22',b'0'),
	(706193892092973056,'facebook-2',706193892055224321,99,0,'2023-06-30 15:35:22',0,'2023-06-30 15:35:22',b'0'),
	(706193892176859136,'google',706193892168470528,99,0,'2023-06-30 15:35:22',0,'2023-06-30 15:35:22',b'0'),
	(706224211366023168,'add...',706224211353440256,99,0,'2023-06-30 17:35:51',0,'2023-06-30 17:35:51',b'0'),
	(706224212422987776,'add...',706224212385239040,99,0,'2023-06-30 17:35:51',0,'2023-06-30 17:35:51',b'0'),
	(706224256819695616,'facebook-2',706224256794529792,99,0,'2023-06-30 17:36:02',0,'2023-06-30 17:36:02',b'0'),
	(706224256823889920,'facebook-2',706224256798724096,99,0,'2023-06-30 17:36:02',0,'2023-06-30 17:36:02',b'0'),
	(706224256899387392,'google',706224256890998784,99,0,'2023-06-30 17:36:02',0,'2023-06-30 17:36:02',b'0'),
	(706399719638732800,'add...',706399719626149888,99,0,'2023-07-01 05:13:15',0,'2023-07-01 05:13:15',b'0'),
	(706399720905412608,'add...',706399720863469568,99,0,'2023-07-01 05:13:16',0,'2023-07-01 05:13:16',b'0'),
	(706399770356256768,'facebook-2',706399770339479552,99,0,'2023-07-01 05:13:27',0,'2023-07-01 05:13:27',b'0'),
	(706399770360451072,'facebook-2',706399770339479553,99,0,'2023-07-01 05:13:27',0,'2023-07-01 05:13:27',b'0'),
	(706399770419171328,'google',706399770414977024,99,0,'2023-07-01 05:13:27',0,'2023-07-01 05:13:27',b'0'),
	(706552970459779072,'add...',706552970447196160,99,0,'2023-07-01 15:22:13',0,'2023-07-01 15:22:13',b'0'),
	(706552972372381696,'add...',706552972292689920,99,0,'2023-07-01 15:22:14',0,'2023-07-01 15:22:14',b'0'),
	(706553018929156096,'facebook-2',706553018916573184,99,0,'2023-07-01 15:22:25',0,'2023-07-01 15:22:25',b'0'),
	(706553018933350400,'facebook-2',706553018916573185,99,0,'2023-07-01 15:22:25',0,'2023-07-01 15:22:25',b'0'),
	(706553018992070656,'google',706553018987876352,99,0,'2023-07-01 15:22:25',0,'2023-07-01 15:22:25',b'0'),
	(706554849591857152,'add...',706554849579274240,99,0,'2023-07-01 15:29:41',0,'2023-07-01 15:29:41',b'0'),
	(706554850967588864,'add...',706554850896285696,99,0,'2023-07-01 15:29:41',0,'2023-07-01 15:29:41',b'0'),
	(706554897599860736,'facebook-2',706554897587277824,99,0,'2023-07-01 15:29:53',0,'2023-07-01 15:29:53',b'0'),
	(706554897604055040,'facebook-2',706554897591472128,99,0,'2023-07-01 15:29:53',0,'2023-07-01 15:29:53',b'0'),
	(706554897675358208,'google',706554897671163904,99,0,'2023-07-01 15:29:53',0,'2023-07-01 15:29:53',b'0'),
	(707297460678070272,'add...',707297460665487360,99,0,'2023-07-03 16:40:33',0,'2023-07-03 16:40:33',b'0'),
	(707297462292877312,'add...',707297462217379840,99,0,'2023-07-03 16:40:34',0,'2023-07-03 16:40:34',b'0'),
	(707297511131353088,'facebook-2',707297511114575872,99,0,'2023-07-03 16:40:45',0,'2023-07-03 16:40:45',b'0'),
	(707297511139741696,'facebook-2',707297511114575873,99,0,'2023-07-03 16:40:45',0,'2023-07-03 16:40:45',b'0'),
	(707297511206850560,'google',707297511198461952,99,0,'2023-07-03 16:40:45',0,'2023-07-03 16:40:45',b'0'),
	(707297820968783872,'add...',707297820956200960,99,0,'2023-07-03 16:41:59',0,'2023-07-03 16:41:59',b'0'),
	(707297822201909248,'add...',707297822168354816,99,0,'2023-07-03 16:42:00',0,'2023-07-03 16:42:00',b'0'),
	(707297871589838848,'facebook-2',707297871564673024,99,0,'2023-07-03 16:42:11',0,'2023-07-03 16:42:11',b'0'),
	(707297871598227456,'facebook-2',707297871564673025,99,0,'2023-07-03 16:42:11',0,'2023-07-03 16:42:11',b'0'),
	(707297871669530624,'google',707297871665336320,99,0,'2023-07-03 16:42:11',0,'2023-07-03 16:42:11',b'0'),
	(707378981111894016,'add...',707378981099311104,99,0,'2023-07-03 22:04:29',0,'2023-07-03 22:04:29',b'0'),
	(707378982374379520,'add...',707378982324047872,99,0,'2023-07-03 22:04:30',0,'2023-07-03 22:04:30',b'0'),
	(707379028687884288,'facebook-2',707379028675301376,99,0,'2023-07-03 22:04:41',0,'2023-07-03 22:04:41',b'0'),
	(707379028692078592,'facebook-2',707379028675301377,99,0,'2023-07-03 22:04:41',0,'2023-07-03 22:04:41',b'0'),
	(707379028754993152,'google',707379028750798848,99,0,'2023-07-03 22:04:41',0,'2023-07-03 22:04:41',b'0'),
	(707379119926579200,'add...',707379119909801984,99,0,'2023-07-03 22:05:02',0,'2023-07-03 22:05:02',b'0'),
	(707379121474277376,'add...',707379121407168512,99,0,'2023-07-03 22:05:03',0,'2023-07-03 22:05:03',b'0'),
	(707379158652588032,'facebook-2',707379158640005120,99,0,'2023-07-03 22:05:12',0,'2023-07-03 22:05:12',b'0'),
	(707379158660976640,'facebook-2',707379158640005121,99,0,'2023-07-03 22:05:12',0,'2023-07-03 22:05:12',b'0'),
	(707379158728085504,'google',707379158719696896,99,0,'2023-07-03 22:05:12',0,'2023-07-03 22:05:12',b'0'),
	(707586203112738816,'add...',707586203091767296,99,0,'2023-07-04 11:47:55',0,'2023-07-04 11:47:55',b'0'),
	(707586204295532544,'add...',707586204249395200,99,0,'2023-07-04 11:47:55',0,'2023-07-04 11:47:55',b'0'),
	(707586252869767168,'facebook-2',707586252852989952,99,0,'2023-07-04 11:48:07',0,'2023-07-04 11:48:07',b'0'),
	(707586252882350080,'facebook-2',707586252852989953,99,0,'2023-07-04 11:48:07',0,'2023-07-04 11:48:07',b'0'),
	(707586252953653248,'google',707586252949458944,99,0,'2023-07-04 11:48:07',0,'2023-07-04 11:48:07',b'0'),
	(708015831153414144,'add...',708015831132442624,99,0,'2023-07-05 16:15:06',0,'2023-07-05 16:15:06',b'0'),
	(708015832348790784,'add...',708015832315236352,99,0,'2023-07-05 16:15:07',0,'2023-07-05 16:15:07',b'0'),
	(708015880209993728,'facebook-2',708015880193216512,99,0,'2023-07-05 16:15:18',0,'2023-07-05 16:15:18',b'0'),
	(708015880218382336,'facebook-2',708015880193216513,99,0,'2023-07-05 16:15:18',0,'2023-07-05 16:15:18',b'0'),
	(708015880281296896,'google',708015880277102592,99,0,'2023-07-05 16:15:18',0,'2023-07-05 16:15:18',b'0'),
	(708016757717110784,'add...',708016757704527872,99,0,'2023-07-05 16:18:47',0,'2023-07-05 16:18:47',b'0'),
	(708016758908293120,'add...',708016758878932992,99,0,'2023-07-05 16:18:47',0,'2023-07-05 16:18:47',b'0'),
	(708016805565730816,'facebook-2',708016805548953600,99,0,'2023-07-05 16:18:59',0,'2023-07-05 16:18:59',b'0'),
	(708016805574119424,'facebook-2',708016805548953601,99,0,'2023-07-05 16:18:59',0,'2023-07-05 16:18:59',b'0'),
	(708016805645422592,'google',708016805641228288,99,0,'2023-07-05 16:18:59',0,'2023-07-05 16:18:59',b'0'),
	(708085335254405120,'add...',708085335241822208,99,0,'2023-07-05 20:51:17',0,'2023-07-05 20:51:17',b'0'),
	(708085336382672896,'add...',708085336353312768,99,0,'2023-07-05 20:51:18',0,'2023-07-05 20:51:18',b'0'),
	(708085382020894720,'facebook-2',708085381995728896,99,0,'2023-07-05 20:51:28',0,'2023-07-05 20:51:28',b'0'),
	(708085382029283328,'facebook-2',708085381995728897,99,0,'2023-07-05 20:51:28',0,'2023-07-05 20:51:28',b'0'),
	(708085382121558016,'google',708085382117363712,99,0,'2023-07-05 20:51:28',0,'2023-07-05 20:51:28',b'0'),
	(708828096249204736,'add...',708828096236621824,99,0,'2023-07-07 22:02:45',0,'2023-07-07 22:02:45',b'0'),
	(708828097511690240,'add...',708828097469747200,99,0,'2023-07-07 22:02:46',0,'2023-07-07 22:02:46',b'0'),
	(708828145565831168,'facebook-2',708828145553248256,99,0,'2023-07-07 22:02:57',0,'2023-07-07 22:02:57',b'0'),
	(708828145574219776,'facebook-2',708828145553248257,99,0,'2023-07-07 22:02:57',0,'2023-07-07 22:02:57',b'0'),
	(708828145637134336,'google',708828145632940032,99,0,'2023-07-07 22:02:57',0,'2023-07-07 22:02:57',b'0'),
	(708829248936218624,'add...',708829248919441408,99,0,'2023-07-07 22:07:20',0,'2023-07-07 22:07:20',b'0'),
	(708829250030931968,'add...',708829249997377536,99,0,'2023-07-07 22:07:20',0,'2023-07-07 22:07:20',b'0'),
	(708829295388135424,'facebook-2',708829295371358208,99,0,'2023-07-07 22:07:31',0,'2023-07-07 22:07:31',b'0'),
	(708829295396524032,'facebook-2',708829295371358209,99,0,'2023-07-07 22:07:31',0,'2023-07-07 22:07:31',b'0'),
	(708829295488798720,'google',708829295480410112,99,0,'2023-07-07 22:07:31',0,'2023-07-07 22:07:31',b'0'),
	(708882161704398848,'add...',708882161687621632,99,0,'2023-07-08 01:37:36',0,'2023-07-08 01:37:36',b'0'),
	(708882162761363456,'add...',708882162736197632,99,0,'2023-07-08 01:37:36',0,'2023-07-08 01:37:36',b'0'),
	(708882201546092544,'facebook-2',708882201529315328,99,0,'2023-07-08 01:37:45',0,'2023-07-08 01:37:45',b'0'),
	(708882201550286848,'facebook-2',708882201529315329,99,0,'2023-07-08 01:37:45',0,'2023-07-08 01:37:45',b'0'),
	(708882201650950144,'google',708882201646755840,99,0,'2023-07-08 01:37:45',0,'2023-07-08 01:37:45',b'0'),
	(708883576413777920,'add...',708883576401195008,99,0,'2023-07-08 01:43:13',0,'2023-07-08 01:43:13',b'0'),
	(708883577978253312,'add...',708883577902755840,99,0,'2023-07-08 01:43:13',0,'2023-07-08 01:43:13',b'0'),
	(708883622479818752,'facebook-2',708883622463041536,99,0,'2023-07-08 01:43:24',0,'2023-07-08 01:43:24',b'0'),
	(708883622488207360,'facebook-2',708883622463041537,99,0,'2023-07-08 01:43:24',0,'2023-07-08 01:43:24',b'0'),
	(708883622555316224,'google',708883622551121920,99,0,'2023-07-08 01:43:24',0,'2023-07-08 01:43:24',b'0'),
	(708883884053393408,'add...',708883884036616192,99,0,'2023-07-08 01:44:26',0,'2023-07-08 01:44:26',b'0'),
	(708883885257158656,'add...',708883885219409920,99,0,'2023-07-08 01:44:26',0,'2023-07-08 01:44:26',b'0'),
	(708883930022965248,'facebook-2',708883930010382336,99,0,'2023-07-08 01:44:37',0,'2023-07-08 01:44:37',b'0'),
	(708883930027159552,'facebook-2',708883930010382337,99,0,'2023-07-08 01:44:37',0,'2023-07-08 01:44:37',b'0'),
	(708883930111045632,'google',708883930106851328,99,0,'2023-07-08 01:44:37',0,'2023-07-08 01:44:37',b'0'),
	(710570728126156800,'add...',710570728109379584,99,0,'2023-07-12 17:27:21',0,'2023-07-12 17:27:21',b'0'),
	(710570729300561920,'add...',710570729267007488,99,0,'2023-07-12 17:27:21',0,'2023-07-12 17:27:21',b'0'),
	(710570774930395136,'facebook-2',710570774913617920,99,0,'2023-07-12 17:27:32',0,'2023-07-12 17:27:32',b'0'),
	(710570774938783744,'facebook-2',710570774913617921,99,0,'2023-07-12 17:27:32',0,'2023-07-12 17:27:32',b'0'),
	(710570775001698304,'google',710570774997504000,99,0,'2023-07-12 17:27:32',0,'2023-07-12 17:27:32',b'0'),
	(711293534530965504,'add...',711293534514188288,99,0,'2023-07-14 17:19:32',0,'2023-07-14 17:19:32',b'0'),
	(711293535617290240,'add...',711293535583735808,99,0,'2023-07-14 17:19:32',0,'2023-07-14 17:19:32',b'0'),
	(711293581821743104,'facebook-2',711293581813354496,99,0,'2023-07-14 17:19:43',0,'2023-07-14 17:19:43',b'0'),
	(711293581830131712,'facebook-2',711293581813354497,99,0,'2023-07-14 17:19:43',0,'2023-07-14 17:19:43',b'0'),
	(711293581888851968,'google',711293581884657664,99,0,'2023-07-14 17:19:43',0,'2023-07-14 17:19:43',b'0'),
	(711296925227290624,'add...',711296925214707712,99,0,'2023-07-14 17:33:00',0,'2023-07-14 17:33:00',b'0'),
	(711296926376529920,'add...',711296926342975488,99,0,'2023-07-14 17:33:00',0,'2023-07-14 17:33:00',b'0'),
	(711296973923160064,'facebook-2',711296973910577152,99,0,'2023-07-14 17:33:12',0,'2023-07-14 17:33:12',b'0'),
	(711296973931548672,'facebook-2',711296973910577153,99,0,'2023-07-14 17:33:12',0,'2023-07-14 17:33:12',b'0'),
	(711296974002851840,'google',711296973998657536,99,0,'2023-07-14 17:33:12',0,'2023-07-14 17:33:12',b'0'),
	(712507978799910912,'add...',712507978791522304,99,0,'2023-07-18 01:45:18',0,'2023-07-18 01:45:18',b'0'),
	(712507979932372992,'add...',712507979903012864,99,0,'2023-07-18 01:45:18',0,'2023-07-18 01:45:18',b'0'),
	(712508025302159360,'facebook-2',712508025289576448,99,0,'2023-07-18 01:45:29',0,'2023-07-18 01:45:29',b'0'),
	(712508025310547968,'facebook-2',712508025289576449,99,0,'2023-07-18 01:45:29',0,'2023-07-18 01:45:29',b'0'),
	(712508025381851136,'google',712508025373462528,99,0,'2023-07-18 01:45:29',0,'2023-07-18 01:45:29',b'0'),
	(715398463805743104,'add...',715398463793160192,99,0,'2023-07-26 01:11:03',0,'2023-07-26 01:11:03',b'0'),
	(715398464896262144,'add...',715398464866902016,99,0,'2023-07-26 01:11:03',0,'2023-07-26 01:11:03',b'0'),
	(715398511356567552,'facebook-2',715398511335596032,99,0,'2023-07-26 01:11:14',0,'2023-07-26 01:11:14',b'0'),
	(715398511369150464,'facebook-2',715398511335596033,99,0,'2023-07-26 01:11:14',0,'2023-07-26 01:11:14',b'0'),
	(715398511469813760,'google',715398511457230848,99,0,'2023-07-26 01:11:14',0,'2023-07-26 01:11:14',b'0'),
	(716076915210870784,'add...',716076915185704960,99,0,'2023-07-27 22:06:58',0,'2023-07-27 22:06:58',b'0'),
	(716076916775346176,'add...',716076916699848704,99,0,'2023-07-27 22:06:59',0,'2023-07-27 22:06:59',b'0'),
	(716076963244040192,'facebook-2',716076963223068672,99,0,'2023-07-27 22:07:10',0,'2023-07-27 22:07:10',b'0'),
	(716076963248234496,'facebook-2',716076963227262976,99,0,'2023-07-27 22:07:10',0,'2023-07-27 22:07:10',b'0'),
	(716076963315343360,'google',716076963311149056,99,0,'2023-07-27 22:07:10',0,'2023-07-27 22:07:10',b'0'),
	(716106617048817664,'add...',716106617036234752,99,0,'2023-07-28 00:05:00',0,'2023-07-28 00:05:00',b'0'),
	(716106618575544320,'add...',716106618508435456,99,0,'2023-07-28 00:05:00',0,'2023-07-28 00:05:00',b'0'),
	(716106666789068800,'facebook-2',716106666772291584,99,0,'2023-07-28 00:05:12',0,'2023-07-28 00:05:12',b'0'),
	(716106666793263104,'facebook-2',716106666772291585,99,0,'2023-07-28 00:05:12',0,'2023-07-28 00:05:12',b'0'),
	(716106666851983360,'google',716106666847789056,99,0,'2023-07-28 00:05:12',0,'2023-07-28 00:05:12',b'0'),
	(716119602664333312,'add...',716119602651750400,99,0,'2023-07-28 00:56:36',0,'2023-07-28 00:56:36',b'0'),
	(716119603805184000,'add...',716119603763240960,99,0,'2023-07-28 00:56:36',0,'2023-07-28 00:56:36',b'0'),
	(716119649942528000,'facebook-2',716119649913167872,99,0,'2023-07-28 00:56:47',0,'2023-07-28 00:56:47',b'0'),
	(716119649946722304,'facebook-2',716119649913167873,99,0,'2023-07-28 00:56:47',0,'2023-07-28 00:56:47',b'0'),
	(716119650034802688,'google',716119650026414080,99,0,'2023-07-28 00:56:47',0,'2023-07-28 00:56:47',b'0'),
	(716123420156256256,'add...',716123420143673344,99,0,'2023-07-28 01:11:46',0,'2023-07-28 01:11:46',b'0'),
	(716123421766868992,'add...',716123421687177216,99,0,'2023-07-28 01:11:46',0,'2023-07-28 01:11:46',b'0'),
	(716123466775945216,'facebook-2',716123466754973696,99,0,'2023-07-28 01:11:57',0,'2023-07-28 01:11:57',b'0'),
	(716123466784333824,'facebook-2',716123466754973697,99,0,'2023-07-28 01:11:57',0,'2023-07-28 01:11:57',b'0'),
	(716123466843054080,'google',716123466838859776,99,0,'2023-07-28 01:11:57',0,'2023-07-28 01:11:57',b'0'),
	(716127332749828096,'add...',716127332737245184,99,0,'2023-07-28 01:27:19',0,'2023-07-28 01:27:19',b'0'),
	(716127334276554752,'add...',716127334205251584,99,0,'2023-07-28 01:27:19',0,'2023-07-28 01:27:19',b'0'),
	(716127381517000704,'facebook-2',716127381500223488,99,0,'2023-07-28 01:27:31',0,'2023-07-28 01:27:31',b'0'),
	(716127381525389312,'facebook-2',716127381500223489,99,0,'2023-07-28 01:27:31',0,'2023-07-28 01:27:31',b'0'),
	(716127381584109568,'google',716127381579915264,99,0,'2023-07-28 01:27:31',0,'2023-07-28 01:27:31',b'0'),
	(716133610314293248,'add...',716133610301710336,99,0,'2023-07-28 01:52:16',0,'2023-07-28 01:52:16',b'0'),
	(716133611547418624,'add...',716133611518058496,99,0,'2023-07-28 01:52:16',0,'2023-07-28 01:52:16',b'0'),
	(716133656724267008,'facebook-2',716133656707489792,99,0,'2023-07-28 01:52:27',0,'2023-07-28 01:52:27',b'0'),
	(716133656732655616,'facebook-2',716133656707489793,99,0,'2023-07-28 01:52:27',0,'2023-07-28 01:52:27',b'0'),
	(716133656782987264,'google',716133656778792960,99,0,'2023-07-28 01:52:27',0,'2023-07-28 01:52:27',b'0'),
	(716146009410920448,'add...',716146009394143232,99,0,'2023-07-28 02:41:32',0,'2023-07-28 02:41:32',b'0'),
	(716146010572742656,'add...',716146010539188224,99,0,'2023-07-28 02:41:32',0,'2023-07-28 02:41:32',b'0'),
	(716146056240324608,'facebook-2',716146056223547392,99,0,'2023-07-28 02:41:43',0,'2023-07-28 02:41:43',b'0'),
	(716146056244518912,'facebook-2',716146056223547393,99,0,'2023-07-28 02:41:43',0,'2023-07-28 02:41:43',b'0'),
	(716146056311627776,'google',716146056303239168,99,0,'2023-07-28 02:41:43',0,'2023-07-28 02:41:43',b'0'),
	(716788748716630016,'add...',716788748695658496,99,0,'2023-07-29 21:15:33',0,'2023-07-29 21:15:33',b'0'),
	(716788749668737024,'add...',716788749639376896,99,0,'2023-07-29 21:15:33',0,'2023-07-29 21:15:33',b'0'),
	(716788795764137984,'facebook-2',716788795747360768,99,0,'2023-07-29 21:15:44',0,'2023-07-29 21:15:44',b'0'),
	(716788795776720896,'facebook-2',716788795747360769,99,0,'2023-07-29 21:15:44',0,'2023-07-29 21:15:44',b'0'),
	(716788795843829760,'google',716788795839635456,99,0,'2023-07-29 21:15:44',0,'2023-07-29 21:15:44',b'0'),
	(717757237937836032,'add...',717757237916864512,99,0,'2023-08-01 13:23:59',0,'2023-08-01 13:23:59',b'0'),
	(717757285031481344,'facebook-2',717757285014704128,99,0,'2023-08-01 13:24:10',0,'2023-08-01 13:24:10',b'0'),
	(717757285048258560,'facebook-2',717757285014704129,99,0,'2023-08-01 13:24:10',0,'2023-08-01 13:24:10',b'0'),
	(717757285190864896,'google',717757285174087680,99,0,'2023-08-01 13:24:10',0,'2023-08-01 13:24:10',b'0'),
	(717758954330918912,'add...',717758954091843584,99,0,'2023-08-01 13:30:48',0,'2023-08-01 13:30:48',b'0'),
	(717759039768891392,'add...',717759039756308480,99,0,'2023-08-01 13:31:08',0,'2023-08-01 13:31:08',b'0'),
	(717759040846827520,'add...',717759040825856000,99,0,'2023-08-01 13:31:08',0,'2023-08-01 13:31:08',b'0'),
	(717759087990804480,'facebook-2',717759087978221568,99,0,'2023-08-01 13:31:20',0,'2023-08-01 13:31:20',b'0'),
	(717759088003387392,'facebook-2',717759087978221569,99,0,'2023-08-01 13:31:20',0,'2023-08-01 13:31:20',b'0'),
	(717759088087273472,'google',717759088078884864,99,0,'2023-08-01 13:31:20',0,'2023-08-01 13:31:20',b'0'),
	(718652977262383104,'add...',718652977220440064,99,0,'2023-08-04 00:43:20',0,'2023-08-04 00:43:20',b'0'),
	(718652978382262272,'add...',718652978352902144,99,0,'2023-08-04 00:43:20',0,'2023-08-04 00:43:20',b'0'),
	(718653023554916352,'facebook-2',718653023529750528,99,0,'2023-08-04 00:43:31',0,'2023-08-04 00:43:31',b'0'),
	(718653023563304960,'facebook-2',718653023533944832,99,0,'2023-08-04 00:43:31',0,'2023-08-04 00:43:31',b'0'),
	(718653023634608128,'google',718653023630413824,99,0,'2023-08-04 00:43:31',0,'2023-08-04 00:43:31',b'0'),
	(718653499369345024,'add...',718653499356762112,99,0,'2023-08-04 00:45:24',0,'2023-08-04 00:45:24',b'0'),
	(718653500392755200,'add...',718653500363395072,99,0,'2023-08-04 00:45:24',0,'2023-08-04 00:45:24',b'0'),
	(718653549029904384,'facebook-2',718653549008932864,99,0,'2023-08-04 00:45:36',0,'2023-08-04 00:45:36',b'0'),
	(718653549038292992,'facebook-2',718653549008932865,99,0,'2023-08-04 00:45:36',0,'2023-08-04 00:45:36',b'0'),
	(718653549113790464,'google',718653549109596160,99,0,'2023-08-04 00:45:36',0,'2023-08-04 00:45:36',b'0'),
	(721395119495843840,'add...',721395119483260928,99,0,'2023-08-11 14:19:37',0,'2023-08-11 14:19:37',b'0'),
	(721395120569585664,'add...',721395120536031232,99,0,'2023-08-11 14:19:37',0,'2023-08-11 14:19:37',b'0'),
	(721395168590172160,'facebook-2',721395168569200640,99,0,'2023-08-11 14:19:49',0,'2023-08-11 14:19:49',b'0'),
	(721395168598560768,'facebook-2',721395168569200641,99,0,'2023-08-11 14:19:49',0,'2023-08-11 14:19:49',b'0'),
	(721395168661475328,'google',721395168657281024,99,0,'2023-08-11 14:19:49',0,'2023-08-11 14:19:49',b'0'),
	(723281727467831296,'add...',723281727455248384,99,0,'2023-08-16 19:16:20',0,'2023-08-16 19:16:20',b'0'),
	(723281728570933248,'add...',723281728520601600,99,0,'2023-08-16 19:16:20',0,'2023-08-16 19:16:20',b'0'),
	(723281776725737472,'facebook-2',723281776708960256,99,0,'2023-08-16 19:16:31',0,'2023-08-16 19:16:31',b'0'),
	(723281776729931776,'facebook-2',723281776708960257,99,0,'2023-08-16 19:16:31',0,'2023-08-16 19:16:31',b'0'),
	(723281776818012160,'google',723281776809623552,99,0,'2023-08-16 19:16:31',0,'2023-08-16 19:16:31',b'0'),
	(729133020438601728,'add...',729133020434407424,99,0,'2023-09-01 22:47:17',0,'2023-09-01 22:47:17',b'0'),
	(729133021331988480,'add...',729133021315211264,99,0,'2023-09-01 22:47:17',0,'2023-09-01 22:47:17',b'0'),
	(729133068035563520,'facebook-2',729133068010397696,99,0,'2023-09-01 22:47:28',0,'2023-09-01 22:47:28',b'0'),
	(729133068043952128,'facebook-2',729133068010397697,99,0,'2023-09-01 22:47:28',0,'2023-09-01 22:47:28',b'0'),
	(729133068115255296,'google',729133068111060992,99,0,'2023-09-01 22:47:28',0,'2023-09-01 22:47:28',b'0'),
	(729559379115773952,'add...',729559379111579648,99,0,'2023-09-03 03:01:28',0,'2023-09-03 03:01:28',b'0'),
	(729559380147572736,'add...',729559380118212608,99,0,'2023-09-03 03:01:29',0,'2023-09-03 03:01:29',b'0'),
	(729559427429961728,'facebook-2',729559427413184512,99,0,'2023-09-03 03:01:40',0,'2023-09-03 03:01:40',b'0'),
	(729559427434156032,'facebook-2',729559427413184513,99,0,'2023-09-03 03:01:40',0,'2023-09-03 03:01:40',b'0'),
	(729559427501264896,'google',729559427497070592,99,0,'2023-09-03 03:01:40',0,'2023-09-03 03:01:40',b'0'),
	(736413884985917440,'add...',736413884977528832,99,0,'2023-09-22 00:58:50',0,'2023-09-22 00:58:50',b'0'),
	(736413885820583936,'add...',736413885803806720,99,0,'2023-09-22 00:58:50',0,'2023-09-22 00:58:50',b'0'),
	(736413933954416640,'facebook-2',736413933933445120,99,0,'2023-09-22 00:59:02',0,'2023-09-22 00:59:02',b'0'),
	(736413933962805248,'facebook-2',736413933937639424,99,0,'2023-09-22 00:59:02',0,'2023-09-22 00:59:02',b'0'),
	(736413934147354624,'google',736413934143160320,99,0,'2023-09-22 00:59:02',0,'2023-09-22 00:59:02',b'0'),
	(736415229985964032,'add...',736415229973381120,99,0,'2023-09-22 01:04:11',0,'2023-09-22 01:04:11',b'0'),
	(736415231017762816,'add...',736415230980014080,99,0,'2023-09-22 01:04:11',0,'2023-09-22 01:04:11',b'0'),
	(736415277733920768,'facebook-2',736415277712949248,99,0,'2023-09-22 01:04:22',0,'2023-09-22 01:04:22',b'0'),
	(736415277742309376,'facebook-2',736415277717143552,99,0,'2023-09-22 01:04:22',0,'2023-09-22 01:04:22',b'0'),
	(736415277809418240,'google',736415277805223936,99,0,'2023-09-22 01:04:22',0,'2023-09-22 01:04:22',b'0'),
	(736416051343933440,'add...',736416051327156224,99,0,'2023-09-22 01:07:26',0,'2023-09-22 01:07:26',b'0'),
	(736416052329594880,'add...',736416052300234752,99,0,'2023-09-22 01:07:27',0,'2023-09-22 01:07:27',b'0'),
	(736416096260734976,'facebook-2',736416096239763456,99,0,'2023-09-22 01:07:37',0,'2023-09-22 01:07:37',b'0'),
	(736416096273317888,'facebook-2',736416096239763457,99,0,'2023-09-22 01:07:37',0,'2023-09-22 01:07:37',b'0'),
	(736416096323649536,'google',736416096319455232,99,0,'2023-09-22 01:07:37',0,'2023-09-22 01:07:37',b'0'),
	(736418353383489536,'add...',736418353379295232,99,0,'2023-09-22 01:16:35',0,'2023-09-22 01:16:35',b'0'),
	(736418354419482624,'add...',736418354394316800,99,0,'2023-09-22 01:16:35',0,'2023-09-22 01:16:35',b'0'),
	(736418398635835392,'facebook-2',736418398623252480,99,0,'2023-09-22 01:16:46',0,'2023-09-22 01:16:46',b'0'),
	(736418398648418304,'facebook-2',736418398623252481,99,0,'2023-09-22 01:16:46',0,'2023-09-22 01:16:46',b'0'),
	(736418398698749952,'google',736418398694555648,99,0,'2023-09-22 01:16:46',0,'2023-09-22 01:16:46',b'0'),
	(736418689645035520,'add...',736418689636646912,99,0,'2023-09-22 01:17:55',0,'2023-09-22 01:17:55',b'0'),
	(736418690601336832,'add...',736418690576171008,99,0,'2023-09-22 01:17:56',0,'2023-09-22 01:17:56',b'0'),
	(736418734469562368,'facebook-2',736418734456979456,99,0,'2023-09-22 01:18:06',0,'2023-09-22 01:18:06',b'0'),
	(736418734473756672,'facebook-2',736418734456979457,99,0,'2023-09-22 01:18:06',0,'2023-09-22 01:18:06',b'0'),
	(736418734540865536,'google',736418734536671232,99,0,'2023-09-22 01:18:06',0,'2023-09-22 01:18:06',b'0'),
	(784652312529342464,'add...',784652312520953856,99,0,'2024-02-02 03:41:07',0,'2024-02-02 03:41:07',b'0'),
	(784652313963794432,'add...',784652313921851392,99,0,'2024-02-02 03:41:08',0,'2024-02-02 03:41:08',b'0'),
	(784652324269199360,'facebook-2',784652324260810752,99,0,'2024-02-02 03:41:10',0,'2024-02-02 03:41:10',b'0'),
	(784652324273393664,'facebook-2',784652324260810753,99,0,'2024-02-02 03:41:10',0,'2024-02-02 03:41:10',b'0'),
	(784652324353085440,'google',784652324348891136,99,0,'2024-02-02 03:41:10',0,'2024-02-02 03:41:10',b'0'),
	(784653802383872000,'add...',784653802375483392,99,0,'2024-02-02 03:47:02',0,'2024-02-02 03:47:02',b'0'),
	(784653803684106240,'add...',784653803654746112,99,0,'2024-02-02 03:47:03',0,'2024-02-02 03:47:03',b'0'),
	(784653815025504256,'facebook-2',784653815008727040,99,0,'2024-02-02 03:47:05',0,'2024-02-02 03:47:05',b'0'),
	(784653815033892864,'facebook-2',784653815008727041,99,0,'2024-02-02 03:47:05',0,'2024-02-02 03:47:05',b'0'),
	(784653815189082112,'google',784653815180693504,99,0,'2024-02-02 03:47:06',0,'2024-02-02 03:47:06',b'0'),
	(784653816095051776,'rick',479723134929764352,110,0,'2024-02-02 03:47:06',0,'2024-02-02 03:47:06',b'0');

/*!40000 ALTER TABLE `t_project_detail1` ENABLE KEYS */;
UNLOCK TABLES;


# Dump of table t_project_detail2
# ------------------------------------------------------------

CREATE TABLE `t_project_detail2` (
  `id` bigint NOT NULL,
  `title` varchar(32) NOT NULL,
  `project_id` bigint NOT NULL,
  `group_id` bigint NOT NULL,
  `create_by` bigint NOT NULL,
  `create_time` datetime DEFAULT NULL,
  `update_by` bigint NOT NULL,
  `update_time` datetime DEFAULT NULL,
  `is_deleted` bit(1) NOT NULL,
  PRIMARY KEY (`id`)
) ENGINE=InnoDB DEFAULT CHARSET=utf8mb4 COLLATE=utf8mb4_0900_ai_ci;

LOCK TABLES `t_project_detail2` WRITE;
/*!40000 ALTER TABLE `t_project_detail2` DISABLE KEYS */;

INSERT INTO `t_project_detail2` (`id`, `title`, `project_id`, `group_id`, `create_by`, `create_time`, `update_by`, `update_time`, `is_deleted`)
VALUES
	(1,'11',479723663504343042,0,0,'2021-10-30 00:30:55',0,'2023-03-13 23:46:09',b'0'),
	(2,'22',479723663504343043,0,0,'2021-10-30 00:30:55',0,'2023-03-13 23:46:09',b'0');

/*!40000 ALTER TABLE `t_project_detail2` ENABLE KEYS */;
UNLOCK TABLES;


# Dump of table t_project_detail3
# ------------------------------------------------------------

CREATE TABLE `t_project_detail3` (
  `id` bigint NOT NULL,
  `title` varchar(32) NOT NULL,
  `project_id` bigint NOT NULL,
  `group_id` bigint NOT NULL,
  `create_by` bigint NOT NULL,
  `create_time` datetime DEFAULT NULL,
  `update_by` bigint NOT NULL,
  `update_time` datetime DEFAULT NULL,
  `is_deleted` bit(1) NOT NULL,
  PRIMARY KEY (`id`)
) ENGINE=InnoDB DEFAULT CHARSET=utf8mb4 COLLATE=utf8mb4_0900_ai_ci;

LOCK TABLES `t_project_detail3` WRITE;
/*!40000 ALTER TABLE `t_project_detail3` DISABLE KEYS */;

INSERT INTO `t_project_detail3` (`id`, `title`, `project_id`, `group_id`, `create_by`, `create_time`, `update_by`, `update_time`, `is_deleted`)
VALUES
	(1,'11',479723663504343042,0,0,'2021-10-30 00:30:55',0,'2021-11-01 17:53:02',b'0'),
	(2,'22',479723663504343043,0,0,'2021-10-30 00:30:55',0,'2021-11-01 17:53:02',b'0');

/*!40000 ALTER TABLE `t_project_detail3` ENABLE KEYS */;
UNLOCK TABLES;


# Dump of table t_project1
# ------------------------------------------------------------

CREATE TABLE `t_project1` (
  `id` bigint NOT NULL,
  `title` varchar(255) NOT NULL,
  `description` varchar(255) DEFAULT NULL,
  `map` text,
  `create_by` bigint DEFAULT NULL,
  `create_time` datetime DEFAULT NULL,
  `update_by` bigint DEFAULT NULL,
  `update_time` datetime DEFAULT NULL,
  `is_deleted` bit(1) DEFAULT NULL,
  `cover_url` varchar(500) DEFAULT NULL,
  `owner_id` bigint DEFAULT NULL,
  `sex` char(1) DEFAULT NULL COMMENT '性别',
  `address` text,
  `status` varchar(255) DEFAULT NULL,
  `list` text,
  `phone_number` varchar(32) DEFAULT NULL,
  PRIMARY KEY (`id`)
) ENGINE=InnoDB DEFAULT CHARSET=utf8mb4 COLLATE=utf8mb4_0900_ai_ci;

LOCK TABLES `t_project1` WRITE;
/*!40000 ALTER TABLE `t_project1` DISABLE KEYS */;

INSERT INTO `t_project1` (`id`, `title`, `description`, `map`, `create_by`, `create_time`, `update_by`, `update_time`, `is_deleted`, `cover_url`, `owner_id`, `sex`, `address`, `status`, `list`, `phone_number`)
VALUES
	(479723134929764352,'title-entity-update','项目描述','{\"hello\":\"world\"}',11,'2021-10-30 13:01:10',0,'2024-02-02 03:47:06',b'0','http://',9,'2','{\"code\":\"001\",\"detail\":\"苏州\"}','NORMAL','[{\"code\":\"001\",\"detail\":\"苏州\"}]','816-18888888888'),
	(479723663504343040,'title','new-description222','{\"hello\":\"world\"}',156629745675451,'2021-10-13 17:03:32',0,'2024-02-02 03:47:06',b'0','http://',1,'1','{\"code\":\"001\",\"detail\":\"苏州\"}','LOCKED','[{\"code\":\"001\",\"detail\":\"苏州\"}]','816-18888888888'),
	(479723663504343041,'title-update','description','{\"hello\":\"world\"}',156629745675451,'2021-10-13 17:03:32',0,'2024-02-02 03:47:06',b'0','http://',1,'1','{}','LOCKED','[]','2311-223323'),
	(479723663504343042,'batch: 1706816825885','description: 1706816825885','{\"hello\":\"world\"}',156629745675451,'2021-10-13 17:03:32',0,'2024-02-02 03:47:06',b'0','http://',1,'0','{}','LOCKED','[]','2311-223323'),
	(479723663504343043,'batch: 1706816825885','description: 1706816825885','{\"hello\":\"world\"}',156629745675451,'2021-10-13 17:03:32',0,'2024-02-02 03:47:06',b'0','http://',1,'0','{}','LOCKED','[]','2311-223323');

/*!40000 ALTER TABLE `t_project1` ENABLE KEYS */;
UNLOCK TABLES;


# Dump of table t_project2
# ------------------------------------------------------------

CREATE TABLE `t_project2` (
  `id` bigint NOT NULL,
  `title` varchar(255) NOT NULL,
  `description` varchar(255) DEFAULT NULL,
  `create_by` bigint DEFAULT NULL,
  `create_time` datetime DEFAULT NULL,
  `update_by` bigint DEFAULT NULL,
  `update_time` datetime DEFAULT NULL,
  `is_deleted` bit(1) DEFAULT NULL,
  `cover_url` varchar(500) DEFAULT NULL,
  `owner_id` bigint DEFAULT NULL,
  `sex` char(1) DEFAULT NULL COMMENT '性别',
  `address` text,
  `status` varchar(255) DEFAULT NULL,
  `list` text,
  `phone_number` varchar(32) DEFAULT NULL,
  PRIMARY KEY (`id`)
) ENGINE=InnoDB DEFAULT CHARSET=utf8mb4 COLLATE=utf8mb4_0900_ai_ci;

LOCK TABLES `t_project2` WRITE;
/*!40000 ALTER TABLE `t_project2` DISABLE KEYS */;

INSERT INTO `t_project2` (`id`, `title`, `description`, `create_by`, `create_time`, `update_by`, `update_time`, `is_deleted`, `cover_url`, `owner_id`, `sex`, `address`, `status`, `list`, `phone_number`)
VALUES
	(479723134929764352,'title-entity-update','项目描述',11,'2021-10-30 13:01:10',0,'2024-02-02 03:47:05',b'0','http://',9,'2','{\"code\":\"001\",\"detail\":\"苏州\"}','NORMAL','[{\"code\":\"001\",\"detail\":\"苏州\"}]','816-18888888888'),
	(479723663504343040,'title','new-description222',156629745675451,'2021-10-13 17:03:32',0,'2024-02-02 03:47:05',b'0','http://',1,'1','{\"code\":\"001\",\"detail\":\"苏州\"}','LOCKED','[{\"code\":\"001\",\"detail\":\"苏州\"}]','816-18888888888'),
	(479723663504343041,'title-update','description',156629745675451,'2021-10-13 17:03:32',0,'2024-02-02 03:47:05',b'0','http://',1,'1','{}','LOCKED','[]','2311-223323'),
	(479723663504343042,'batch: 1706816824910','description: 1706816824910',156629745675451,'2021-10-13 17:03:32',0,'2024-02-02 03:47:05',b'0','http://',1,NULL,NULL,NULL,NULL,NULL),
	(479723663504343043,'batch: 1706816824910','description: 1706816824910',156629745675451,'2021-10-13 17:03:32',0,'2024-02-02 03:47:05',b'0','http://',1,NULL,NULL,NULL,NULL,NULL);

/*!40000 ALTER TABLE `t_project2` ENABLE KEYS */;
UNLOCK TABLES;


# Dump of table t_project3
# ------------------------------------------------------------

CREATE TABLE `t_project3` (
  `id` bigint NOT NULL,
  `title` varchar(255) NOT NULL,
  `description` varchar(255) DEFAULT NULL,
  `create_by` bigint DEFAULT NULL,
  `create_time` datetime DEFAULT NULL,
  `update_by` bigint DEFAULT NULL,
  `update_time` datetime DEFAULT NULL,
  `is_deleted` bit(1) DEFAULT NULL,
  `cover_url` varchar(500) DEFAULT NULL,
  `owner_id` bigint DEFAULT NULL,
  `sex` char(1) DEFAULT NULL COMMENT '性别',
  `address` text,
  `status` varchar(255) DEFAULT NULL,
  `list` text,
  `phone_number` varchar(32) DEFAULT NULL,
  PRIMARY KEY (`id`)
) ENGINE=InnoDB DEFAULT CHARSET=utf8mb4 COLLATE=utf8mb4_0900_ai_ci;

LOCK TABLES `t_project3` WRITE;
/*!40000 ALTER TABLE `t_project3` DISABLE KEYS */;

INSERT INTO `t_project3` (`id`, `title`, `description`, `create_by`, `create_time`, `update_by`, `update_time`, `is_deleted`, `cover_url`, `owner_id`, `sex`, `address`, `status`, `list`, `phone_number`)
VALUES
	(479723134929764352,'rick','desc',NULL,NULL,0,'2024-02-02 03:47:05',b'0','http://',9,'2','{\"code\":\"001\",\"detail\":\"苏州\"}','NORMAL','[{\"code\":\"001\",\"detail\":\"苏州\"}]','816-18888888888'),
	(479723663504343040,'title','new-description222',156629745675451,'2021-10-13 17:03:32',0,'2021-11-01 17:53:02',b'0','http://',1,'1','{\"code\":\"001\",\"detail\":\"苏州\"}','LOCKED','[{\"code\":\"001\",\"detail\":\"苏州\"}]','816-18888888888'),
	(479723663504343041,'title-update','description',156629745675451,'2021-10-13 17:03:32',0,'2022-11-25 17:19:45',b'0','http://',1,'1','{}','LOCKED','[]','2311-223323'),
	(479723663504343042,'batch: 1635760381519','description: 1635760381520',156629745675451,'2021-10-13 17:03:32',0,'2021-11-01 17:53:02',b'0','http://',1,'0','{}','LOCKED','[]','2311-223323'),
	(479723663504343043,'batch: 1635760381519','description: 1635760381520',156629745675451,'2021-10-13 17:03:32',0,'2021-11-01 17:53:02',b'0','http://',1,'0','{}','LOCKED','[]','2311-223323');

/*!40000 ALTER TABLE `t_project3` ENABLE KEYS */;
UNLOCK TABLES;


# Dump of table t_role
# ------------------------------------------------------------

CREATE TABLE `t_role` (
  `id` bigint NOT NULL COMMENT '主键',
  `name` varchar(32) DEFAULT NULL,
  `create_by` bigint DEFAULT NULL,
  `create_time` datetime DEFAULT NULL,
  `update_by` bigint DEFAULT NULL,
  `update_time` datetime DEFAULT NULL,
  `is_deleted` bit(1) DEFAULT NULL,
  PRIMARY KEY (`id`)
) ENGINE=InnoDB DEFAULT CHARSET=utf8mb4 COLLATE=utf8mb4_0900_ai_ci;

LOCK TABLES `t_role` WRITE;
/*!40000 ALTER TABLE `t_role` DISABLE KEYS */;

INSERT INTO `t_role` (`id`, `name`, `create_by`, `create_time`, `update_by`, `update_time`, `is_deleted`)
VALUES
	(530861443353075712,'admin',1,'2022-05-01 10:06:38',1,'2022-05-01 10:06:41',b'0'),
	(530861443353075714,'system',1,'2022-05-01 10:06:38',1,'2022-05-01 10:06:41',b'0'),
	(664271916684554240,'Admin',0,'2023-03-06 23:12:24',0,'2023-03-06 23:12:24',b'0'),
	(689585117265399808,'Admin',0,'2023-05-15 19:38:02',0,'2023-05-15 19:38:02',b'0'),
	(689585543838699520,'Admin',0,'2023-05-15 19:39:43',0,'2023-05-15 19:39:43',b'0'),
	(689586479046856704,'Admin',0,'2023-05-15 19:43:26',0,'2023-05-15 19:43:26',b'0'),
	(689639144091054080,'Admin',0,'2023-05-15 23:12:43',0,'2023-05-15 23:12:43',b'0'),
	(695366925097680896,'Admin',0,'2023-05-31 18:32:52',0,'2023-05-31 18:32:52',b'0'),
	(695439131509047296,'Admin',0,'2023-05-31 23:19:47',0,'2023-05-31 23:19:47',b'0'),
	(695440109180338176,'Admin',0,'2023-05-31 23:23:40',0,'2023-05-31 23:23:40',b'0'),
	(695440302386757632,'Admin',0,'2023-05-31 23:24:27',0,'2023-05-31 23:24:27',b'0'),
	(695440839660322816,'Admin',0,'2023-05-31 23:26:35',0,'2023-05-31 23:26:35',b'0'),
	(695441160734294016,'Admin',0,'2023-05-31 23:27:51',0,'2023-05-31 23:27:51',b'0'),
	(695441400874975232,'Admin',0,'2023-05-31 23:28:48',0,'2023-05-31 23:28:48',b'0'),
	(695441926219939840,'Admin',0,'2023-05-31 23:30:54',0,'2023-05-31 23:30:54',b'0'),
	(695790159949496320,'Admin',0,'2023-06-01 22:34:39',0,'2023-06-01 22:34:39',b'0'),
	(696077647574208512,'Admin',0,'2023-06-02 17:37:01',0,'2023-06-02 17:37:01',b'0'),
	(699097459858636800,'Admin',0,'2023-06-11 01:36:41',0,'2023-06-11 01:36:41',b'0'),
	(699098269174759424,'Admin',0,'2023-06-11 01:39:54',0,'2023-06-11 01:39:54',b'0'),
	(699098498297004032,'Admin',0,'2023-06-11 01:40:48',0,'2023-06-11 01:40:48',b'0'),
	(699098868431749120,'Admin',0,'2023-06-11 01:42:17',0,'2023-06-11 01:42:17',b'0'),
	(699959135755599872,'Admin',0,'2023-06-13 10:40:40',0,'2023-06-13 10:40:40',b'0'),
	(705488404262969344,'Admin',0,'2023-06-28 16:52:01',0,'2023-06-28 16:52:01',b'0'),
	(706177209731158016,'Admin',0,'2023-06-30 14:29:05',0,'2023-06-30 14:29:05',b'0'),
	(706178275390558208,'Admin',0,'2023-06-30 14:33:19',0,'2023-06-30 14:33:19',b'0'),
	(706193889152765952,'Admin',0,'2023-06-30 15:35:21',0,'2023-06-30 15:35:21',b'0'),
	(706224251706839040,'Admin',0,'2023-06-30 17:36:00',0,'2023-06-30 17:36:00',b'0'),
	(706399766744961024,'Admin',0,'2023-07-01 05:13:26',0,'2023-07-01 05:13:26',b'0'),
	(706553016362242048,'Admin',0,'2023-07-01 15:22:24',0,'2023-07-01 15:22:24',b'0'),
	(706554894793871360,'Admin',0,'2023-07-01 15:29:52',0,'2023-07-01 15:29:52',b'0'),
	(707297507868184576,'Admin',0,'2023-07-03 16:40:45',0,'2023-07-03 16:40:45',b'0'),
	(707297869052284928,'Admin',0,'2023-07-03 16:42:11',0,'2023-07-03 16:42:11',b'0'),
	(707378809896210432,'Admin',0,'2023-07-03 22:03:49',0,'2023-07-03 22:03:49',b'0'),
	(707379026158718976,'Admin',0,'2023-07-03 22:04:40',0,'2023-07-03 22:04:40',b'0'),
	(707379156161171456,'Admin',0,'2023-07-03 22:05:11',0,'2023-07-03 22:05:11',b'0'),
	(707586249745010688,'Admin',0,'2023-07-04 11:48:06',0,'2023-07-04 11:48:06',b'0'),
	(708015877093625856,'Admin',0,'2023-07-05 16:15:17',0,'2023-07-05 16:15:17',b'0'),
	(708016803183366144,'Admin',0,'2023-07-05 16:18:58',0,'2023-07-05 16:18:58',b'0'),
	(708085378933886976,'Admin',0,'2023-07-05 20:51:28',0,'2023-07-05 20:51:28',b'0'),
	(708828143128940544,'Admin',0,'2023-07-07 22:02:57',0,'2023-07-07 22:02:57',b'0'),
	(708829292913496064,'Admin',0,'2023-07-07 22:07:31',0,'2023-07-07 22:07:31',b'0'),
	(708882199058870272,'Admin',0,'2023-07-08 01:37:44',0,'2023-07-08 01:37:44',b'0'),
	(708883620059705344,'Admin',0,'2023-07-08 01:43:23',0,'2023-07-08 01:43:23',b'0'),
	(708883927661572096,'Admin',0,'2023-07-08 01:44:37',0,'2023-07-08 01:44:37',b'0'),
	(710570772678053888,'Admin',0,'2023-07-12 17:27:32',0,'2023-07-12 17:27:32',b'0'),
	(711293579330326528,'Admin',0,'2023-07-14 17:19:42',0,'2023-07-14 17:19:42',b'0'),
	(711296970710323200,'Admin',0,'2023-07-14 17:33:11',0,'2023-07-14 17:33:11',b'0'),
	(712508022835908608,'Admin',0,'2023-07-18 01:45:28',0,'2023-07-18 01:45:28',b'0'),
	(715398508915482624,'Admin',0,'2023-07-26 01:11:14',0,'2023-07-26 01:11:14',b'0'),
	(716076960756817920,'Admin',0,'2023-07-27 22:07:09',0,'2023-07-27 22:07:09',b'0'),
	(716106664335400960,'Admin',0,'2023-07-28 00:05:11',0,'2023-07-28 00:05:11',b'0'),
	(716119646620639232,'Admin',0,'2023-07-28 00:56:46',0,'2023-07-28 00:56:46',b'0'),
	(716123464234196992,'Admin',0,'2023-07-28 01:11:57',0,'2023-07-28 01:11:57',b'0'),
	(716127379260465152,'Admin',0,'2023-07-28 01:27:30',0,'2023-07-28 01:27:30',b'0'),
	(716133654379651072,'Admin',0,'2023-07-28 01:52:26',0,'2023-07-28 01:52:26',b'0'),
	(716146053673410560,'Admin',0,'2023-07-28 02:41:42',0,'2023-07-28 02:41:42',b'0'),
	(716788793310470144,'Admin',0,'2023-07-29 21:15:43',0,'2023-07-29 21:15:43',b'0'),
	(717757282489733120,'Admin',0,'2023-08-01 13:24:09',0,'2023-08-01 13:24:09',b'0'),
	(717759085285478400,'Admin',0,'2023-08-01 13:31:19',0,'2023-08-01 13:31:19',b'0'),
	(718653019725516800,'Admin',0,'2023-08-04 00:43:30',0,'2023-08-04 00:43:30',b'0'),
	(718653546102280192,'Admin',0,'2023-08-04 00:45:35',0,'2023-08-04 00:45:35',b'0'),
	(721395165171814400,'Admin',0,'2023-08-11 14:19:48',0,'2023-08-11 14:19:48',b'0'),
	(723281774238515200,'Admin',0,'2023-08-16 19:16:31',0,'2023-08-16 19:16:31',b'0'),
	(729133064793366528,'Admin',0,'2023-09-01 22:47:27',0,'2023-09-01 22:47:27',b'0'),
	(729559424879824896,'Admin',0,'2023-09-03 03:01:39',0,'2023-09-03 03:01:39',b'0'),
	(736413930838048768,'Admin',0,'2023-09-22 00:59:01',0,'2023-09-22 00:59:01',b'0'),
	(736415274433003520,'Admin',0,'2023-09-22 01:04:21',0,'2023-09-22 01:04:21',b'0'),
	(736416093853204480,'Admin',0,'2023-09-22 01:07:37',0,'2023-09-22 01:07:37',b'0'),
	(736418395603353600,'Admin',0,'2023-09-22 01:16:45',0,'2023-09-22 01:16:45',b'0'),
	(736418731898454016,'Admin',0,'2023-09-22 01:18:05',0,'2023-09-22 01:18:05',b'0'),
	(784652322901856256,'Admin',0,'2024-02-02 03:41:10',0,'2024-02-02 03:41:10',b'0'),
	(784653813410697216,'Admin',0,'2024-02-02 03:47:05',0,'2024-02-02 03:47:05',b'0');

/*!40000 ALTER TABLE `t_role` ENABLE KEYS */;
UNLOCK TABLES;


# Dump of table t_school
# ------------------------------------------------------------

CREATE TABLE `t_school` (
  `id` bigint NOT NULL COMMENT '主键',
  `name` varchar(32) DEFAULT NULL COMMENT '学校名称',
  `build_date` date DEFAULT NULL COMMENT '建校日期',
  `type` varchar(16) DEFAULT NULL COMMENT '学校性质 PRIVATE：私立；PUBLIC：公立',
  `budget` decimal(10,4) DEFAULT NULL COMMENT '每年经费预算',
  `score` int DEFAULT NULL COMMENT '专业数',
  `address` json DEFAULT NULL COMMENT '学校地址',
  `additional_info` json DEFAULT NULL COMMENT '其他信息',
  `leadership_information_list` json DEFAULT NULL COMMENT '历届领导信息',
  `awards_set` varchar(32) DEFAULT NULL COMMENT '历届获奖信息',
  `score_list` json DEFAULT NULL COMMENT '历届学校评分',
  `evaluate` varchar(128) DEFAULT NULL COMMENT '学校评价',
  `school_license_id` bigint DEFAULT NULL COMMENT '证书信息',
  `create_by` bigint DEFAULT NULL,
  `create_time` datetime DEFAULT NULL,
  `update_by` bigint DEFAULT NULL,
  `update_time` datetime DEFAULT NULL,
  `is_deleted` bit(1) DEFAULT NULL,
  PRIMARY KEY (`id`),
  KEY `t_school_t_school_license_id_fk` (`school_license_id`),
  CONSTRAINT `t_school_t_school_license_id_fk` FOREIGN KEY (`school_license_id`) REFERENCES `t_school_license` (`id`)
) ENGINE=InnoDB DEFAULT CHARSET=utf8mb4 COLLATE=utf8mb4_0900_ai_ci COMMENT='学校';

LOCK TABLES `t_school` WRITE;
/*!40000 ALTER TABLE `t_school` DISABLE KEYS */;

INSERT INTO `t_school` (`id`, `name`, `build_date`, `type`, `budget`, `score`, `address`, `additional_info`, `leadership_information_list`, `awards_set`, `score_list`, `evaluate`, `school_license_id`, `create_by`, `create_time`, `update_by`, `update_time`, `is_deleted`)
VALUES
	(552173736070144000,'清华大学','2022-05-01','PUBLIC',111323.2300,100,'{\"code\": \"100084\", \"detail\": \"中华人民共和国北京市海淀区清华园\"}','{\"Teacher Count\": 3641}','[{\"Principal\": \"王希勤\"}]','[{\"c\":\"C9联盟\"}]','[99.9, 98, 100]','Evaluate{grade=1, description=\'GREAT!\'}',552173735432609792,0,'2022-05-01 15:14:15',0,'2024-02-02 03:47:04',b'0'),
	(552181593272410112,'清华大学','2022-05-01','PUBLIC',111323.2300,100,'{\"code\": \"100084\", \"detail\": \"中华人民共和国北京市海淀区清华园\"}','{\"Teacher Count\": 3641}','[{\"Principal\": \"王希勤\"}]','[{\"c\":\"C9联盟\"}]','[99.9, 98, 100]','Evaluate{grade=1, description=\'GREAT!\'}',552181593041723392,0,'2022-05-01 15:45:29',0,'2022-05-01 15:45:29',b'0'),
	(552190661475098624,'清华大学','2022-05-01','PUBLIC',111323.2300,100,'{\"code\": \"100084\", \"detail\": \"中华人民共和国北京市海淀区清华园\"}','{\"Teacher Count\": 3641}','[{\"Principal\": \"王希勤\"}]','[{\"c\":\"C9联盟\"}]','[99.9, 98, 100]','Evaluate{grade=1, description=\'GREAT!\'}',552190661105999872,0,'2022-05-01 16:21:31',0,'2022-05-01 16:21:31',b'0'),
	(552208057531293696,'北京大学','2022-05-01','PUBLIC',111323.2300,100,'{\"code\": \"100084\", \"detail\": \"中华人民共和国北京市海淀区清华园\"}','{\"Teacher Count\": 3641}','[{\"Principal\": \"王希勤\"}]','[{\"c\":\"C9联盟\"}]','[99.9, 98, 100]','Evaluate{grade=1, description=\'\'GREAT!\'\'}',NULL,0,'2022-05-01 17:30:38',0,'2022-05-01 17:30:38',b'0'),
	(552209760301277184,'清华大学','2022-05-01','PUBLIC',111323.2300,100,'{\"code\": \"100084\", \"detail\": \"中华人民共和国北京市海淀区清华园\"}','{\"Teacher Count\": 3641}','[{\"Principal\": \"王希勤\"}]','[{\"c\":\"C9联盟\"}]','[99.9, 98, 100]','Evaluate{grade=1, description=\'GREAT!\'}',552209760028647424,0,'2022-05-01 17:37:24',0,'2022-05-01 17:37:24',b'0'),
	(552214228891787264,'苏州大学','2022-05-02','PUBLIC',111323.2300,100,'{\"code\": \"100084\", \"detail\": \"中华人民共和国北京市海淀区清华园\"}','{\"Teacher Count\": 3641}','[{\"Principal\": \"王希勤\"}]','[{\"c\":\"C9联盟\"}]','[99.9, 98, 100]','Evaluate{grade=1, description=\'\'GREAT!\'\'}',NULL,0,'2022-05-01 17:55:10',0,'2022-05-01 17:55:10',b'0'),
	(552215222295912448,'清华大学','2022-05-01','PUBLIC',111323.2300,100,'{\"code\": \"100084\", \"detail\": \"中华人民共和国北京市海淀区清华园\"}','{\"Teacher Count\": 3641}','[{\"Principal\": \"王希勤\"}]','[{\"c\":\"C9联盟\"}]','[99.9, 98, 100]','Evaluate{grade=1, description=\'GREAT!\'}',552215221977145344,0,'2022-05-01 17:59:06',0,'2022-05-01 17:59:06',b'0'),
	(552257373503414272,'清华大学','2022-05-01','PUBLIC',111323.2300,100,'{\"code\": \"100084\", \"detail\": \"中华人民共和国北京市海淀区清华园\"}','{\"Teacher Count\": 3641}','[{\"Principal\": \"王希勤\"}]','[{\"c\":\"C9联盟\"}]','[99.9, 98, 100]','Evaluate{grade=1, description=\'GREAT!\'}',552257373255950336,0,'2022-05-01 20:46:36',0,'2022-05-01 20:46:36',b'0'),
	(552257637878784000,'清华大学','2022-05-01','PUBLIC',111323.2300,100,'{\"code\": \"100084\", \"detail\": \"中华人民共和国北京市海淀区清华园\"}','{\"Teacher Count\": 3641}','[{\"Principal\": \"王希勤\"}]','[{\"c\":\"C9联盟\"}]','[99.9, 98, 100]','Evaluate{grade=1, description=\'GREAT!\'}',552257637601959936,0,'2022-05-01 20:47:39',0,'2022-05-01 20:47:39',b'0'),
	(552259812554104832,'清华大学','2022-05-01','PUBLIC',111323.2300,100,'{\"code\": \"100084\", \"detail\": \"中华人民共和国北京市海淀区清华园\"}','{\"Teacher Count\": 3641}','[{\"Principal\": \"王希勤\"}]','[{\"c\":\"C9联盟\"}]','[99.9, 98, 100]','Evaluate{grade=1, description=\'GREAT!\'}',552259812176617472,0,'2022-05-01 20:56:18',0,'2022-05-01 20:56:18',b'0'),
	(554013078023495680,'清华大学','2022-05-06','PUBLIC',111323.2300,100,'{\"code\": \"100084\", \"detail\": \"中华人民共和国北京市海淀区清华园\"}','{\"Teacher Count\": 3641}','[{\"Principal\": \"王希勤\"}]','[{\"c\":\"C9联盟\"}]','[99.9, 98, 100]','Evaluate{grade=1, description=\'GREAT!\'}',554013077847334912,0,'2022-05-06 17:03:09',0,'2022-05-06 17:03:09',b'0'),
	(554016042414956544,'清华大学','2022-05-06','PUBLIC',111323.2300,100,'{\"code\": \"100084\", \"detail\": \"中华人民共和国北京市海淀区清华园\"}','{\"Teacher Count\": 3641}','[{\"Principal\": \"王希勤\"}]','[{\"c\":\"C9联盟\"}]','[99.9, 98, 100]','Evaluate{grade=1, description=\'GREAT!\'}',554016041978748928,0,'2022-05-06 17:14:55',0,'2022-05-06 17:14:55',b'0'),
	(554016445240107008,'清华大学','2022-05-06','PUBLIC',111323.2300,100,'{\"code\": \"100084\", \"detail\": \"中华人民共和国北京市海淀区清华园\"}','{\"Teacher Count\": 3641}','[{\"Principal\": \"王希勤\"}]','[{\"c\":\"C9联盟\"}]','[99.9, 98, 100]','Evaluate{grade=1, description=\'GREAT!\'}',554016444808093696,0,'2022-05-06 17:16:31',0,'2022-05-06 17:16:31',b'0'),
	(554016914201042944,'清华大学','2022-05-06','PUBLIC',111323.2300,100,'{\"code\": \"100084\", \"detail\": \"中华人民共和国北京市海淀区清华园\"}','{\"Teacher Count\": 3641}','[{\"Principal\": \"王希勤\"}]','[{\"c\":\"C9联盟\"}]','[99.9, 98, 100]','Evaluate{grade=1, description=\'GREAT!\'}',554016913991327744,0,'2022-05-06 17:18:23',0,'2022-05-06 17:18:23',b'0'),
	(554056065680072704,'清华大学','2022-05-06','PUBLIC',111323.2300,100,'{\"code\": \"100084\", \"detail\": \"中华人民共和国北京市海淀区清华园\"}','{\"Teacher Count\": 3641}','[{\"Principal\": \"王希勤\"}]','[{\"c\":\"C9联盟\"}]','[99.9, 98, 100]','Evaluate{grade=1, description=\'GREAT!\'}',554056065323556864,0,'2022-05-06 19:53:58',0,'2022-05-06 19:53:58',b'0'),
	(554064101417082880,'清华大学','2022-05-06','PUBLIC',111323.2300,100,'{\"code\": \"100084\", \"detail\": \"中华人民共和国北京市海淀区清华园\"}','{\"Teacher Count\": 3641}','[{\"Principal\": \"王希勤\"}]','[{\"c\":\"C9联盟\"}]','[99.9, 98, 100]','Evaluate{grade=1, description=\'GREAT!\'}',554064101194784768,0,'2022-05-06 20:25:54',0,'2022-05-06 20:25:54',b'0'),
	(556602158892638208,'清华大学','2022-05-13','PUBLIC',111323.2300,100,'{\"code\": \"100084\", \"detail\": \"中华人民共和国北京市海淀区清华园\"}','{\"Teacher Count\": 3641}','[{\"Principal\": \"王希勤\"}]','[{\"c\":\"C9联盟\"}]','[99.9, 98, 100]','Evaluate{grade=1, description=\'GREAT!\'}',556602158682923008,0,'2022-05-13 20:31:14',0,'2022-05-13 20:31:14',b'0'),
	(556615272472174592,'清华大学','2022-05-13','PUBLIC',111323.2300,100,'{\"code\": \"100084\", \"detail\": \"中华人民共和国北京市海淀区清华园\"}','{\"Teacher Count\": 3641}','[{\"Principal\": \"王希勤\"}]','[{\"c\":\"C9联盟\"}]','[99.9, 98, 100]','Evaluate{grade=1, description=\'GREAT!\'}',556615272241487872,0,'2022-05-13 21:23:20',0,'2022-05-13 21:23:20',b'0'),
	(556620947512287232,'清华大学','2022-05-13','PUBLIC',111323.2300,100,'{\"code\": \"100084\", \"detail\": \"中华人民共和国北京市海淀区清华园\"}','{\"Teacher Count\": 3641}','[{\"Principal\": \"王希勤\"}]','[{\"c\":\"C9联盟\"}]','[99.9, 98, 100]','Evaluate{grade=1, description=\'GREAT!\'}',556620947059302400,0,'2022-05-13 21:45:53',0,'2022-05-13 21:45:53',b'0'),
	(556676171035762688,'清华大学','2022-05-14','PUBLIC',111323.2300,100,'{\"code\": \"100084\", \"detail\": \"中华人民共和国北京市海淀区清华园\"}','{\"Teacher Count\": 3641}','[{\"Principal\": \"王希勤\"}]','[{\"c\":\"C9联盟\"}]','[99.9, 98, 100]','Evaluate{grade=1, description=\'GREAT!\'}',556676170855407616,0,'2022-05-14 01:25:20',0,'2022-05-14 01:25:20',b'0'),
	(556676334861082624,'清华大学','2022-05-14','PUBLIC',111323.2300,100,'{\"code\": \"100084\", \"detail\": \"中华人民共和国北京市海淀区清华园\"}','{\"Teacher Count\": 3641}','[{\"Principal\": \"王希勤\"}]','[{\"c\":\"C9联盟\"}]','[99.9, 98, 100]','Evaluate{grade=1, description=\'GREAT!\'}',556676334617812992,0,'2022-05-14 01:25:59',0,'2022-05-14 01:25:59',b'0'),
	(556676482672549888,'清华大学','2022-05-14','PUBLIC',111323.2300,100,'{\"code\": \"100084\", \"detail\": \"中华人民共和国北京市海淀区清华园\"}','{\"Teacher Count\": 3641}','[{\"Principal\": \"王希勤\"}]','[{\"c\":\"C9联盟\"}]','[99.9, 98, 100]','Evaluate{grade=1, description=\'GREAT!\'}',556676481980489728,0,'2022-05-14 01:26:34',0,'2022-05-14 01:26:34',b'0'),
	(556676682975731712,'清华大学','2022-05-14','PUBLIC',111323.2300,100,'{\"code\": \"100084\", \"detail\": \"中华人民共和国北京市海淀区清华园\"}','{\"Teacher Count\": 3641}','[{\"Principal\": \"王希勤\"}]','[{\"c\":\"C9联盟\"}]','[99.9, 98, 100]','Evaluate{grade=1, description=\'GREAT!\'}',556676681893601280,0,'2022-05-14 01:27:22',0,'2022-05-14 01:27:22',b'0'),
	(556681496405139456,'清华大学','2022-05-14','PUBLIC',111323.2300,100,'{\"code\": \"100084\", \"detail\": \"中华人民共和国北京市海淀区清华园\"}','{\"Teacher Count\": 3641}','[{\"Principal\": \"王希勤\"}]','[{\"c\":\"C9联盟\"}]','[99.9, 98, 100]','Evaluate{grade=1, description=\'GREAT!\'}',556681495759216640,0,'2022-05-14 01:46:29',0,'2022-05-14 01:46:29',b'0'),
	(556683183563923456,'清华大学','2022-05-14','PUBLIC',111323.2300,100,'{\"code\": \"100084\", \"detail\": \"中华人民共和国北京市海淀区清华园\"}','{\"Teacher Count\": 3641}','[{\"Principal\": \"王希勤\"}]','[{\"c\":\"C9联盟\"}]','[99.9, 98, 100]','Evaluate{grade=1, description=\'GREAT!\'}',556683183350013952,0,'2022-05-14 01:53:11',0,'2022-05-14 01:53:11',b'0'),
	(556683567284019200,'清华大学','2022-05-14','PUBLIC',111323.2300,100,'{\"code\": \"100084\", \"detail\": \"中华人民共和国北京市海淀区清华园\"}','{\"Teacher Count\": 3641}','[{\"Principal\": \"王希勤\"}]','[{\"c\":\"C9联盟\"}]','[99.9, 98, 100]','Evaluate{grade=1, description=\'GREAT!\'}',556683567107858432,0,'2022-05-14 01:54:43',0,'2022-05-14 01:54:43',b'0'),
	(556683766035308544,'清华大学','2022-05-14','PUBLIC',111323.2300,100,'{\"code\": \"100084\", \"detail\": \"中华人民共和国北京市海淀区清华园\"}','{\"Teacher Count\": 3641}','[{\"Principal\": \"王希勤\"}]','[{\"c\":\"C9联盟\"}]','[99.9, 98, 100]','Evaluate{grade=1, description=\'GREAT!\'}',556683765292916736,0,'2022-05-14 01:55:30',0,'2022-05-14 01:55:30',b'0'),
	(556684018280751104,'清华大学','2022-05-14','PUBLIC',111323.2300,100,'{\"code\": \"100084\", \"detail\": \"中华人民共和国北京市海淀区清华园\"}','{\"Teacher Count\": 3641}','[{\"Principal\": \"王希勤\"}]','[{\"c\":\"C9联盟\"}]','[99.9, 98, 100]','Evaluate{grade=1, description=\'GREAT!\'}',556684018071035904,0,'2022-05-14 01:56:30',0,'2022-05-14 01:56:30',b'0'),
	(556684168650743808,'清华大学','2022-05-14','PUBLIC',111323.2300,100,'{\"code\": \"100084\", \"detail\": \"中华人民共和国北京市海淀区清华园\"}','{\"Teacher Count\": 3641}','[{\"Principal\": \"王希勤\"}]','[{\"c\":\"C9联盟\"}]','[99.9, 98, 100]','Evaluate{grade=1, description=\'GREAT!\'}',556684167803494400,0,'2022-05-14 01:57:06',0,'2022-05-14 01:57:06',b'0'),
	(556684504459304960,'清华大学','2022-05-14','PUBLIC',111323.2300,100,'{\"code\": \"100084\", \"detail\": \"中华人民共和国北京市海淀区清华园\"}','{\"Teacher Count\": 3641}','[{\"Principal\": \"王希勤\"}]','[{\"c\":\"C9联盟\"}]','[99.9, 98, 100]','Evaluate{grade=1, description=\'GREAT!\'}',556684504295727104,0,'2022-05-14 01:58:26',0,'2022-05-14 01:58:26',b'0'),
	(556685421598400512,'清华大学','2022-05-14','PUBLIC',111323.2300,100,'{\"code\": \"100084\", \"detail\": \"中华人民共和国北京市海淀区清华园\"}','{\"Teacher Count\": 3641}','[{\"Principal\": \"王希勤\"}]','[{\"c\":\"C9联盟\"}]','[99.9, 98, 100]','Evaluate{grade=1, description=\'GREAT!\'}',556685421384491008,0,'2022-05-14 02:02:05',0,'2022-05-14 02:02:05',b'0'),
	(556685656034828288,'清华大学','2022-05-14','PUBLIC',111323.2300,100,'{\"code\": \"100084\", \"detail\": \"中华人民共和国北京市海淀区清华园\"}','{\"Teacher Count\": 3641}','[{\"Principal\": \"王希勤\"}]','[{\"c\":\"C9联盟\"}]','[99.9, 98, 100]','Evaluate{grade=1, description=\'GREAT!\'}',556685655359545344,0,'2022-05-14 02:03:01',0,'2022-05-14 02:03:01',b'0'),
	(556686085053407232,'清华大学','2022-05-14','PUBLIC',111323.2300,100,'{\"code\": \"100084\", \"detail\": \"中华人民共和国北京市海淀区清华园\"}','{\"Teacher Count\": 3641}','[{\"Principal\": \"王希勤\"}]','[{\"c\":\"C9联盟\"}]','[99.9, 98, 100]','Evaluate{grade=1, description=\'GREAT!\'}',556686084831109120,0,'2022-05-14 02:04:43',0,'2022-05-14 02:04:43',b'0'),
	(556686676186030080,'清华大学','2022-05-14','PUBLIC',111323.2300,100,'{\"code\": \"100084\", \"detail\": \"中华人民共和国北京市海淀区清华园\"}','{\"Teacher Count\": 3641}','[{\"Principal\": \"王希勤\"}]','[{\"c\":\"C9联盟\"}]','[99.9, 98, 100]','Evaluate{grade=1, description=\'GREAT!\'}',556686675963731968,0,'2022-05-14 02:07:04',0,'2022-05-14 02:07:04',b'0'),
	(556689621535350784,'清华大学','2022-05-14','PUBLIC',111323.2300,100,'{\"code\": \"100084\", \"detail\": \"中华人民共和国北京市海淀区清华园\"}','{\"Teacher Count\": 3641}','[{\"Principal\": \"王希勤\"}]','[{\"c\":\"C9联盟\"}]','[99.9, 98, 100]','Evaluate{grade=1, description=\'GREAT!\'}',556689621296275456,0,'2022-05-14 02:18:46',0,'2022-05-14 02:18:46',b'0'),
	(556689908471881728,'清华大学','2022-05-14','PUBLIC',111323.2300,100,'{\"code\": \"100084\", \"detail\": \"中华人民共和国北京市海淀区清华园\"}','{\"Teacher Count\": 3641}','[{\"Principal\": \"王希勤\"}]','[{\"c\":\"C9联盟\"}]','[99.9, 98, 100]','Evaluate{grade=1, description=\'GREAT!\'}',556689907939205120,0,'2022-05-14 02:19:55',0,'2022-05-14 02:19:55',b'0'),
	(556790985464668160,'清华大学','2022-05-14','PUBLIC',111323.2300,100,'{\"code\": \"100084\", \"detail\": \"中华人民共和国北京市海淀区清华园\"}','{\"Teacher Count\": 3641}','[{\"Principal\": \"王希勤\"}]','[{\"c\":\"C9联盟\"}]','[99.9, 98, 100]','Evaluate{grade=1, description=\'GREAT!\'}',556790985246564352,0,'2022-05-14 09:01:33',0,'2022-05-14 09:01:33',b'0'),
	(556800203303346176,'清华大学','2022-05-14','PUBLIC',111323.2300,100,'{\"code\": \"100084\", \"detail\": \"中华人民共和国北京市海淀区清华园\"}','{\"Teacher Count\": 3641}','[{\"Principal\": \"王希勤\"}]','[{\"c\":\"C9联盟\"}]','[99.9, 98, 100]','Evaluate{grade=1, description=\'GREAT!\'}',556800203060076544,0,'2022-05-14 09:38:11',0,'2022-05-14 09:38:11',b'0'),
	(556806332251037696,'清华大学','2022-05-14','PUBLIC',111323.2300,100,'{\"code\": \"100084\", \"detail\": \"中华人民共和国北京市海淀区清华园\"}','{\"Teacher Count\": 3641}','[{\"Principal\": \"王希勤\"}]','[{\"c\":\"C9联盟\"}]','[99.9, 98, 100]','Evaluate{grade=1, description=\'GREAT!\'}',556806332032933888,0,'2022-05-14 10:02:32',0,'2022-05-14 10:02:32',b'0'),
	(556807622498639872,'清华大学','2022-05-14','PUBLIC',111323.2300,100,'{\"code\": \"100084\", \"detail\": \"中华人民共和国北京市海淀区清华园\"}','{\"Teacher Count\": 3641}','[{\"Principal\": \"王希勤\"}]','[{\"c\":\"C9联盟\"}]','[99.9, 98, 100]','Evaluate{grade=1, description=\'GREAT!\'}',556807622246981632,0,'2022-05-14 10:07:40',0,'2022-05-14 10:07:40',b'0'),
	(556808454044573696,'清华大学','2022-05-14','PUBLIC',111323.2300,100,'{\"code\": \"100084\", \"detail\": \"中华人民共和国北京市海淀区清华园\"}','{\"Teacher Count\": 3641}','[{\"Principal\": \"王希勤\"}]','[{\"c\":\"C9联盟\"}]','[99.9, 98, 100]','Evaluate{grade=1, description=\'GREAT!\'}',556808453826469888,0,'2022-05-14 10:10:58',0,'2022-05-14 10:10:58',b'0'),
	(556818167436075008,'清华大学','2022-05-14','PUBLIC',111323.2300,100,'{\"code\": \"100084\", \"detail\": \"中华人民共和国北京市海淀区清华园\"}','{\"Teacher Count\": 3641}','[{\"Principal\": \"王希勤\"}]','[{\"c\":\"C9联盟\"}]','[99.9, 98, 100]','Evaluate{grade=1, description=\'GREAT!\'}',556818167180222464,0,'2022-05-14 10:49:34',0,'2022-05-14 10:49:34',b'0'),
	(556825437553221632,'清华大学','2022-05-14','PUBLIC',111323.2300,100,'{\"code\": \"100084\", \"detail\": \"中华人民共和国北京市海淀区清华园\"}','{\"Teacher Count\": 3641}','[{\"Principal\": \"王希勤\"}]','[{\"c\":\"C9联盟\"}]','[99.9, 98, 100]','Evaluate{grade=1, description=\'GREAT!\'}',556825437343506432,0,'2022-05-14 11:18:27',0,'2022-05-14 11:18:27',b'0'),
	(556840101871804416,'清华大学','2022-05-14','PUBLIC',111323.2300,100,'{\"code\": \"100084\", \"detail\": \"中华人民共和国北京市海淀区清华园\"}','{\"Teacher Count\": 3641}','[{\"Principal\": \"王希勤\"}]','[{\"c\":\"C9联盟\"}]','[99.9, 98, 100]','Evaluate{grade=1, description=\'GREAT!\'}',556840101704032256,0,'2022-05-14 12:16:44',0,'2022-05-14 12:16:44',b'0'),
	(556840321133240320,'清华大学','2022-05-14','PUBLIC',111323.2300,100,'{\"code\": \"100084\", \"detail\": \"中华人民共和国北京市海淀区清华园\"}','{\"Teacher Count\": 3641}','[{\"Principal\": \"王希勤\"}]','[{\"c\":\"C9联盟\"}]','[99.9, 98, 100]','Evaluate{grade=1, description=\'GREAT!\'}',556840320885776384,0,'2022-05-14 12:17:36',0,'2022-05-14 12:17:36',b'0'),
	(556840460224749568,'清华大学','2022-05-14','PUBLIC',111323.2300,100,'{\"code\": \"100084\", \"detail\": \"中华人民共和国北京市海淀区清华园\"}','{\"Teacher Count\": 3641}','[{\"Principal\": \"王希勤\"}]','[{\"c\":\"C9联盟\"}]','[99.9, 98, 100]','Evaluate{grade=1, description=\'GREAT!\'}',556840460015034368,0,'2022-05-14 12:18:09',0,'2022-05-14 12:18:09',b'0'),
	(556840936911593472,'清华大学','2022-05-14','PUBLIC',111323.2300,100,'{\"code\": \"100084\", \"detail\": \"中华人民共和国北京市海淀区清华园\"}','{\"Teacher Count\": 3641}','[{\"Principal\": \"王希勤\"}]','[{\"c\":\"C9联盟\"}]','[99.9, 98, 100]','Evaluate{grade=1, description=\'GREAT!\'}',556840936689295360,0,'2022-05-14 12:20:03',0,'2022-05-14 12:20:03',b'0'),
	(556841351585652736,'清华大学','2022-05-14','PUBLIC',111323.2300,100,'{\"code\": \"100084\", \"detail\": \"中华人民共和国北京市海淀区清华园\"}','{\"Teacher Count\": 3641}','[{\"Principal\": \"王希勤\"}]','[{\"c\":\"C9联盟\"}]','[99.9, 98, 100]','Evaluate{grade=1, description=\'GREAT!\'}',556841351359160320,0,'2022-05-14 12:21:42',0,'2022-05-14 12:21:42',b'0'),
	(556843888254574592,'清华大学','2022-05-14','PUBLIC',111323.2300,100,'{\"code\": \"100084\", \"detail\": \"中华人民共和国北京市海淀区清华园\"}','{\"Teacher Count\": 3641}','[{\"Principal\": \"王希勤\"}]','[{\"c\":\"C9联盟\"}]','[99.9, 98, 100]','Evaluate{grade=1, description=\'GREAT!\'}',556843888044859392,0,'2022-05-14 12:31:46',0,'2022-05-14 12:31:46',b'0'),
	(556846102918389760,'清华大学','2022-05-14','PUBLIC',111323.2300,100,'{\"code\": \"100084\", \"detail\": \"中华人民共和国北京市海淀区清华园\"}','{\"Teacher Count\": 3641}','[{\"Principal\": \"王希勤\"}]','[{\"c\":\"C9联盟\"}]','[99.9, 98, 100]','Evaluate{grade=1, description=\'GREAT!\'}',556846102679314432,0,'2022-05-14 12:40:34',0,'2022-05-14 12:40:34',b'0'),
	(556846341402320896,'清华大学','2022-05-14','PUBLIC',111323.2300,100,'{\"code\": \"100084\", \"detail\": \"中华人民共和国北京市海淀区清华园\"}','{\"Teacher Count\": 3641}','[{\"Principal\": \"王希勤\"}]','[{\"c\":\"C9联盟\"}]','[99.9, 98, 100]','Evaluate{grade=1, description=\'GREAT!\'}',556846341108719616,0,'2022-05-14 12:41:31',0,'2022-05-14 12:41:31',b'0'),
	(556950494292140032,'清华大学','2022-05-14','PUBLIC',111323.2300,100,'{\"code\": \"100084\", \"detail\": \"中华人民共和国北京市海淀区清华园\"}','{\"Teacher Count\": 3641}','[{\"Principal\": \"王希勤\"}]','[{\"c\":\"C9联盟\"}]','[99.9, 98, 100]','Evaluate{grade=1, description=\'GREAT!\'}',556950494019510272,0,'2022-05-14 19:35:23',0,'2022-05-14 19:35:23',b'0'),
	(557558371100844032,'清华大学','2022-05-16','PUBLIC',111323.2300,100,'{\"code\": \"100084\", \"detail\": \"中华人民共和国北京市海淀区清华园\"}','{\"Teacher Count\": 3641}','[{\"Principal\": \"王希勤\"}]','[{\"c\":\"C9联盟\"}]','[99.9, 98, 100]','Evaluate{grade=1, description=\'GREAT!\'}',557558370958237696,0,'2022-05-16 11:50:52',0,'2022-05-16 11:50:52',b'0'),
	(557563441829830656,'清华大学','2022-05-16','PUBLIC',111323.2300,100,'{\"code\": \"100084\", \"detail\": \"中华人民共和国北京市海淀区清华园\"}','{\"Teacher Count\": 3641}','[{\"Principal\": \"王希勤\"}]','[{\"c\":\"C9联盟\"}]','[99.9, 98, 100]','Evaluate{grade=1, description=\'GREAT!\'}',557563441569783808,0,'2022-05-16 12:11:01',0,'2022-05-16 12:11:01',b'0'),
	(558653498321985536,'清华大学','2022-05-19','PUBLIC',111323.2300,100,'{\"code\": \"100084\", \"detail\": \"中华人民共和国北京市海淀区清华园\"}','{\"Teacher Count\": 3641}','[{\"Principal\": \"王希勤\"}]','[{\"c\":\"C9联盟\"}]','[99.9, 98, 100]','Evaluate{grade=1, description=\'GREAT!\'}',558653498158407680,0,'2022-05-19 12:22:31',0,'2022-05-19 12:22:31',b'0'),
	(558654534587703296,'清华大学','2022-05-19','PUBLIC',111323.2300,100,'{\"code\": \"100084\", \"detail\": \"中华人民共和国北京市海淀区清华园\"}','{\"Teacher Count\": 3641}','[{\"Principal\": \"王希勤\"}]','[{\"c\":\"C9联盟\"}]','[99.9, 98, 100]','Evaluate{grade=1, description=\'GREAT!\'}',558654534419931136,0,'2022-05-19 12:26:38',0,'2022-05-19 12:26:38',b'0'),
	(558654956522102784,'清华大学','2022-05-19','PUBLIC',111323.2300,100,'{\"code\": \"100084\", \"detail\": \"中华人民共和国北京市海淀区清华园\"}','{\"Teacher Count\": 3641}','[{\"Principal\": \"王希勤\"}]','[{\"c\":\"C9联盟\"}]','[99.9, 98, 100]','Evaluate{grade=1, description=\'GREAT!\'}',558654956354330624,0,'2022-05-19 12:28:19',0,'2022-05-19 12:28:19',b'0'),
	(558666757250932736,'清华大学','2022-05-19','PUBLIC',111323.2300,100,'{\"code\": \"100084\", \"detail\": \"中华人民共和国北京市海淀区清华园\"}','{\"Teacher Count\": 3641}','[{\"Principal\": \"王希勤\"}]','[{\"c\":\"C9联盟\"}]','[99.9, 98, 100]','Evaluate{grade=1, description=\'GREAT!\'}',558666757083160576,0,'2022-05-19 13:15:12',0,'2022-05-19 13:15:12',b'0'),
	(558725654762414080,'清华大学','2022-05-19','PUBLIC',111323.2300,100,'{\"code\": \"100084\", \"detail\": \"中华人民共和国北京市海淀区清华园\"}','{\"Teacher Count\": 3641}','[{\"Principal\": \"王希勤\"}]','[{\"c\":\"C9联盟\"}]','[99.9, 98, 100]','Evaluate{grade=1, description=\'GREAT!\'}',558725654548504576,0,'2022-05-19 17:09:15',0,'2022-05-19 17:09:15',b'0'),
	(559022563259506688,'清华大学','2022-05-20','PUBLIC',111323.2300,100,'{\"code\": \"100084\", \"detail\": \"中华人民共和国北京市海淀区清华园\"}','{\"Teacher Count\": 3641}','[{\"Principal\": \"王希勤\"}]','[{\"c\":\"C9联盟\"}]','[99.9, 98, 100]','Evaluate{grade=1, description=\'GREAT!\'}',559022563041402880,0,'2022-05-20 12:49:03',0,'2022-05-20 12:49:03',b'0'),
	(559205670193389568,'清华大学','2022-05-21','PUBLIC',111323.2300,100,'{\"code\": \"100084\", \"detail\": \"中华人民共和国北京市海淀区清华园\"}','{\"Teacher Count\": 3641}','[{\"Principal\": \"王希勤\"}]','[{\"c\":\"C9联盟\"}]','[99.9, 98, 100]','Evaluate{grade=1, description=\'GREAT!\'}',559205670021423104,0,'2022-05-21 00:56:39',0,'2022-05-21 00:56:39',b'0'),
	(565859492999389184,'清华大学','2022-06-08','PUBLIC',111323.2300,100,'{\"code\": \"100084\", \"detail\": \"中华人民共和国北京市海淀区清华园\"}','{\"Teacher Count\": 3641}','[{\"Principal\": \"王希勤\"}]','[{\"c\":\"C9联盟\"}]','[99.9, 98, 100]','Evaluate{grade=1, description=\'GREAT!\'}',565859492785479680,0,'2022-06-08 09:36:34',0,'2022-06-08 09:36:34',b'0'),
	(567027448974336000,'清华大学','2022-06-11','PUBLIC',111323.2300,100,'{\"code\": \"100084\", \"detail\": \"中华人民共和国北京市海淀区清华园\"}','{\"Teacher Count\": 3641}','[{\"Principal\": \"王希勤\"}]','[{\"c\":\"C9联盟\"}]','[99.9, 98, 100]','Evaluate{grade=1, description=\'GREAT!\'}',567027448810758144,0,'2022-06-11 14:57:37',0,'2022-06-11 14:57:37',b'0'),
	(568230303903178752,'清华大学','2022-06-14','PUBLIC',111323.2300,100,'{\"code\": \"100084\", \"detail\": \"中华人民共和国北京市海淀区清华园\"}','{\"Teacher Count\": 3641}','[{\"Principal\": \"王希勤\"}]','[{\"c\":\"C9联盟\"}]','[99.9, 98, 100]','Evaluate{grade=1, description=\'GREAT!\'}',568230303718629376,0,'2022-06-14 22:37:19',0,'2022-06-14 22:37:19',b'0'),
	(568256685723017216,'清华大学','2022-06-15','PUBLIC',111323.2300,100,'{\"code\": \"100084\", \"detail\": \"中华人民共和国北京市海淀区清华园\"}','{\"Teacher Count\": 3641}','[{\"Principal\": \"王希勤\"}]','[{\"c\":\"C9联盟\"}]','[99.9, 98, 100]','Evaluate{grade=1, description=\'GREAT!\'}',568256685106454528,0,'2022-06-15 00:22:09',0,'2022-06-15 00:22:09',b'0'),
	(568257104918536192,'清华大学','2022-06-15','PUBLIC',111323.2300,100,'{\"code\": \"100084\", \"detail\": \"中华人民共和国北京市海淀区清华园\"}','{\"Teacher Count\": 3641}','[{\"Principal\": \"王希勤\"}]','[{\"c\":\"C9联盟\"}]','[99.9, 98, 100]','Evaluate{grade=1, description=\'GREAT!\'}',568257093350645760,0,'2022-06-15 00:23:49',0,'2022-06-15 00:23:49',b'0'),
	(568258151812620288,'清华大学','2022-06-15','PUBLIC',111323.2300,100,'{\"code\": \"100084\", \"detail\": \"中华人民共和国北京市海淀区清华园\"}','{\"Teacher Count\": 3641}','[{\"Principal\": \"王希勤\"}]','[{\"c\":\"C9联盟\"}]','[99.9, 98, 100]','Evaluate{grade=1, description=\'GREAT!\'}',568258151275749376,0,'2022-06-15 00:27:59',0,'2022-06-15 00:27:59',b'0'),
	(568263333879406592,'清华大学','2022-06-15','PUBLIC',111323.2300,100,'{\"code\": \"100084\", \"detail\": \"中华人民共和国北京市海淀区清华园\"}','{\"Teacher Count\": 3641}','[{\"Principal\": \"王希勤\"}]','[{\"c\":\"C9联盟\"}]','[99.9, 98, 100]','Evaluate{grade=1, description=\'GREAT!\'}',568263333191540736,0,'2022-06-15 00:48:34',0,'2022-06-15 00:48:34',b'0'),
	(568273329342046208,'清华大学','2022-06-15','PUBLIC',111323.2300,100,'{\"code\": \"100084\", \"detail\": \"中华人民共和国北京市海淀区清华园\"}','{\"Teacher Count\": 3641}','[{\"Principal\": \"王希勤\"}]','[{\"c\":\"C9联盟\"}]','[99.9, 98, 100]','Evaluate{grade=1, description=\'GREAT!\'}',568273329119748096,0,'2022-06-15 01:28:18',0,'2022-06-15 01:28:18',b'0'),
	(568273489304412160,'清华大学','2022-06-15','PUBLIC',111323.2300,100,'{\"code\": \"100084\", \"detail\": \"中华人民共和国北京市海淀区清华园\"}','{\"Teacher Count\": 3641}','[{\"Principal\": \"王希勤\"}]','[{\"c\":\"C9联盟\"}]','[99.9, 98, 100]','Evaluate{grade=1, description=\'GREAT!\'}',568273488981450752,0,'2022-06-15 01:28:56',0,'2022-06-15 01:28:56',b'0'),
	(568273872596688896,'清华大学','2022-06-15','PUBLIC',111323.2300,100,'{\"code\": \"100084\", \"detail\": \"中华人民共和国北京市海淀区清华园\"}','{\"Teacher Count\": 3641}','[{\"Principal\": \"王希勤\"}]','[{\"c\":\"C9联盟\"}]','[99.9, 98, 100]','Evaluate{grade=1, description=\'GREAT!\'}',568273872265338880,0,'2022-06-15 01:30:27',0,'2022-06-15 01:30:27',b'0'),
	(568274127878807552,'清华大学','2022-06-15','PUBLIC',111323.2300,100,'{\"code\": \"100084\", \"detail\": \"中华人民共和国北京市海淀区清华园\"}','{\"Teacher Count\": 3641}','[{\"Principal\": \"王希勤\"}]','[{\"c\":\"C9联盟\"}]','[99.9, 98, 100]','Evaluate{grade=1, description=\'GREAT!\'}',568274127727812608,0,'2022-06-15 01:31:28',0,'2022-06-15 01:31:28',b'0'),
	(568274611708551168,'清华大学','2022-06-15','PUBLIC',111323.2300,100,'{\"code\": \"100084\", \"detail\": \"中华人民共和国北京市海淀区清华园\"}','{\"Teacher Count\": 3641}','[{\"Principal\": \"王希勤\"}]','[{\"c\":\"C9联盟\"}]','[99.9, 98, 100]','Evaluate{grade=1, description=\'GREAT!\'}',568274611465281536,0,'2022-06-15 01:33:23',0,'2022-06-15 01:33:23',b'0'),
	(568275717046067200,'清华大学','2022-06-15','PUBLIC',111323.2300,100,'{\"code\": \"100084\", \"detail\": \"中华人民共和国北京市海淀区清华园\"}','{\"Teacher Count\": 3641}','[{\"Principal\": \"王希勤\"}]','[{\"c\":\"C9联盟\"}]','[99.9, 98, 100]','Evaluate{grade=1, description=\'GREAT!\'}',568275716723105792,0,'2022-06-15 01:37:47',0,'2022-06-15 01:37:47',b'0'),
	(568275815507353600,'清华大学','2022-06-15','PUBLIC',111323.2300,100,'{\"code\": \"100084\", \"detail\": \"中华人民共和国北京市海淀区清华园\"}','{\"Teacher Count\": 3641}','[{\"Principal\": \"王希勤\"}]','[{\"c\":\"C9联盟\"}]','[99.9, 98, 100]','Evaluate{grade=1, description=\'GREAT!\'}',568275815192780800,0,'2022-06-15 01:38:10',0,'2022-06-15 01:38:10',b'0'),
	(568275955223814144,'清华大学','2022-06-15','PUBLIC',111323.2300,100,'{\"code\": \"100084\", \"detail\": \"中华人民共和国北京市海淀区清华园\"}','{\"Teacher Count\": 3641}','[{\"Principal\": \"王希勤\"}]','[{\"c\":\"C9联盟\"}]','[99.9, 98, 100]','Evaluate{grade=1, description=\'GREAT!\'}',568275954988933120,0,'2022-06-15 01:38:44',0,'2022-06-15 01:38:44',b'0'),
	(568276167875026944,'清华大学','2022-06-15','PUBLIC',111323.2300,100,'{\"code\": \"100084\", \"detail\": \"中华人民共和国北京市海淀区清华园\"}','{\"Teacher Count\": 3641}','[{\"Principal\": \"王希勤\"}]','[{\"c\":\"C9联盟\"}]','[99.9, 98, 100]','Evaluate{grade=1, description=\'GREAT!\'}',568276167644340224,0,'2022-06-15 01:39:34',0,'2022-06-15 01:39:34',b'0'),
	(568276578564497408,'清华大学','2022-06-15','PUBLIC',111323.2300,100,'{\"code\": \"100084\", \"detail\": \"中华人民共和国北京市海淀区清华园\"}','{\"Teacher Count\": 3641}','[{\"Principal\": \"王希勤\"}]','[{\"c\":\"C9联盟\"}]','[99.9, 98, 100]','Evaluate{grade=1, description=\'GREAT!\'}',568276578321227776,0,'2022-06-15 01:41:12',0,'2022-06-15 01:41:12',b'0'),
	(568280577439096832,'清华大学','2022-06-15','PUBLIC',111323.2300,100,'{\"code\": \"100084\", \"detail\": \"中华人民共和国北京市海淀区清华园\"}','{\"Teacher Count\": 3641}','[{\"Principal\": \"王希勤\"}]','[{\"c\":\"C9联盟\"}]','[99.9, 98, 100]','Evaluate{grade=1, description=\'GREAT!\'}',568280577233575936,0,'2022-06-15 01:57:06',0,'2022-06-15 01:57:06',b'0'),
	(568280738529730560,'清华大学','2022-06-15','PUBLIC',111323.2300,100,'{\"code\": \"100084\", \"detail\": \"中华人民共和国北京市海淀区清华园\"}','{\"Teacher Count\": 3641}','[{\"Principal\": \"王希勤\"}]','[{\"c\":\"C9联盟\"}]','[99.9, 98, 100]','Evaluate{grade=1, description=\'GREAT!\'}',568280738261295104,0,'2022-06-15 01:57:44',0,'2022-06-15 01:57:44',b'0'),
	(568281205192187904,'清华大学','2022-06-15','PUBLIC',111323.2300,100,'{\"code\": \"100084\", \"detail\": \"中华人民共和国北京市海淀区清华园\"}','{\"Teacher Count\": 3641}','[{\"Principal\": \"王希勤\"}]','[{\"c\":\"C9联盟\"}]','[99.9, 98, 100]','Evaluate{grade=1, description=\'GREAT!\'}',568281204957306880,0,'2022-06-15 01:59:35',0,'2022-06-15 01:59:35',b'0'),
	(568281437837647872,'清华大学','2022-06-15','PUBLIC',111323.2300,100,'{\"code\": \"100084\", \"detail\": \"中华人民共和国北京市海淀区清华园\"}','{\"Teacher Count\": 3641}','[{\"Principal\": \"王希勤\"}]','[{\"c\":\"C9联盟\"}]','[99.9, 98, 100]','Evaluate{grade=1, description=\'GREAT!\'}',568281437565018112,0,'2022-06-15 02:00:31',0,'2022-06-15 02:00:31',b'0'),
	(568281637897560064,'清华大学','2022-06-15','PUBLIC',111323.2300,100,'{\"code\": \"100084\", \"detail\": \"中华人民共和国北京市海淀区清华园\"}','{\"Teacher Count\": 3641}','[{\"Principal\": \"王希勤\"}]','[{\"c\":\"C9联盟\"}]','[99.9, 98, 100]','Evaluate{grade=1, description=\'GREAT!\'}',568281637645901824,0,'2022-06-15 02:01:18',0,'2022-06-15 02:01:18',b'0'),
	(568285153504452608,'清华大学','2022-06-15','PUBLIC',111323.2300,100,'{\"code\": \"100084\", \"detail\": \"中华人民共和国北京市海淀区清华园\"}','{\"Teacher Count\": 3641}','[{\"Principal\": \"王希勤\"}]','[{\"c\":\"C9联盟\"}]','[99.9, 98, 100]','Evaluate{grade=1, description=\'GREAT!\'}',568285153261182976,0,'2022-06-15 02:15:17',0,'2022-06-15 02:15:17',b'0'),
	(568285349445558272,'清华大学','2022-06-15','PUBLIC',111323.2300,100,'{\"code\": \"100084\", \"detail\": \"中华人民共和国北京市海淀区清华园\"}','{\"Teacher Count\": 3641}','[{\"Principal\": \"王希勤\"}]','[{\"c\":\"C9联盟\"}]','[99.9, 98, 100]','Evaluate{grade=1, description=\'GREAT!\'}',568285349168734208,0,'2022-06-15 02:16:03',0,'2022-06-15 02:16:03',b'0'),
	(568285547664171008,'清华大学','2022-06-15','PUBLIC',111323.2300,100,'{\"code\": \"100084\", \"detail\": \"中华人民共和国北京市海淀区清华园\"}','{\"Teacher Count\": 3641}','[{\"Principal\": \"王希勤\"}]','[{\"c\":\"C9联盟\"}]','[99.9, 98, 100]','Evaluate{grade=1, description=\'GREAT!\'}',568285547492204544,0,'2022-06-15 02:16:51',0,'2022-06-15 02:16:51',b'0'),
	(568285661858291712,'清华大学','2022-06-15','PUBLIC',111323.2300,100,'{\"code\": \"100084\", \"detail\": \"中华人民共和国北京市海淀区清华园\"}','{\"Teacher Count\": 3641}','[{\"Principal\": \"王希勤\"}]','[{\"c\":\"C9联盟\"}]','[99.9, 98, 100]','Evaluate{grade=1, description=\'GREAT!\'}',568285661615022080,0,'2022-06-15 02:17:18',0,'2022-06-15 02:17:18',b'0'),
	(568286857662750720,'清华大学','2022-06-15','PUBLIC',111323.2300,100,'{\"code\": \"100084\", \"detail\": \"中华人民共和国北京市海淀区清华园\"}','{\"Teacher Count\": 3641}','[{\"Principal\": \"王希勤\"}]','[{\"c\":\"C9联盟\"}]','[99.9, 98, 100]','Evaluate{grade=1, description=\'GREAT!\'}',568286857478201344,0,'2022-06-15 02:22:03',0,'2022-06-15 02:22:03',b'0'),
	(614259255087915008,'清华大学','2022-10-19','PUBLIC',111323.2300,100,'{\"code\": \"100084\", \"detail\": \"中华人民共和国北京市海淀区清华园\"}','{\"Teacher Count\": 3641}','[{\"Principal\": \"王希勤\"}]','[{\"c\":\"C9联盟\"}]','[99.9, 98, 100]','Evaluate{grade=1, description=\'GREAT!\'}',614259254718816256,0,'2022-10-19 22:59:57',0,'2022-10-19 22:59:57',b'0'),
	(616355663584436224,'清华大学','2022-10-25','PUBLIC',111323.2300,100,'{\"code\": \"100084\", \"detail\": \"中华人民共和国北京市海淀区清华园\"}','{\"Teacher Count\": 3641}','[{\"Principal\": \"王希勤\"}]','[{\"c\":\"C9联盟\"}]','[99.9, 98, 100]','Evaluate{grade=1, description=\'GREAT!\'}',616355663328583680,0,'2022-10-25 17:50:19',0,'2022-10-25 17:50:19',b'0'),
	(616358901213831168,'清华大学','2022-10-25','PUBLIC',111323.2300,100,'{\"code\": \"100084\", \"detail\": \"中华人民共和国北京市海淀区清华园\"}','{\"Teacher Count\": 3641}','[{\"Principal\": \"王希勤\"}]','[{\"c\":\"C9联盟\"}]','[99.9, 98, 100]','Evaluate{grade=1, description=\'GREAT!\'}',616358900899258368,0,'2022-10-25 18:03:11',0,'2022-10-25 18:03:11',b'0'),
	(616730679610187776,'清华大学','2022-10-26','PUBLIC',111323.2300,100,'{\"code\": \"100084\", \"detail\": \"中华人民共和国北京市海淀区清华园\"}','{\"Teacher Count\": 3641}','[{\"Principal\": \"王希勤\"}]','[{\"c\":\"C9联盟\"}]','[99.9, 98, 100]','Evaluate{grade=1, description=\'GREAT!\'}',616730679320780800,0,'2022-10-26 18:40:30',0,'2022-10-26 18:40:30',b'0'),
	(616982309073068032,'清华大学','2022-10-27','PUBLIC',111323.2300,100,'{\"code\": \"100084\", \"detail\": \"中华人民共和国北京市海淀区清华园\"}','{\"Teacher Count\": 3641}','[{\"Principal\": \"王希勤\"}]','[{\"c\":\"C9联盟\"}]','[99.9, 98, 100]','Evaluate{grade=1, description=\'GREAT!\'}',616982308846575616,0,'2022-10-27 11:20:23',0,'2022-10-27 11:20:23',b'0'),
	(617326480988315648,'清华大学','2022-10-28','PUBLIC',111323.2300,100,'{\"code\": \"100084\", \"detail\": \"中华人民共和国北京市海淀区清华园\"}','{\"Teacher Count\": 3641}','[{\"Principal\": \"王希勤\"}]','[{\"c\":\"C9联盟\"}]','[99.9, 98, 100]','Evaluate{grade=1, description=\'GREAT!\'}',617326480719880192,0,'2022-10-28 10:08:00',0,'2022-10-28 10:08:00',b'0'),
	(617327235472302080,'清华大学','2022-10-28','PUBLIC',111323.2300,100,'{\"code\": \"100084\", \"detail\": \"中华人民共和国北京市海淀区清华园\"}','{\"Teacher Count\": 3641}','[{\"Principal\": \"王希勤\"}]','[{\"c\":\"C9联盟\"}]','[99.9, 98, 100]','Evaluate{grade=1, description=\'GREAT!\'}',617327235191283712,0,'2022-10-28 10:11:00',0,'2022-10-28 10:11:00',b'0'),
	(617329102612865024,'清华大学','2022-10-28','PUBLIC',111323.2300,100,'{\"code\": \"100084\", \"detail\": \"中华人民共和国北京市海淀区清华园\"}','{\"Teacher Count\": 3641}','[{\"Principal\": \"王希勤\"}]','[{\"c\":\"C9联盟\"}]','[99.9, 98, 100]','Evaluate{grade=1, description=\'GREAT!\'}',617329102382178304,0,'2022-10-28 10:18:25',0,'2022-10-28 10:18:25',b'0'),
	(617329735545921536,'清华大学','2022-10-28','PUBLIC',111323.2300,100,'{\"code\": \"100084\", \"detail\": \"中华人民共和国北京市海淀区清华园\"}','{\"Teacher Count\": 3641}','[{\"Principal\": \"王希勤\"}]','[{\"c\":\"C9联盟\"}]','[99.9, 98, 100]','Evaluate{grade=1, description=\'GREAT!\'}',617329735344594944,0,'2022-10-28 10:20:56',0,'2022-10-28 10:20:56',b'0'),
	(617340809267650560,'清华大学','2022-10-28','PUBLIC',111323.2300,100,'{\"code\": \"100084\", \"detail\": \"中华人民共和国北京市海淀区清华园\"}','{\"Teacher Count\": 3641}','[{\"Principal\": \"王希勤\"}]','[{\"c\":\"C9联盟\"}]','[99.9, 98, 100]','Evaluate{grade=1, description=\'GREAT!\'}',617340809011798016,0,'2022-10-28 11:04:56',0,'2022-10-28 11:04:56',b'0'),
	(617352744839159808,'清华大学','2022-10-28','PUBLIC',111323.2300,100,'{\"code\": \"100084\", \"detail\": \"中华人民共和国北京市海淀区清华园\"}','{\"Teacher Count\": 3641}','[{\"Principal\": \"王希勤\"}]','[{\"c\":\"C9联盟\"}]','[99.9, 98, 100]','Evaluate{grade=1, description=\'GREAT!\'}',617352744503615488,0,'2022-10-28 11:52:22',0,'2022-10-28 11:52:22',b'0'),
	(617354932395188224,'清华大学','2022-10-28','PUBLIC',111323.2300,100,'{\"code\": \"100084\", \"detail\": \"中华人民共和国北京市海淀区清华园\"}','{\"Teacher Count\": 3641}','[{\"Principal\": \"王希勤\"}]','[{\"c\":\"C9联盟\"}]','[99.9, 98, 100]','Evaluate{grade=1, description=\'GREAT!\'}',617354932059643904,0,'2022-10-28 12:01:04',0,'2022-10-28 12:01:04',b'0'),
	(617496509440778240,'清华大学','2022-10-28','PUBLIC',111323.2300,100,'{\"code\": \"100084\", \"detail\": \"中华人民共和国北京市海淀区清华园\"}','{\"Teacher Count\": 3641}','[{\"Principal\": \"王希勤\"}]','[{\"c\":\"C9联盟\"}]','[99.9, 98, 100]','Evaluate{grade=1, description=\'GREAT!\'}',617496509151371264,0,'2022-10-28 21:23:38',0,'2022-10-28 21:23:38',b'0'),
	(617498996407197696,'清华大学','2022-10-28','PUBLIC',111323.2300,100,'{\"code\": \"100084\", \"detail\": \"中华人民共和国北京市海淀区清华园\"}','{\"Teacher Count\": 3641}','[{\"Principal\": \"王希勤\"}]','[{\"c\":\"C9联盟\"}]','[99.9, 98, 100]','Evaluate{grade=1, description=\'GREAT!\'}',617498996218454016,0,'2022-10-28 21:33:31',0,'2022-10-28 21:33:31',b'0'),
	(617499175323623424,'清华大学','2022-10-28','PUBLIC',111323.2300,100,'{\"code\": \"100084\", \"detail\": \"中华人民共和国北京市海淀区清华园\"}','{\"Teacher Count\": 3641}','[{\"Principal\": \"王希勤\"}]','[{\"c\":\"C9联盟\"}]','[99.9, 98, 100]','Evaluate{grade=1, description=\'GREAT!\'}',617499175046799360,0,'2022-10-28 21:34:14',0,'2022-10-28 21:34:14',b'0'),
	(617500560333135872,'清华大学','2022-10-28','PUBLIC',111323.2300,100,'{\"code\": \"100084\", \"detail\": \"中华人民共和国北京市海淀区清华园\"}','{\"Teacher Count\": 3641}','[{\"Principal\": \"王希勤\"}]','[{\"c\":\"C9联盟\"}]','[99.9, 98, 100]','Evaluate{grade=1, description=\'GREAT!\'}',617500560148586496,0,'2022-10-28 21:39:44',0,'2022-10-28 21:39:44',b'0'),
	(617501393963638784,'清华大学','2022-10-28','PUBLIC',111323.2300,100,'{\"code\": \"100084\", \"detail\": \"中华人民共和国北京市海淀区清华园\"}','{\"Teacher Count\": 3641}','[{\"Principal\": \"王希勤\"}]','[{\"c\":\"C9联盟\"}]','[99.9, 98, 100]','Evaluate{grade=1, description=\'GREAT!\'}',617501393745534976,0,'2022-10-28 21:43:03',0,'2022-10-28 21:43:03',b'0'),
	(617502088846565376,'清华大学','2022-10-28','PUBLIC',111323.2300,100,'{\"code\": \"100084\", \"detail\": \"中华人民共和国北京市海淀区清华园\"}','{\"Teacher Count\": 3641}','[{\"Principal\": \"王希勤\"}]','[{\"c\":\"C9联盟\"}]','[99.9, 98, 100]','Evaluate{grade=1, description=\'GREAT!\'}',617502088620072960,0,'2022-10-28 21:45:48',0,'2022-10-28 21:45:48',b'0'),
	(617504271201656832,'清华大学','2022-10-28','PUBLIC',111323.2300,100,'{\"code\": \"100084\", \"detail\": \"中华人民共和国北京市海淀区清华园\"}','{\"Teacher Count\": 3641}','[{\"Principal\": \"王希勤\"}]','[{\"c\":\"C9联盟\"}]','[99.9, 98, 100]','Evaluate{grade=1, description=\'GREAT!\'}',617504270996135936,0,'2022-10-28 21:54:29',0,'2022-10-28 21:54:29',b'0'),
	(617508966330720256,'清华大学','2022-10-28','PUBLIC',111323.2300,100,'{\"code\": \"100084\", \"detail\": \"中华人民共和国北京市海淀区清华园\"}','{\"Teacher Count\": 3641}','[{\"Principal\": \"王希勤\"}]','[{\"c\":\"C9联盟\"}]','[99.9, 98, 100]','Evaluate{grade=1, description=\'GREAT!\'}',617508966083256320,0,'2022-10-28 22:13:08',0,'2022-10-28 22:13:08',b'0'),
	(617517714063417344,'清华大学','2022-10-28','PUBLIC',111323.2300,100,'{\"code\": \"100084\", \"detail\": \"中华人民共和国北京市海淀区清华园\"}','{\"Teacher Count\": 3641}','[{\"Principal\": \"王希勤\"}]','[{\"c\":\"C9联盟\"}]','[99.9, 98, 100]','Evaluate{grade=1, description=\'GREAT!\'}',617517713811759104,0,'2022-10-28 22:47:54',0,'2022-10-28 22:47:54',b'0'),
	(617517937598849024,'清华大学','2022-10-28','PUBLIC',111323.2300,100,'{\"code\": \"100084\", \"detail\": \"中华人民共和国北京市海淀区清华园\"}','{\"Teacher Count\": 3641}','[{\"Principal\": \"王希勤\"}]','[{\"c\":\"C9联盟\"}]','[99.9, 98, 100]','Evaluate{grade=1, description=\'GREAT!\'}',617517937435271168,0,'2022-10-28 22:48:47',0,'2022-10-28 22:48:47',b'0'),
	(617518790720282624,'清华大学','2022-10-28','PUBLIC',111323.2300,100,'{\"code\": \"100084\", \"detail\": \"中华人民共和国北京市海淀区清华园\"}','{\"Teacher Count\": 3641}','[{\"Principal\": \"王希勤\"}]','[{\"c\":\"C9联盟\"}]','[99.9, 98, 100]','Evaluate{grade=1, description=\'GREAT!\'}',617518790489595904,0,'2022-10-28 22:52:10',0,'2022-10-28 22:52:10',b'0'),
	(617533921156063232,'清华大学','2022-10-28','PUBLIC',111323.2300,100,'{\"code\": \"100084\", \"detail\": \"中华人民共和国北京市海淀区清华园\"}','{\"Teacher Count\": 3641}','[{\"Principal\": \"王希勤\"}]','[{\"c\":\"C9联盟\"}]','[99.9, 98, 100]','Evaluate{grade=1, description=\'GREAT!\'}',617533920925376512,0,'2022-10-28 23:52:18',0,'2022-10-28 23:52:18',b'0'),
	(617539169769676800,'清华大学','2022-10-29','PUBLIC',111323.2300,100,'{\"code\": \"100084\", \"detail\": \"中华人民共和国北京市海淀区清华园\"}','{\"Teacher Count\": 3641}','[{\"Principal\": \"王希勤\"}]','[{\"c\":\"C9联盟\"}]','[99.9, 98, 100]','Evaluate{grade=1, description=\'GREAT!\'}',617539169526407168,0,'2022-10-29 00:13:09',0,'2022-10-29 00:13:09',b'0'),
	(617539899247222784,'清华大学','2022-10-29','PUBLIC',111323.2300,100,'{\"code\": \"100084\", \"detail\": \"中华人民共和国北京市海淀区清华园\"}','{\"Teacher Count\": 3641}','[{\"Principal\": \"王希勤\"}]','[{\"c\":\"C9联盟\"}]','[99.9, 98, 100]','Evaluate{grade=1, description=\'GREAT!\'}',617539898970398720,0,'2022-10-29 00:16:03',0,'2022-10-29 00:16:03',b'0'),
	(617540367100862464,'清华大学','2022-10-29','PUBLIC',111323.2300,100,'{\"code\": \"100084\", \"detail\": \"中华人民共和国北京市海淀区清华园\"}','{\"Teacher Count\": 3641}','[{\"Principal\": \"王希勤\"}]','[{\"c\":\"C9联盟\"}]','[99.9, 98, 100]','Evaluate{grade=1, description=\'GREAT!\'}',617540366899535872,0,'2022-10-29 00:17:55',0,'2022-10-29 00:17:55',b'0'),
	(617540674887278592,'清华大学','2022-10-29','PUBLIC',111323.2300,100,'{\"code\": \"100084\", \"detail\": \"中华人民共和国北京市海淀区清华园\"}','{\"Teacher Count\": 3641}','[{\"Principal\": \"王希勤\"}]','[{\"c\":\"C9联盟\"}]','[99.9, 98, 100]','Evaluate{grade=1, description=\'GREAT!\'}',617540674568511488,0,'2022-10-29 00:19:08',0,'2022-10-29 00:19:08',b'0'),
	(617541057831428096,'清华大学','2022-10-29','PUBLIC',111323.2300,100,'{\"code\": \"100084\", \"detail\": \"中华人民共和国北京市海淀区清华园\"}','{\"Teacher Count\": 3641}','[{\"Principal\": \"王希勤\"}]','[{\"c\":\"C9联盟\"}]','[99.9, 98, 100]','Evaluate{grade=1, description=\'GREAT!\'}',617541057583964160,0,'2022-10-29 00:20:39',0,'2022-10-29 00:20:39',b'0'),
	(617541503262318592,'清华大学','2022-10-29','PUBLIC',111323.2300,100,'{\"code\": \"100084\", \"detail\": \"中华人民共和国北京市海淀区清华园\"}','{\"Teacher Count\": 3641}','[{\"Principal\": \"王希勤\"}]','[{\"c\":\"C9联盟\"}]','[99.9, 98, 100]','Evaluate{grade=1, description=\'GREAT!\'}',617541502788362240,0,'2022-10-29 00:22:26',0,'2022-10-29 00:22:26',b'0'),
	(617550624757833728,'清华大学','2022-10-29','PUBLIC',111323.2300,100,'{\"code\": \"100084\", \"detail\": \"中华人民共和国北京市海淀区清华园\"}','{\"Teacher Count\": 3641}','[{\"Principal\": \"王希勤\"}]','[{\"c\":\"C9联盟\"}]','[99.9, 98, 100]','Evaluate{grade=1, description=\'GREAT!\'}',617550624497786880,0,'2022-10-29 00:58:40',0,'2022-10-29 00:58:40',b'0'),
	(617550975636529152,'清华大学','2022-10-29','PUBLIC',111323.2300,100,'{\"code\": \"100084\", \"detail\": \"中华人民共和国北京市海淀区清华园\"}','{\"Teacher Count\": 3641}','[{\"Principal\": \"王希勤\"}]','[{\"c\":\"C9联盟\"}]','[99.9, 98, 100]','Evaluate{grade=1, description=\'GREAT!\'}',617550975355510784,0,'2022-10-29 01:00:04',0,'2022-10-29 01:00:04',b'0'),
	(617551181128065024,'清华大学','2022-10-29','PUBLIC',111323.2300,100,'{\"code\": \"100084\", \"detail\": \"中华人民共和国北京市海淀区清华园\"}','{\"Teacher Count\": 3641}','[{\"Principal\": \"王希勤\"}]','[{\"c\":\"C9联盟\"}]','[99.9, 98, 100]','Evaluate{grade=1, description=\'GREAT!\'}',617551180767354880,0,'2022-10-29 01:00:53',0,'2022-10-29 01:00:53',b'0'),
	(617551385252257792,'清华大学','2022-10-29','PUBLIC',111323.2300,100,'{\"code\": \"100084\", \"detail\": \"中华人民共和国北京市海淀区清华园\"}','{\"Teacher Count\": 3641}','[{\"Principal\": \"王希勤\"}]','[{\"c\":\"C9联盟\"}]','[99.9, 98, 100]','Evaluate{grade=1, description=\'GREAT!\'}',617551385004793856,0,'2022-10-29 01:01:42',0,'2022-10-29 01:01:42',b'0'),
	(617551637418008576,'清华大学','2022-10-29','PUBLIC',111323.2300,100,'{\"code\": \"100084\", \"detail\": \"中华人民共和国北京市海淀区清华园\"}','{\"Teacher Count\": 3641}','[{\"Principal\": \"王希勤\"}]','[{\"c\":\"C9联盟\"}]','[99.9, 98, 100]','Evaluate{grade=1, description=\'GREAT!\'}',617551637170544640,0,'2022-10-29 01:02:42',0,'2022-10-29 01:02:42',b'0'),
	(617553044837687296,'清华大学','2022-10-29','PUBLIC',111323.2300,100,'{\"code\": \"100084\", \"detail\": \"中华人民共和国北京市海淀区清华园\"}','{\"Teacher Count\": 3641}','[{\"Principal\": \"王希勤\"}]','[{\"c\":\"C9联盟\"}]','[99.9, 98, 100]','Evaluate{grade=1, description=\'GREAT!\'}',617553044569251840,0,'2022-10-29 01:08:17',0,'2022-10-29 01:08:17',b'0'),
	(617759015295967232,'清华大学','2022-10-29','PUBLIC',111323.2300,100,'{\"code\": \"100084\", \"detail\": \"中华人民共和国北京市海淀区清华园\"}','{\"Teacher Count\": 3641}','[{\"Principal\": \"王希勤\"}]','[{\"c\":\"C9联盟\"}]','[99.9, 98, 100]','Evaluate{grade=1, description=\'GREAT!\'}',617759015040114688,0,'2022-10-29 14:46:44',0,'2022-10-29 14:46:44',b'0'),
	(617759558504472576,'清华大学','2022-10-29','PUBLIC',111323.2300,100,'{\"code\": \"100084\", \"detail\": \"中华人民共和国北京市海淀区清华园\"}','{\"Teacher Count\": 3641}','[{\"Principal\": \"王希勤\"}]','[{\"c\":\"C9联盟\"}]','[99.9, 98, 100]','Evaluate{grade=1, description=\'GREAT!\'}',617759558240231424,0,'2022-10-29 14:48:54',0,'2022-10-29 14:48:54',b'0'),
	(617760109094952960,'清华大学','2022-10-29','PUBLIC',111323.2300,100,'{\"code\": \"100084\", \"detail\": \"中华人民共和国北京市海淀区清华园\"}','{\"Teacher Count\": 3641}','[{\"Principal\": \"王希勤\"}]','[{\"c\":\"C9联盟\"}]','[99.9, 98, 100]','Evaluate{grade=1, description=\'GREAT!\'}',617760108834906112,0,'2022-10-29 14:51:05',0,'2022-10-29 14:51:05',b'0'),
	(617760597064474624,'清华大学','2022-10-29','PUBLIC',111323.2300,100,'{\"code\": \"100084\", \"detail\": \"中华人民共和国北京市海淀区清华园\"}','{\"Teacher Count\": 3641}','[{\"Principal\": \"王希勤\"}]','[{\"c\":\"C9联盟\"}]','[99.9, 98, 100]','Evaluate{grade=1, description=\'GREAT!\'}',617760596833787904,0,'2022-10-29 14:53:02',0,'2022-10-29 14:53:02',b'0'),
	(617765999017648128,'清华大学','2022-10-29','PUBLIC',111323.2300,100,'{\"code\": \"100084\", \"detail\": \"中华人民共和国北京市海淀区清华园\"}','{\"Teacher Count\": 3641}','[{\"Principal\": \"王希勤\"}]','[{\"c\":\"C9联盟\"}]','[99.9, 98, 100]','Evaluate{grade=1, description=\'GREAT!\'}',617765998707269632,0,'2022-10-29 15:14:30',0,'2022-10-29 15:14:30',b'0'),
	(617766531190939648,'清华大学','2022-10-29','PUBLIC',111323.2300,100,'{\"code\": \"100084\", \"detail\": \"中华人民共和国北京市海淀区清华园\"}','{\"Teacher Count\": 3641}','[{\"Principal\": \"王希勤\"}]','[{\"c\":\"C9联盟\"}]','[99.9, 98, 100]','Evaluate{grade=1, description=\'GREAT!\'}',617766530867978240,0,'2022-10-29 15:16:36',0,'2022-10-29 15:16:36',b'0'),
	(617771757063036928,'清华大学','2022-10-29','PUBLIC',111323.2300,100,'{\"code\": \"100084\", \"detail\": \"中华人民共和国北京市海淀区清华园\"}','{\"Teacher Count\": 3641}','[{\"Principal\": \"王希勤\"}]','[{\"c\":\"C9联盟\"}]','[99.9, 98, 100]','Evaluate{grade=1, description=\'GREAT!\'}',617771756840738816,0,'2022-10-29 15:37:22',0,'2022-10-29 15:37:22',b'0'),
	(617771976861343744,'清华大学','2022-10-29','PUBLIC',111323.2300,100,'{\"code\": \"100084\", \"detail\": \"中华人民共和国北京市海淀区清华园\"}','{\"Teacher Count\": 3641}','[{\"Principal\": \"王希勤\"}]','[{\"c\":\"C9联盟\"}]','[99.9, 98, 100]','Evaluate{grade=1, description=\'GREAT!\'}',617771976542576640,0,'2022-10-29 15:38:15',0,'2022-10-29 15:38:15',b'0'),
	(617777157409792000,'清华大学','2022-10-29','PUBLIC',111323.2300,100,'{\"code\": \"100084\", \"detail\": \"中华人民共和国北京市海淀区清华园\"}','{\"Teacher Count\": 3641}','[{\"Principal\": \"王希勤\"}]','[{\"c\":\"C9联盟\"}]','[99.9, 98, 100]','Evaluate{grade=1, description=\'GREAT!\'}',617777157128773632,0,'2022-10-29 15:58:50',0,'2022-10-29 15:58:50',b'0'),
	(617835472227590144,'清华大学','2022-10-29','PUBLIC',111323.2300,100,'{\"code\": \"100084\", \"detail\": \"中华人民共和国北京市海淀区清华园\"}','{\"Teacher Count\": 3641}','[{\"Principal\": \"王希勤\"}]','[{\"c\":\"C9联盟\"}]','[99.9, 98, 100]','Evaluate{grade=1, description=\'GREAT!\'}',617835471904628736,0,'2022-10-29 19:50:33',0,'2022-10-29 19:50:33',b'0'),
	(617835879897161728,'清华大学','2022-10-29','PUBLIC',111323.2300,100,'{\"code\": \"100084\", \"detail\": \"中华人民共和国北京市海淀区清华园\"}','{\"Teacher Count\": 3641}','[{\"Principal\": \"王希勤\"}]','[{\"c\":\"C9联盟\"}]','[99.9, 98, 100]','Evaluate{grade=1, description=\'GREAT!\'}',617835879687446528,0,'2022-10-29 19:52:10',0,'2022-10-29 19:52:10',b'0'),
	(617859245899177984,'清华大学','2022-10-29','PUBLIC',111323.2300,100,'{\"code\": \"100084\", \"detail\": \"中华人民共和国北京市海淀区清华园\"}','{\"Teacher Count\": 3641}','[{\"Principal\": \"王希勤\"}]','[{\"c\":\"C9联盟\"}]','[99.9, 98, 100]','Evaluate{grade=1, description=\'GREAT!\'}',617859245597188096,0,'2022-10-29 21:25:01',0,'2022-10-29 21:25:01',b'0'),
	(617867237021376512,'清华大学','2022-10-29','PUBLIC',111323.2300,100,'{\"code\": \"100084\", \"detail\": \"中华人民共和国北京市海淀区清华园\"}','{\"Teacher Count\": 3641}','[{\"Principal\": \"王希勤\"}]','[{\"c\":\"C9联盟\"}]','[99.9, 98, 100]','Evaluate{grade=1, description=\'GREAT!\'}',617867236694220800,0,'2022-10-29 21:56:47',0,'2022-10-29 21:56:47',b'0'),
	(617867403921121280,'清华大学','2022-10-29','PUBLIC',111323.2300,100,'{\"code\": \"100084\", \"detail\": \"中华人民共和国北京市海淀区清华园\"}','{\"Teacher Count\": 3641}','[{\"Principal\": \"王希勤\"}]','[{\"c\":\"C9联盟\"}]','[99.9, 98, 100]','Evaluate{grade=1, description=\'GREAT!\'}',617867403698823168,0,'2022-10-29 21:57:26',0,'2022-10-29 21:57:26',b'0'),
	(617907902757396480,'清华大学','2022-10-30','PUBLIC',111323.2300,100,'{\"code\": \"100084\", \"detail\": \"中华人民共和国北京市海淀区清华园\"}','{\"Teacher Count\": 3641}','[{\"Principal\": \"王希勤\"}]','[{\"c\":\"C9联盟\"}]','[99.9, 98, 100]','Evaluate{grade=1, description=\'GREAT!\'}',617907902509932544,0,'2022-10-30 00:38:22',0,'2022-10-30 00:38:22',b'0'),
	(619302907032035328,'清华大学','2022-11-02','PUBLIC',111323.2300,100,'{\"code\": \"100084\", \"detail\": \"中华人民共和国北京市海淀区清华园\"}','{\"Teacher Count\": 3641}','[{\"Principal\": \"王希勤\"}]','[{\"c\":\"C9联盟\"}]','[99.9, 98, 100]','Evaluate{grade=1, description=\'GREAT!\'}',619302906822320128,0,'2022-11-02 21:01:37',0,'2022-11-02 21:01:37',b'0'),
	(619308538233282560,'清华大学','2022-11-02','PUBLIC',111323.2300,100,'{\"code\": \"100084\", \"detail\": \"中华人民共和国北京市海淀区清华园\"}','{\"Teacher Count\": 3641}','[{\"Principal\": \"王希勤\"}]','[{\"c\":\"C9联盟\"}]','[99.9, 98, 100]','Evaluate{grade=1, description=\'GREAT!\'}',619308538040344576,0,'2022-11-02 21:24:00',0,'2022-11-02 21:24:00',b'0'),
	(619308929893195776,'清华大学','2022-11-02','PUBLIC',111323.2300,100,'{\"code\": \"100084\", \"detail\": \"中华人民共和国北京市海淀区清华园\"}','{\"Teacher Count\": 3641}','[{\"Principal\": \"王希勤\"}]','[{\"c\":\"C9联盟\"}]','[99.9, 98, 100]','Evaluate{grade=1, description=\'GREAT!\'}',619308929599594496,0,'2022-11-02 21:25:33',0,'2022-11-02 21:25:33',b'0'),
	(619315179452293120,'清华大学','2022-11-02','PUBLIC',111323.2300,100,'{\"code\": \"100084\", \"detail\": \"中华人民共和国北京市海淀区清华园\"}','{\"Teacher Count\": 3641}','[{\"Principal\": \"王希勤\"}]','[{\"c\":\"C9联盟\"}]','[99.9, 98, 100]','Evaluate{grade=1, description=\'GREAT!\'}',619315179188051968,0,'2022-11-02 21:50:23',0,'2022-11-02 21:50:23',b'0'),
	(619907491001540608,'清华大学','2022-11-04','PUBLIC',111323.2300,100,'{\"code\": \"100084\", \"detail\": \"中华人民共和国北京市海淀区清华园\"}','{\"Teacher Count\": 3641}','[{\"Principal\": \"王希勤\"}]','[{\"c\":\"C9联盟\"}]','[99.9, 98, 100]','Evaluate{grade=1, description=\'GREAT!\'}',619907490754076672,0,'2022-11-04 13:04:01',0,'2022-11-04 13:04:01',b'0'),
	(622028857016508416,'清华大学','2022-11-10','PUBLIC',111323.2300,100,'{\"code\": \"100084\", \"detail\": \"中华人民共和国北京市海淀区清华园\"}','{\"Teacher Count\": 3641}','[{\"Principal\": \"王希勤\"}]','[{\"c\":\"C9联盟\"}]','[99.9, 98, 100]','Evaluate{grade=1, description=\'GREAT!\'}',622028856827764736,0,'2022-11-10 09:33:34',0,'2022-11-10 09:33:34',b'0'),
	(622131290610786304,'清华大学','2022-11-10','PUBLIC',111323.2300,100,'{\"code\": \"100084\", \"detail\": \"中华人民共和国北京市海淀区清华园\"}','{\"Teacher Count\": 3641}','[{\"Principal\": \"王希勤\"}]','[{\"c\":\"C9联盟\"}]','[99.9, 98, 100]','Evaluate{grade=1, description=\'GREAT!\'}',622131290317185024,0,'2022-11-10 16:20:36',0,'2022-11-10 16:20:36',b'0'),
	(626173811854700544,'清华大学','2022-11-21','PUBLIC',111323.2300,100,'{\"code\": \"100084\", \"detail\": \"中华人民共和国北京市海淀区清华园\"}','{\"Teacher Count\": 3641}','[{\"Principal\": \"王希勤\"}]','[{\"c\":\"C9联盟\"}]','[99.9, 98, 100]','Evaluate{grade=1, description=\'GREAT!\'}',626173811565293568,0,'2022-11-21 20:04:08',0,'2022-11-21 20:04:08',b'0'),
	(627206588289011712,'清华大学','2022-11-24','PUBLIC',111323.2300,100,'{\"code\": \"100084\", \"detail\": \"中华人民共和国北京市海淀区清华园\"}','{\"Teacher Count\": 3641}','[{\"Principal\": \"王希勤\"}]','[{\"c\":\"C9联盟\"}]','[99.9, 98, 100]','Evaluate{grade=1, description=\'GREAT!\'}',627206588117045248,0,'2022-11-24 16:28:01',0,'2022-11-24 16:28:01',b'0'),
	(627549158378590208,'清华大学','2022-11-25','PUBLIC',111323.2300,100,'{\"code\": \"100084\", \"detail\": \"中华人民共和国北京市海淀区清华园\"}','{\"Teacher Count\": 3641}','[{\"Principal\": \"王希勤\"}]','[{\"c\":\"C9联盟\"}]','[99.9, 98, 100]','Evaluate{grade=1, description=\'GREAT!\'}',627549158185652224,0,'2022-11-25 15:09:16',0,'2022-11-25 15:09:16',b'0'),
	(627550889715978240,'清华大学','2022-11-25','PUBLIC',111323.2300,100,'{\"code\": \"100084\", \"detail\": \"中华人民共和国北京市海淀区清华园\"}','{\"Teacher Count\": 3641}','[{\"Principal\": \"王希勤\"}]','[{\"c\":\"C9联盟\"}]','[99.9, 98, 100]','Evaluate{grade=1, description=\'GREAT!\'}',627550889455931392,0,'2022-11-25 15:16:09',0,'2022-11-25 15:16:09',b'0'),
	(627581000246906880,'清华大学','2022-11-25','PUBLIC',111323.2300,100,'{\"code\": \"100084\", \"detail\": \"中华人民共和国北京市海淀区清华园\"}','{\"Teacher Count\": 3641}','[{\"Principal\": \"王希勤\"}]','[{\"c\":\"C9联盟\"}]','[99.9, 98, 100]','Evaluate{grade=1, description=\'GREAT!\'}',627581000028803072,0,'2022-11-25 17:15:48',0,'2022-11-25 17:15:48',b'0'),
	(627601748638322688,'清华大学','2022-11-25','PUBLIC',111323.2300,100,'{\"code\": \"100084\", \"detail\": \"中华人民共和国北京市海淀区清华园\"}','{\"Teacher Count\": 3641}','[{\"Principal\": \"王希勤\"}]','[{\"c\":\"C9联盟\"}]','[99.9, 98, 100]','Evaluate{grade=1, description=\'GREAT!\'}',627601748252446720,0,'2022-11-25 18:38:15',0,'2022-11-25 18:38:15',b'0'),
	(627602767392821248,'清华大学','2022-11-25','PUBLIC',111323.2300,100,'{\"code\": \"100084\", \"detail\": \"中华人民共和国北京市海淀区清华园\"}','{\"Teacher Count\": 3641}','[{\"Principal\": \"王希勤\"}]','[{\"c\":\"C9联盟\"}]','[99.9, 98, 100]','Evaluate{grade=1, description=\'GREAT!\'}',627602767057276928,0,'2022-11-25 18:42:18',0,'2022-11-25 18:42:18',b'0'),
	(627604473258201088,'清华大学','2022-11-25','PUBLIC',111323.2300,100,'{\"code\": \"100084\", \"detail\": \"中华人民共和国北京市海淀区清华园\"}','{\"Teacher Count\": 3641}','[{\"Principal\": \"王希勤\"}]','[{\"c\":\"C9联盟\"}]','[99.9, 98, 100]','Evaluate{grade=1, description=\'GREAT!\'}',627604473002348544,0,'2022-11-25 18:49:05',0,'2022-11-25 18:49:05',b'0'),
	(659196328152166400,'清华大学','2023-02-20','PUBLIC',111323.2300,100,'{\"code\": \"100084\", \"detail\": \"中华人民共和国北京市海淀区清华园\"}','{\"Teacher Count\": 3641}','[{\"Principal\": \"王希勤\"}]','[{\"c\":\"C9联盟\"}]','[99.9, 98, 100]','Evaluate{grade=1, description=\'GREAT!\'}',659196328022142976,0,'2023-02-20 23:03:50',0,'2023-02-20 23:03:50',b'0'),
	(659921217771302912,'清华大学','2023-02-22','PUBLIC',111323.2300,100,'{\"code\": \"100084\", \"detail\": \"中华人民共和国北京市海淀区清华园\"}','{\"Teacher Count\": 3641}','[{\"Principal\": \"王希勤\"}]','[{\"c\":\"C9联盟\"}]','[99.9, 98, 100]','Evaluate{grade=1, description=\'GREAT!\'}',659921217473507328,0,'2023-02-22 23:04:17',0,'2023-02-22 23:04:17',b'0'),
	(660275243515920384,'清华大学','2023-02-23','PUBLIC',111323.2300,100,'{\"code\": \"100084\", \"detail\": \"中华人民共和国北京市海淀区清华园\"}','{\"Teacher Count\": 3641}','[{\"Principal\": \"王希勤\"}]','[{\"c\":\"C9联盟\"}]','[99.9, 98, 100]','Evaluate{grade=1, description=\'GREAT!\'}',660275243293622272,0,'2023-02-23 22:31:03',0,'2023-02-23 22:31:03',b'0'),
	(660457839482912768,'清华大学','2023-02-24','PUBLIC',111323.2300,100,'{\"code\": \"100084\", \"detail\": \"中华人民共和国北京市海淀区清华园\"}','{\"Teacher Count\": 3641}','[{\"Principal\": \"王希勤\"}]','[{\"c\":\"C9联盟\"}]','[99.9, 98, 100]','Evaluate{grade=1, description=\'GREAT!\'}',660457839180922880,0,'2023-02-24 10:36:37',0,'2023-02-24 10:36:37',b'0'),
	(660617698287304704,'清华大学','2023-02-24','PUBLIC',111323.2300,100,'{\"code\": \"100084\", \"detail\": \"中华人民共和国北京市海淀区清华园\"}','{\"Teacher Count\": 3641}','[{\"Principal\": \"王希勤\"}]','[{\"c\":\"C9联盟\"}]','[99.9, 98, 100]','Evaluate{grade=1, description=\'GREAT!\'}',660617697997897728,0,'2023-02-24 21:11:51',0,'2023-02-24 21:11:51',b'0'),
	(663184006853963776,'清华大学','2023-03-03','PUBLIC',111323.2300,100,'{\"code\": \"100084\", \"detail\": \"中华人民共和国北京市海淀区清华园\"}','{\"Teacher Count\": 3641}','[{\"Principal\": \"王希勤\"}]','[{\"c\":\"C9联盟\"}]','[99.9, 98, 100]','Evaluate{grade=1, description=\'GREAT!\'}',663184006707163136,0,'2023-03-03 23:09:26',0,'2023-03-03 23:09:26',b'0'),
	(664155754302812160,'清华大学','2023-03-06','PUBLIC',111323.2300,100,'{\"code\": \"100084\", \"detail\": \"中华人民共和国北京市海淀区清华园\"}','{\"Teacher Count\": 3641}','[{\"Principal\": \"王希勤\"}]','[{\"c\":\"C9联盟\"}]','[99.9, 98, 100]','Evaluate{grade=1, description=\'GREAT!\'}',664155754076319744,0,'2023-03-06 15:30:49',0,'2023-03-06 15:30:49',b'0'),
	(664178791102296064,'清华大学','2023-03-06','PUBLIC',111323.2300,100,'{\"code\": \"100084\", \"detail\": \"中华人民共和国北京市海淀区清华园\"}','{\"Teacher Count\": 3641}','[{\"Principal\": \"王希勤\"}]','[{\"c\":\"C9联盟\"}]','[99.9, 98, 100]','Evaluate{grade=1, description=\'GREAT!\'}',664178790884192256,0,'2023-03-06 17:02:21',0,'2023-03-06 17:02:21',b'0'),
	(664187110999207936,'清华大学','2023-03-06','PUBLIC',111323.2300,100,'{\"code\": \"100084\", \"detail\": \"中华人民共和国北京市海淀区清华园\"}','{\"Teacher Count\": 3641}','[{\"Principal\": \"王希勤\"}]','[{\"c\":\"C9联盟\"}]','[99.9, 98, 100]','Evaluate{grade=1, description=\'GREAT!\'}',664187110760132608,0,'2023-03-06 17:35:25',0,'2023-03-06 17:35:25',b'0'),
	(664190409781555200,'清华大学','2023-03-06','PUBLIC',111323.2300,100,'{\"code\": \"100084\", \"detail\": \"中华人民共和国北京市海淀区清华园\"}','{\"Teacher Count\": 3641}','[{\"Principal\": \"王希勤\"}]','[{\"c\":\"C9联盟\"}]','[99.9, 98, 100]','Evaluate{grade=1, description=\'GREAT!\'}',664190409567645696,0,'2023-03-06 17:48:32',0,'2023-03-06 17:48:32',b'0'),
	(664191355358031872,'清华大学','2023-03-06','PUBLIC',111323.2300,100,'{\"code\": \"100084\", \"detail\": \"中华人民共和国北京市海淀区清华园\"}','{\"Teacher Count\": 3641}','[{\"Principal\": \"王希勤\"}]','[{\"c\":\"C9联盟\"}]','[99.9, 98, 100]','Evaluate{grade=1, description=\'GREAT!\'}',664191355139928064,0,'2023-03-06 17:52:17',0,'2023-03-06 17:52:17',b'0'),
	(664191550636437504,'清华大学','2023-03-06','PUBLIC',111323.2300,100,'{\"code\": \"100084\", \"detail\": \"中华人民共和国北京市海淀区清华园\"}','{\"Teacher Count\": 3641}','[{\"Principal\": \"王希勤\"}]','[{\"c\":\"C9联盟\"}]','[99.9, 98, 100]','Evaluate{grade=1, description=\'GREAT!\'}',664191550330253312,0,'2023-03-06 17:53:04',0,'2023-03-06 17:53:04',b'0'),
	(664268079760420864,'清华大学','2023-03-06','PUBLIC',111323.2300,100,'{\"code\": \"100084\", \"detail\": \"中华人民共和国北京市海淀区清华园\"}','{\"Teacher Count\": 3641}','[{\"Principal\": \"王希勤\"}]','[{\"c\":\"C9联盟\"}]','[99.9, 98, 100]','Evaluate{grade=1, description=\'GREAT!\'}',664268079563288576,0,'2023-03-06 22:57:10',0,'2023-03-06 22:57:10',b'0'),
	(664988576362070016,'清华大学','2023-03-08','PUBLIC',111323.2300,100,'{\"code\": \"100084\", \"detail\": \"中华人民共和国北京市海淀区清华园\"}','{\"Teacher Count\": 3641}','[{\"Principal\": \"王希勤\"}]','[{\"c\":\"C9联盟\"}]','[99.9, 98, 100]','Evaluate{grade=1, description=\'GREAT!\'}',664988576072663040,0,'2023-03-08 22:40:09',0,'2023-03-08 22:40:09',b'0'),
	(664989083130462208,'清华大学','2023-03-08','PUBLIC',111323.2300,100,'{\"code\": \"100084\", \"detail\": \"中华人民共和国北京市海淀区清华园\"}','{\"Teacher Count\": 3641}','[{\"Principal\": \"王希勤\"}]','[{\"c\":\"C9联盟\"}]','[99.9, 98, 100]','Evaluate{grade=1, description=\'GREAT!\'}',664989082761363456,0,'2023-03-08 22:42:10',0,'2023-03-08 22:42:10',b'0'),
	(665284806849884160,'清华大学','2023-03-09','PUBLIC',111323.2300,100,'{\"code\": \"100084\", \"detail\": \"中华人民共和国北京市海淀区清华园\"}','{\"Teacher Count\": 3641}','[{\"Principal\": \"王希勤\"}]','[{\"c\":\"C9联盟\"}]','[99.9, 98, 100]','Evaluate{grade=1, description=\'GREAT!\'}',665284806644363264,0,'2023-03-09 18:17:16',0,'2023-03-09 18:17:16',b'0'),
	(665291336106143744,'清华大学','2023-03-09','PUBLIC',111323.2300,100,'{\"code\": \"100084\", \"detail\": \"中华人民共和国北京市海淀区清华园\"}','{\"Teacher Count\": 3641}','[{\"Principal\": \"王希勤\"}]','[{\"c\":\"C9联盟\"}]','[99.9, 98, 100]','Evaluate{grade=1, description=\'GREAT!\'}',665291335825125376,0,'2023-03-09 18:43:13',0,'2023-03-09 18:43:13',b'0'),
	(665298009092812800,'清华大学','2023-03-09','PUBLIC',111323.2300,100,'{\"code\": \"100084\", \"detail\": \"中华人民共和国北京市海淀区清华园\"}','{\"Teacher Count\": 3641}','[{\"Principal\": \"王希勤\"}]','[{\"c\":\"C9联盟\"}]','[99.9, 98, 100]','Evaluate{grade=1, description=\'GREAT!\'}',665298008765657088,0,'2023-03-09 19:09:44',0,'2023-03-09 19:09:44',b'0'),
	(665307276424278016,'清华大学','2023-03-09','PUBLIC',111323.2300,100,'{\"code\": \"100084\", \"detail\": \"中华人民共和国北京市海淀区清华园\"}','{\"Teacher Count\": 3641}','[{\"Principal\": \"王希勤\"}]','[{\"c\":\"C9联盟\"}]','[99.9, 98, 100]','Evaluate{grade=1, description=\'GREAT!\'}',665307276155842560,0,'2023-03-09 19:46:33',0,'2023-03-09 19:46:33',b'0'),
	(665308639073955840,'清华大学','2023-03-09','PUBLIC',111323.2300,100,'{\"code\": \"100084\", \"detail\": \"中华人民共和国北京市海淀区清华园\"}','{\"Teacher Count\": 3641}','[{\"Principal\": \"王希勤\"}]','[{\"c\":\"C9联盟\"}]','[99.9, 98, 100]','Evaluate{grade=1, description=\'GREAT!\'}',665308638906183680,0,'2023-03-09 19:51:58',0,'2023-03-09 19:51:58',b'0'),
	(665357294925541376,'清华大学','2023-03-09','PUBLIC',111323.2300,100,'{\"code\": \"100084\", \"detail\": \"中华人民共和国北京市海淀区清华园\"}','{\"Teacher Count\": 3641}','[{\"Principal\": \"王希勤\"}]','[{\"c\":\"C9联盟\"}]','[99.9, 98, 100]','Evaluate{grade=1, description=\'GREAT!\'}',665357294707437568,0,'2023-03-09 23:05:19',0,'2023-03-09 23:05:19',b'0'),
	(665359707019440128,'清华大学','2023-03-09','PUBLIC',111323.2300,100,'{\"code\": \"100084\", \"detail\": \"中华人民共和国北京市海淀区清华园\"}','{\"Teacher Count\": 3641}','[{\"Principal\": \"王希勤\"}]','[{\"c\":\"C9联盟\"}]','[99.9, 98, 100]','Evaluate{grade=1, description=\'GREAT!\'}',665359706780364800,0,'2023-03-09 23:14:54',0,'2023-03-09 23:14:54',b'0'),
	(665360715732774912,'清华大学','2023-03-09','PUBLIC',111323.2300,100,'{\"code\": \"100084\", \"detail\": \"中华人民共和国北京市海淀区清华园\"}','{\"Teacher Count\": 3641}','[{\"Principal\": \"王希勤\"}]','[{\"c\":\"C9联盟\"}]','[99.9, 98, 100]','Evaluate{grade=1, description=\'GREAT!\'}',665360715397230592,0,'2023-03-09 23:18:54',0,'2023-03-09 23:18:54',b'0'),
	(665362158741123072,'清华大学','2023-03-09','PUBLIC',111323.2300,100,'{\"code\": \"100084\", \"detail\": \"中华人民共和国北京市海淀区清华园\"}','{\"Teacher Count\": 3641}','[{\"Principal\": \"王希勤\"}]','[{\"c\":\"C9联盟\"}]','[99.9, 98, 100]','Evaluate{grade=1, description=\'GREAT!\'}',665362158409773056,0,'2023-03-09 23:24:38',0,'2023-03-09 23:24:38',b'0'),
	(665363114606227456,'清华大学','2023-03-09','PUBLIC',111323.2300,100,'{\"code\": \"100084\", \"detail\": \"中华人民共和国北京市海淀区清华园\"}','{\"Teacher Count\": 3641}','[{\"Principal\": \"王希勤\"}]','[{\"c\":\"C9联盟\"}]','[99.9, 98, 100]','Evaluate{grade=1, description=\'GREAT!\'}',665363114333597696,0,'2023-03-09 23:28:26',0,'2023-03-09 23:28:26',b'0'),
	(665364349820366848,'清华大学','2023-03-09','PUBLIC',111323.2300,100,'{\"code\": \"100084\", \"detail\": \"中华人民共和国北京市海淀区清华园\"}','{\"Teacher Count\": 3641}','[{\"Principal\": \"王希勤\"}]','[{\"c\":\"C9联盟\"}]','[99.9, 98, 100]','Evaluate{grade=1, description=\'GREAT!\'}',665364349665177600,0,'2023-03-09 23:33:21',0,'2023-03-09 23:33:21',b'0'),
	(665368050526089216,'清华大学','2023-03-09','PUBLIC',111323.2300,100,'{\"code\": \"100084\", \"detail\": \"中华人民共和国北京市海淀区清华园\"}','{\"Teacher Count\": 3641}','[{\"Principal\": \"王希勤\"}]','[{\"c\":\"C9联盟\"}]','[99.9, 98, 100]','Evaluate{grade=1, description=\'GREAT!\'}',665368050282819584,0,'2023-03-09 23:48:03',0,'2023-03-09 23:48:03',b'0'),
	(665369434600271872,'清华大学','2023-03-09','PUBLIC',111323.2300,100,'{\"code\": \"100084\", \"detail\": \"中华人民共和国北京市海淀区清华园\"}','{\"Teacher Count\": 3641}','[{\"Principal\": \"王希勤\"}]','[{\"c\":\"C9联盟\"}]','[99.9, 98, 100]','Evaluate{grade=1, description=\'GREAT!\'}',665369434331836416,0,'2023-03-09 23:53:33',0,'2023-03-09 23:53:33',b'0'),
	(665370865457721344,'清华大学','2023-03-09','PUBLIC',111323.2300,100,'{\"code\": \"100084\", \"detail\": \"中华人民共和国北京市海淀区清华园\"}','{\"Teacher Count\": 3641}','[{\"Principal\": \"王希勤\"}]','[{\"c\":\"C9联盟\"}]','[99.9, 98, 100]','Evaluate{grade=1, description=\'GREAT!\'}',665370865180897280,0,'2023-03-09 23:59:14',0,'2023-03-09 23:59:14',b'0'),
	(665373353997004800,'清华大学','2023-03-10','PUBLIC',111323.2300,100,'{\"code\": \"100084\", \"detail\": \"中华人民共和国北京市海淀区清华园\"}','{\"Teacher Count\": 3641}','[{\"Principal\": \"王希勤\"}]','[{\"c\":\"C9联盟\"}]','[99.9, 98, 100]','Evaluate{grade=1, description=\'GREAT!\'}',665373353753735168,0,'2023-03-10 00:09:07',0,'2023-03-10 00:09:07',b'0'),
	(665384562917928960,'清华大学','2023-03-10','PUBLIC',111323.2300,100,'{\"code\": \"100084\", \"detail\": \"中华人民共和国北京市海淀区清华园\"}','{\"Teacher Count\": 3641}','[{\"Principal\": \"王希勤\"}]','[{\"c\":\"C9联盟\"}]','[99.9, 98, 100]','Evaluate{grade=1, description=\'GREAT!\'}',665384562708213760,0,'2023-03-10 00:53:40',0,'2023-03-10 00:53:40',b'0'),
	(665385252222431232,'清华大学','2023-03-10','PUBLIC',111323.2300,100,'{\"code\": \"100084\", \"detail\": \"中华人民共和国北京市海淀区清华园\"}','{\"Teacher Count\": 3641}','[{\"Principal\": \"王希勤\"}]','[{\"c\":\"C9联盟\"}]','[99.9, 98, 100]','Evaluate{grade=1, description=\'GREAT!\'}',665385251945607168,0,'2023-03-10 00:56:24',0,'2023-03-10 00:56:24',b'0'),
	(665390281432002560,'清华大学','2023-03-10','PUBLIC',111323.2300,100,'{\"code\": \"100084\", \"detail\": \"中华人民共和国北京市海淀区清华园\"}','{\"Teacher Count\": 3641}','[{\"Principal\": \"王希勤\"}]','[{\"c\":\"C9联盟\"}]','[99.9, 98, 100]','Evaluate{grade=1, description=\'GREAT!\'}',665390281142595584,0,'2023-03-10 01:16:23',0,'2023-03-10 01:16:23',b'0'),
	(665506583697977344,'清华大学','2023-03-10','PUBLIC',111323.2300,100,'{\"code\": \"100084\", \"detail\": \"中华人民共和国北京市海淀区清华园\"}','{\"Teacher Count\": 3641}','[{\"Principal\": \"王希勤\"}]','[{\"c\":\"C9联盟\"}]','[99.9, 98, 100]','Evaluate{grade=1, description=\'GREAT!\'}',665506583421153280,0,'2023-03-10 08:58:32',0,'2023-03-10 08:58:32',b'0'),
	(665507847630516224,'清华大学','2023-03-10','PUBLIC',111323.2300,100,'{\"code\": \"100084\", \"detail\": \"中华人民共和国北京市海淀区清华园\"}','{\"Teacher Count\": 3641}','[{\"Principal\": \"王希勤\"}]','[{\"c\":\"C9联盟\"}]','[99.9, 98, 100]','Evaluate{grade=1, description=\'GREAT!\'}',665507847190114304,0,'2023-03-10 09:03:33',0,'2023-03-10 09:03:33',b'0'),
	(665531029271900160,'清华大学','2023-03-10','PUBLIC',111323.2300,100,'{\"code\": \"100084\", \"detail\": \"中华人民共和国北京市海淀区清华园\"}','{\"Teacher Count\": 3641}','[{\"Principal\": \"王希勤\"}]','[{\"c\":\"C9联盟\"}]','[99.9, 98, 100]','Evaluate{grade=1, description=\'GREAT!\'}',665531028940550144,0,'2023-03-10 10:35:40',0,'2023-03-10 10:35:40',b'0'),
	(665532542547423232,'清华大学','2023-03-10','PUBLIC',111323.2300,100,'{\"code\": \"100084\", \"detail\": \"中华人民共和国北京市海淀区清华园\"}','{\"Teacher Count\": 3641}','[{\"Principal\": \"王希勤\"}]','[{\"c\":\"C9联盟\"}]','[99.9, 98, 100]','Evaluate{grade=1, description=\'GREAT!\'}',665532542358679552,0,'2023-03-10 10:41:41',0,'2023-03-10 10:41:41',b'0'),
	(665533090604544000,'清华大学','2023-03-10','PUBLIC',111323.2300,100,'{\"code\": \"100084\", \"detail\": \"中华人民共和国北京市海淀区清华园\"}','{\"Teacher Count\": 3641}','[{\"Principal\": \"王希勤\"}]','[{\"c\":\"C9联盟\"}]','[99.9, 98, 100]','Evaluate{grade=1, description=\'GREAT!\'}',665533090306748416,0,'2023-03-10 10:43:52',0,'2023-03-10 10:43:52',b'0'),
	(665533219365482496,'清华大学','2023-03-10','PUBLIC',111323.2300,100,'{\"code\": \"100084\", \"detail\": \"中华人民共和国北京市海淀区清华园\"}','{\"Teacher Count\": 3641}','[{\"Principal\": \"王希勤\"}]','[{\"c\":\"C9联盟\"}]','[99.9, 98, 100]','Evaluate{grade=1, description=\'GREAT!\'}',665533219105435648,0,'2023-03-10 10:44:22',0,'2023-03-10 10:44:22',b'0'),
	(665533409279373312,'清华大学','2023-03-10','PUBLIC',111323.2300,100,'{\"code\": \"100084\", \"detail\": \"中华人民共和国北京市海淀区清华园\"}','{\"Teacher Count\": 3641}','[{\"Principal\": \"王希勤\"}]','[{\"c\":\"C9联盟\"}]','[99.9, 98, 100]','Evaluate{grade=1, description=\'GREAT!\'}',665533409023520768,0,'2023-03-10 10:45:08',0,'2023-03-10 10:45:08',b'0'),
	(665533554796556288,'清华大学','2023-03-10','PUBLIC',111323.2300,100,'{\"code\": \"100084\", \"detail\": \"中华人民共和国北京市海淀区清华园\"}','{\"Teacher Count\": 3641}','[{\"Principal\": \"王希勤\"}]','[{\"c\":\"C9联盟\"}]','[99.9, 98, 100]','Evaluate{grade=1, description=\'GREAT!\'}',665533554528120832,0,'2023-03-10 10:45:42',0,'2023-03-10 10:45:42',b'0'),
	(665534667679625216,'清华大学','2023-03-10','PUBLIC',111323.2300,100,'{\"code\": \"100084\", \"detail\": \"中华人民共和国北京市海淀区清华园\"}','{\"Teacher Count\": 3641}','[{\"Principal\": \"王希勤\"}]','[{\"c\":\"C9联盟\"}]','[99.9, 98, 100]','Evaluate{grade=1, description=\'GREAT!\'}',665534667369246720,0,'2023-03-10 10:50:08',0,'2023-03-10 10:50:08',b'0'),
	(665535010933075968,'清华大学','2023-03-10','PUBLIC',111323.2300,100,'{\"code\": \"100084\", \"detail\": \"中华人民共和国北京市海淀区清华园\"}','{\"Teacher Count\": 3641}','[{\"Principal\": \"王希勤\"}]','[{\"c\":\"C9联盟\"}]','[99.9, 98, 100]','Evaluate{grade=1, description=\'GREAT!\'}',665535010740137984,0,'2023-03-10 10:51:29',0,'2023-03-10 10:51:29',b'0'),
	(665535356799578112,'清华大学','2023-03-10','PUBLIC',111323.2300,100,'{\"code\": \"100084\", \"detail\": \"中华人民共和国北京市海淀区清华园\"}','{\"Teacher Count\": 3641}','[{\"Principal\": \"王希勤\"}]','[{\"c\":\"C9联盟\"}]','[99.9, 98, 100]','Evaluate{grade=1, description=\'GREAT!\'}',665535356501782528,0,'2023-03-10 10:52:52',0,'2023-03-10 10:52:52',b'0'),
	(665536414783401984,'清华大学','2023-03-10','PUBLIC',111323.2300,100,'{\"code\": \"100084\", \"detail\": \"中华人民共和国北京市海淀区清华园\"}','{\"Teacher Count\": 3641}','[{\"Principal\": \"王希勤\"}]','[{\"c\":\"C9联盟\"}]','[99.9, 98, 100]','Evaluate{grade=1, description=\'GREAT!\'}',665536414548520960,0,'2023-03-10 10:57:04',0,'2023-03-10 10:57:04',b'0'),
	(665538815145832448,'清华大学','2023-03-10','PUBLIC',111323.2300,100,'{\"code\": \"100084\", \"detail\": \"中华人民共和国北京市海淀区清华园\"}','{\"Teacher Count\": 3641}','[{\"Principal\": \"王希勤\"}]','[{\"c\":\"C9联盟\"}]','[99.9, 98, 100]','Evaluate{grade=1, description=\'GREAT!\'}',665538814864814080,0,'2023-03-10 11:06:36',0,'2023-03-10 11:06:36',b'0'),
	(665551746558357504,'清华大学','2023-03-10','PUBLIC',111323.2300,100,'{\"code\": \"100084\", \"detail\": \"中华人民共和国北京市海淀区清华园\"}','{\"Teacher Count\": 3641}','[{\"Principal\": \"王希勤\"}]','[{\"c\":\"C9联盟\"}]','[99.9, 98, 100]','Evaluate{grade=1, description=\'GREAT!\'}',665551746260561920,0,'2023-03-10 11:58:00',0,'2023-03-10 11:58:00',b'0'),
	(665552239582015488,'清华大学','2023-03-10','PUBLIC',111323.2300,100,'{\"code\": \"100084\", \"detail\": \"中华人民共和国北京市海淀区清华园\"}','{\"Teacher Count\": 3641}','[{\"Principal\": \"王希勤\"}]','[{\"c\":\"C9联盟\"}]','[99.9, 98, 100]','Evaluate{grade=1, description=\'GREAT!\'}',665552239217111040,0,'2023-03-10 11:59:57',0,'2023-03-10 11:59:57',b'0'),
	(665555126177525760,'清华大学','2023-03-10','PUBLIC',111323.2300,100,'{\"code\": \"100084\", \"detail\": \"中华人民共和国北京市海淀区清华园\"}','{\"Teacher Count\": 3641}','[{\"Principal\": \"王希勤\"}]','[{\"c\":\"C9联盟\"}]','[99.9, 98, 100]','Evaluate{grade=1, description=\'GREAT!\'}',665555125909090304,0,'2023-03-10 12:11:25',0,'2023-03-10 12:11:25',b'0'),
	(665558229710827520,'清华大学','2023-03-10','PUBLIC',111323.2300,100,'{\"code\": \"100084\", \"detail\": \"中华人民共和国北京市海淀区清华园\"}','{\"Teacher Count\": 3641}','[{\"Principal\": \"王希勤\"}]','[{\"c\":\"C9联盟\"}]','[99.9, 98, 100]','Evaluate{grade=1, description=\'GREAT!\'}',665558229345923072,0,'2023-03-10 12:23:45',0,'2023-03-10 12:23:45',b'0'),
	(665561511506243584,'清华大学','2023-03-10','PUBLIC',111323.2300,100,'{\"code\": \"100084\", \"detail\": \"中华人民共和国北京市海淀区清华园\"}','{\"Teacher Count\": 3641}','[{\"Principal\": \"王希勤\"}]','[{\"c\":\"C9联盟\"}]','[99.9, 98, 100]','Evaluate{grade=1, description=\'GREAT!\'}',665561511275556864,0,'2023-03-10 12:36:48',0,'2023-03-10 12:36:48',b'0'),
	(665561816687996928,'清华大学','2023-03-10','PUBLIC',111323.2300,100,'{\"code\": \"100084\", \"detail\": \"中华人民共和国北京市海淀区清华园\"}','{\"Teacher Count\": 3641}','[{\"Principal\": \"王希勤\"}]','[{\"c\":\"C9联盟\"}]','[99.9, 98, 100]','Evaluate{grade=1, description=\'GREAT!\'}',665561816427950080,0,'2023-03-10 12:38:00',0,'2023-03-10 12:38:00',b'0'),
	(665562708493496320,'清华大学','2023-03-10','PUBLIC',111323.2300,100,'{\"code\": \"100084\", \"detail\": \"中华人民共和国北京市海淀区清华园\"}','{\"Teacher Count\": 3641}','[{\"Principal\": \"王希勤\"}]','[{\"c\":\"C9联盟\"}]','[99.9, 98, 100]','Evaluate{grade=1, description=\'GREAT!\'}',665562708216672256,0,'2023-03-10 12:41:33',0,'2023-03-10 12:41:33',b'0'),
	(665578037009477632,'清华大学','2023-03-10','PUBLIC',111323.2300,100,'{\"code\": \"100084\", \"detail\": \"中华人民共和国北京市海淀区清华园\"}','{\"Teacher Count\": 3641}','[{\"Principal\": \"王希勤\"}]','[{\"c\":\"C9联盟\"}]','[99.9, 98, 100]','Evaluate{grade=1, description=\'GREAT!\'}',665578036841705472,0,'2023-03-10 13:42:28',0,'2023-03-10 13:42:28',b'0'),
	(665578229553197056,'清华大学','2023-03-10','PUBLIC',111323.2300,100,'{\"code\": \"100084\", \"detail\": \"中华人民共和国北京市海淀区清华园\"}','{\"Teacher Count\": 3641}','[{\"Principal\": \"王希勤\"}]','[{\"c\":\"C9联盟\"}]','[99.9, 98, 100]','Evaluate{grade=1, description=\'GREAT!\'}',665578229280567296,0,'2023-03-10 13:43:14',0,'2023-03-10 13:43:14',b'0'),
	(665579103860060160,'清华大学','2023-03-10','PUBLIC',111323.2300,100,'{\"code\": \"100084\", \"detail\": \"中华人民共和国北京市海淀区清华园\"}','{\"Teacher Count\": 3641}','[{\"Principal\": \"王希勤\"}]','[{\"c\":\"C9联盟\"}]','[99.9, 98, 100]','Evaluate{grade=1, description=\'GREAT!\'}',665579103390298112,0,'2023-03-10 13:46:42',0,'2023-03-10 13:46:42',b'0'),
	(665582012052041728,'清华大学','2023-03-10','PUBLIC',111323.2300,100,'{\"code\": \"100084\", \"detail\": \"中华人民共和国北京市海淀区清华园\"}','{\"Teacher Count\": 3641}','[{\"Principal\": \"王希勤\"}]','[{\"c\":\"C9联盟\"}]','[99.9, 98, 100]','Evaluate{grade=1, description=\'GREAT!\'}',665582011779411968,0,'2023-03-10 13:58:15',0,'2023-03-10 13:58:15',b'0'),
	(665591366562115584,'清华大学','2023-03-10','PUBLIC',111323.2300,100,'{\"code\": \"100084\", \"detail\": \"中华人民共和国北京市海淀区清华园\"}','{\"Teacher Count\": 3641}','[{\"Principal\": \"王希勤\"}]','[{\"c\":\"C9联盟\"}]','[99.9, 98, 100]','Evaluate{grade=1, description=\'GREAT!\'}',665591366323040256,0,'2023-03-10 14:35:26',0,'2023-03-10 14:35:26',b'0'),
	(665664282658107392,'清华大学','2023-03-10','PUBLIC',111323.2300,100,'{\"code\": \"100084\", \"detail\": \"中华人民共和国北京市海淀区清华园\"}','{\"Teacher Count\": 3641}','[{\"Principal\": \"王希勤\"}]','[{\"c\":\"C9联盟\"}]','[99.9, 98, 100]','Evaluate{grade=1, description=\'GREAT!\'}',665664282427420672,0,'2023-03-10 19:25:10',0,'2023-03-10 19:25:10',b'0'),
	(665668588920664064,'清华大学','2023-03-10','PUBLIC',111323.2300,100,'{\"code\": \"100084\", \"detail\": \"中华人民共和国北京市海淀区清华园\"}','{\"Teacher Count\": 3641}','[{\"Principal\": \"王希勤\"}]','[{\"c\":\"C9联盟\"}]','[99.9, 98, 100]','Evaluate{grade=1, description=\'GREAT!\'}',665668588601896960,0,'2023-03-10 19:42:17',0,'2023-03-10 19:42:17',b'0'),
	(665670083338596352,'清华大学','2023-03-10','PUBLIC',111323.2300,100,'{\"code\": \"100084\", \"detail\": \"中华人民共和国北京市海淀区清华园\"}','{\"Teacher Count\": 3641}','[{\"Principal\": \"王希勤\"}]','[{\"c\":\"C9联盟\"}]','[99.9, 98, 100]','Evaluate{grade=1, description=\'GREAT!\'}',665670083032412160,0,'2023-03-10 19:48:13',0,'2023-03-10 19:48:13',b'0'),
	(665671451885465600,'清华大学','2023-03-10','PUBLIC',111323.2300,100,'{\"code\": \"100084\", \"detail\": \"中华人民共和国北京市海淀区清华园\"}','{\"Teacher Count\": 3641}','[{\"Principal\": \"王希勤\"}]','[{\"c\":\"C9联盟\"}]','[99.9, 98, 100]','Evaluate{grade=1, description=\'GREAT!\'}',665671451604447232,0,'2023-03-10 19:53:40',0,'2023-03-10 19:53:40',b'0'),
	(665673862989508608,'清华大学','2023-03-10','PUBLIC',111323.2300,100,'{\"code\": \"100084\", \"detail\": \"中华人民共和国北京市海淀区清华园\"}','{\"Teacher Count\": 3641}','[{\"Principal\": \"王希勤\"}]','[{\"c\":\"C9联盟\"}]','[99.9, 98, 100]','Evaluate{grade=1, description=\'GREAT!\'}',665673862364557312,0,'2023-03-10 20:03:14',0,'2023-03-10 20:03:14',b'0'),
	(665675970442719232,'清华大学','2023-03-10','PUBLIC',111323.2300,100,'{\"code\": \"100084\", \"detail\": \"中华人民共和国北京市海淀区清华园\"}','{\"Teacher Count\": 3641}','[{\"Principal\": \"王希勤\"}]','[{\"c\":\"C9联盟\"}]','[99.9, 98, 100]','Evaluate{grade=1, description=\'GREAT!\'}',665675970086203392,0,'2023-03-10 20:11:37',0,'2023-03-10 20:11:37',b'0'),
	(665677967812227072,'清华大学','2023-03-10','PUBLIC',111323.2300,100,'{\"code\": \"100084\", \"detail\": \"中华人民共和国北京市海淀区清华园\"}','{\"Teacher Count\": 3641}','[{\"Principal\": \"王希勤\"}]','[{\"c\":\"C9联盟\"}]','[99.9, 98, 100]','Evaluate{grade=1, description=\'GREAT!\'}',665677967493459968,0,'2023-03-10 20:19:33',0,'2023-03-10 20:19:33',b'0'),
	(665689623007096832,'清华大学','2023-03-10','PUBLIC',111323.2300,100,'{\"code\": \"100084\", \"detail\": \"中华人民共和国北京市海淀区清华园\"}','{\"Teacher Count\": 3641}','[{\"Principal\": \"王希勤\"}]','[{\"c\":\"C9联盟\"}]','[99.9, 98, 100]','Evaluate{grade=1, description=\'GREAT!\'}',665689622721884160,0,'2023-03-10 21:05:52',0,'2023-03-10 21:05:52',b'0'),
	(665726154925174784,'清华大学','2023-03-10','PUBLIC',111323.2300,100,'{\"code\": \"100084\", \"detail\": \"中华人民共和国北京市海淀区清华园\"}','{\"Teacher Count\": 3641}','[{\"Principal\": \"王希勤\"}]','[{\"c\":\"C9联盟\"}]','[99.9, 98, 100]','Evaluate{grade=1, description=\'GREAT!\'}',665726154652545024,0,'2023-03-10 23:31:02',0,'2023-03-10 23:31:02',b'0'),
	(665731918049865728,'清华大学','2023-03-10','PUBLIC',111323.2300,100,'{\"code\": \"100084\", \"detail\": \"中华人民共和国北京市海淀区清华园\"}','{\"Teacher Count\": 3641}','[{\"Principal\": \"王希勤\"}]','[{\"c\":\"C9联盟\"}]','[99.9, 98, 100]','Evaluate{grade=1, description=\'GREAT!\'}',665731917840150528,0,'2023-03-10 23:53:56',0,'2023-03-10 23:53:56',b'0'),
	(665733022657572864,'清华大学','2023-03-10','PUBLIC',111323.2300,100,'{\"code\": \"100084\", \"detail\": \"中华人民共和国北京市海淀区清华园\"}','{\"Teacher Count\": 3641}','[{\"Principal\": \"王希勤\"}]','[{\"c\":\"C9联盟\"}]','[99.9, 98, 100]','Evaluate{grade=1, description=\'GREAT!\'}',665733022355582976,0,'2023-03-10 23:58:19',0,'2023-03-10 23:58:19',b'0'),
	(666031607559254016,'清华大学','2023-03-11','PUBLIC',111323.2300,100,'{\"code\": \"100084\", \"detail\": \"中华人民共和国北京市海淀区清华园\"}','{\"Teacher Count\": 3641}','[{\"Principal\": \"王希勤\"}]','[{\"c\":\"C9联盟\"}]','[99.9, 98, 100]','Evaluate{grade=1, description=\'GREAT!\'}',666031607274041344,0,'2023-03-11 19:44:47',0,'2023-03-11 19:44:47',b'0'),
	(666036511346552832,'清华大学','2023-03-11','PUBLIC',111323.2300,100,'{\"code\": \"100084\", \"detail\": \"中华人民共和国北京市海淀区清华园\"}','{\"Teacher Count\": 3641}','[{\"Principal\": \"王希勤\"}]','[{\"c\":\"C9联盟\"}]','[99.9, 98, 100]','Evaluate{grade=1, description=\'GREAT!\'}',666036511082311680,0,'2023-03-11 20:04:16',0,'2023-03-11 20:04:16',b'0'),
	(666637238578221056,'清华大学','2023-03-13','PUBLIC',111323.2300,100,'{\"code\": \"100084\", \"detail\": \"中华人民共和国北京市海淀区清华园\"}','{\"Teacher Count\": 3641}','[{\"Principal\": \"王希勤\"}]','[{\"c\":\"C9联盟\"}]','[99.9, 98, 100]','Evaluate{grade=1, description=\'GREAT!\'}',666637238397865984,0,'2023-03-13 11:51:21',0,'2023-03-13 11:51:21',b'0'),
	(666643807772643328,'清华大学','2023-03-13','PUBLIC',111323.2300,100,'{\"code\": \"100084\", \"detail\": \"中华人民共和国北京市海淀区清华园\"}','{\"Teacher Count\": 3641}','[{\"Principal\": \"王希勤\"}]','[{\"c\":\"C9联盟\"}]','[99.9, 98, 100]','Evaluate{grade=1, description=\'GREAT!\'}',666643807516790784,0,'2023-03-13 12:17:27',0,'2023-03-13 12:17:27',b'0'),
	(666693288249561088,'清华大学','2023-03-13','PUBLIC',111323.2300,100,'{\"code\": \"100084\", \"detail\": \"中华人民共和国北京市海淀区清华园\"}','{\"Teacher Count\": 3641}','[{\"Principal\": \"王希勤\"}]','[{\"c\":\"C9联盟\"}]','[99.9, 98, 100]','Evaluate{grade=1, description=\'GREAT!\'}',666693287943376896,0,'2023-03-13 15:34:04',0,'2023-03-13 15:34:04',b'0'),
	(666788399906066432,'清华大学','2023-03-13','PUBLIC',111323.2300,100,'{\"code\": \"100084\", \"detail\": \"中华人民共和国北京市海淀区清华园\"}','{\"Teacher Count\": 3641}','[{\"Principal\": \"王希勤\"}]','[{\"c\":\"C9联盟\"}]','[99.9, 98, 100]','Evaluate{grade=1, description=\'GREAT!\'}',666788399604076544,0,'2023-03-13 21:52:01',0,'2023-03-13 21:52:01',b'0'),
	(666800821006012416,'清华大学','2023-03-13','PUBLIC',111323.2300,100,'{\"code\": \"100084\", \"detail\": \"中华人民共和国北京市海淀区清华园\"}','{\"Teacher Count\": 3641}','[{\"Principal\": \"王希勤\"}]','[{\"c\":\"C9联盟\"}]','[99.9, 98, 100]','Evaluate{grade=1, description=\'GREAT!\'}',666800820649496576,0,'2023-03-13 22:41:22',0,'2023-03-13 22:41:22',b'0'),
	(666801990327635968,'清华大学','2023-03-13','PUBLIC',111323.2300,100,'{\"code\": \"100084\", \"detail\": \"中华人民共和国北京市海淀区清华园\"}','{\"Teacher Count\": 3641}','[{\"Principal\": \"王希勤\"}]','[{\"c\":\"C9联盟\"}]','[99.9, 98, 100]','Evaluate{grade=1, description=\'GREAT!\'}',666801990059200512,0,'2023-03-13 22:46:01',0,'2023-03-13 22:46:01',b'0'),
	(666810782301851648,'清华大学','2023-03-13','PUBLIC',111323.2300,100,'{\"code\": \"100084\", \"detail\": \"中华人民共和国北京市海淀区清华园\"}','{\"Teacher Count\": 3641}','[{\"Principal\": \"王希勤\"}]','[{\"c\":\"C9联盟\"}]','[99.9, 98, 100]','Evaluate{grade=1, description=\'GREAT!\'}',666810782071164928,0,'2023-03-13 23:20:57',0,'2023-03-13 23:20:57',b'0'),
	(666816493765300224,'清华大学','2023-03-13','PUBLIC',111323.2300,100,'{\"code\": \"100084\", \"detail\": \"中华人民共和国北京市海淀区清华园\"}','{\"Teacher Count\": 3641}','[{\"Principal\": \"王希勤\"}]','[{\"c\":\"C9联盟\"}]','[99.9, 98, 100]','Evaluate{grade=1, description=\'GREAT!\'}',666816493371035648,0,'2023-03-13 23:43:39',0,'2023-03-13 23:43:39',b'0'),
	(666817115197575168,'清华大学','2023-03-13','PUBLIC',111323.2300,100,'{\"code\": \"100084\", \"detail\": \"中华人民共和国北京市海淀区清华园\"}','{\"Teacher Count\": 3641}','[{\"Principal\": \"王希勤\"}]','[{\"c\":\"C9联盟\"}]','[99.9, 98, 100]','Evaluate{grade=1, description=\'GREAT!\'}',666817114929139712,0,'2023-03-13 23:46:07',0,'2023-03-13 23:46:07',b'0'),
	(667040191084523520,'清华大学','2023-03-14','PUBLIC',111323.2300,100,'{\"code\": \"100084\", \"detail\": \"中华人民共和国北京市海淀区清华园\"}','{\"Teacher Count\": 3641}','[{\"Principal\": \"王希勤\"}]','[{\"c\":\"C9联盟\"}]','[99.9, 98, 100]','Evaluate{grade=1, description=\'GREAT!\'}',667040190824476672,0,'2023-03-14 14:32:32',0,'2023-03-14 14:32:32',b'0'),
	(667042389583491072,'清华大学','2023-03-14','PUBLIC',111323.2300,100,'{\"code\": \"100084\", \"detail\": \"中华人民共和国北京市海淀区清华园\"}','{\"Teacher Count\": 3641}','[{\"Principal\": \"王希勤\"}]','[{\"c\":\"C9联盟\"}]','[99.9, 98, 100]','Evaluate{grade=1, description=\'GREAT!\'}',667042389273112576,0,'2023-03-14 14:41:17',0,'2023-03-14 14:41:17',b'0'),
	(667043213684535296,'清华大学','2023-03-14','PUBLIC',111323.2300,100,'{\"code\": \"100084\", \"detail\": \"中华人民共和国北京市海淀区清华园\"}','{\"Teacher Count\": 3641}','[{\"Principal\": \"王希勤\"}]','[{\"c\":\"C9联盟\"}]','[99.9, 98, 100]','Evaluate{grade=1, description=\'GREAT!\'}',667043213479014400,0,'2023-03-14 14:44:33',0,'2023-03-14 14:44:33',b'0'),
	(667043492777717760,'清华大学','2023-03-14','PUBLIC',111323.2300,100,'{\"code\": \"100084\", \"detail\": \"中华人民共和国北京市海淀区清华园\"}','{\"Teacher Count\": 3641}','[{\"Principal\": \"王希勤\"}]','[{\"c\":\"C9联盟\"}]','[99.9, 98, 100]','Evaluate{grade=1, description=\'GREAT!\'}',667043492542836736,0,'2023-03-14 14:45:40',0,'2023-03-14 14:45:40',b'0'),
	(667043614144098304,'清华大学','2023-03-14','PUBLIC',111323.2300,100,'{\"code\": \"100084\", \"detail\": \"中华人民共和国北京市海淀区清华园\"}','{\"Teacher Count\": 3641}','[{\"Principal\": \"王希勤\"}]','[{\"c\":\"C9联盟\"}]','[99.9, 98, 100]','Evaluate{grade=1, description=\'GREAT!\'}',667043613930188800,0,'2023-03-14 14:46:08',0,'2023-03-14 14:46:08',b'0'),
	(667045659706159104,'清华大学','2023-03-14','PUBLIC',111323.2300,100,'{\"code\": \"100084\", \"detail\": \"中华人民共和国北京市海淀区清华园\"}','{\"Teacher Count\": 3641}','[{\"Principal\": \"王希勤\"}]','[{\"c\":\"C9联盟\"}]','[99.9, 98, 100]','Evaluate{grade=1, description=\'GREAT!\'}',667045659366420480,0,'2023-03-14 14:54:16',0,'2023-03-14 14:54:16',b'0'),
	(667046085033750528,'清华大学','2023-03-14','PUBLIC',111323.2300,100,'{\"code\": \"100084\", \"detail\": \"中华人民共和国北京市海淀区清华园\"}','{\"Teacher Count\": 3641}','[{\"Principal\": \"王希勤\"}]','[{\"c\":\"C9联盟\"}]','[99.9, 98, 100]','Evaluate{grade=1, description=\'GREAT!\'}',667046084777897984,0,'2023-03-14 14:55:58',0,'2023-03-14 14:55:58',b'0'),
	(667046317800845312,'清华大学','2023-03-14','PUBLIC',111323.2300,100,'{\"code\": \"100084\", \"detail\": \"中华人民共和国北京市海淀区清华园\"}','{\"Teacher Count\": 3641}','[{\"Principal\": \"王希勤\"}]','[{\"c\":\"C9联盟\"}]','[99.9, 98, 100]','Evaluate{grade=1, description=\'GREAT!\'}',667046317482078208,0,'2023-03-14 14:56:53',0,'2023-03-14 14:56:53',b'0'),
	(667057258454085632,'清华大学','2023-03-14','PUBLIC',111323.2300,100,'{\"code\": \"100084\", \"detail\": \"中华人民共和国北京市海淀区清华园\"}','{\"Teacher Count\": 3641}','[{\"Principal\": \"王希勤\"}]','[{\"c\":\"C9联盟\"}]','[99.9, 98, 100]','Evaluate{grade=1, description=\'GREAT!\'}',667057258173067264,0,'2023-03-14 15:40:22',0,'2023-03-14 15:40:22',b'0'),
	(667112089063550976,'清华大学','2023-03-14','PUBLIC',111323.2300,100,'{\"code\": \"100084\", \"detail\": \"中华人民共和国北京市海淀区清华园\"}','{\"Teacher Count\": 3641}','[{\"Principal\": \"王希勤\"}]','[{\"c\":\"C9联盟\"}]','[99.9, 98, 100]','Evaluate{grade=1, description=\'GREAT!\'}',667112088681869312,0,'2023-03-14 19:18:14',0,'2023-03-14 19:18:14',b'0'),
	(667112600785416192,'清华大学','2023-03-14','PUBLIC',111323.2300,100,'{\"code\": \"100084\", \"detail\": \"中华人民共和国北京市海淀区清华园\"}','{\"Teacher Count\": 3641}','[{\"Principal\": \"王希勤\"}]','[{\"c\":\"C9联盟\"}]','[99.9, 98, 100]','Evaluate{grade=1, description=\'GREAT!\'}',667112600500203520,0,'2023-03-14 19:20:16',0,'2023-03-14 19:20:16',b'0'),
	(667113226114199552,'清华大学','2023-03-14','PUBLIC',111323.2300,100,'{\"code\": \"100084\", \"detail\": \"中华人民共和国北京市海淀区清华园\"}','{\"Teacher Count\": 3641}','[{\"Principal\": \"王希勤\"}]','[{\"c\":\"C9联盟\"}]','[99.9, 98, 100]','Evaluate{grade=1, description=\'GREAT!\'}',667113225833181184,0,'2023-03-14 19:22:45',0,'2023-03-14 19:22:45',b'0'),
	(667113347002429440,'清华大学','2023-03-14','PUBLIC',111323.2300,100,'{\"code\": \"100084\", \"detail\": \"中华人民共和国北京市海淀区清华园\"}','{\"Teacher Count\": 3641}','[{\"Principal\": \"王希勤\"}]','[{\"c\":\"C9联盟\"}]','[99.9, 98, 100]','Evaluate{grade=1, description=\'GREAT!\'}',667113346742382592,0,'2023-03-14 19:23:14',0,'2023-03-14 19:23:14',b'0'),
	(667113487947821056,'清华大学','2023-03-14','PUBLIC',111323.2300,100,'{\"code\": \"100084\", \"detail\": \"中华人民共和国北京市海淀区清华园\"}','{\"Teacher Count\": 3641}','[{\"Principal\": \"王希勤\"}]','[{\"c\":\"C9联盟\"}]','[99.9, 98, 100]','Evaluate{grade=1, description=\'GREAT!\'}',667113487629053952,0,'2023-03-14 19:23:48',0,'2023-03-14 19:23:48',b'0'),
	(667195371541262336,'清华大学','2023-03-15','PUBLIC',111323.2300,100,'{\"code\": \"100084\", \"detail\": \"中华人民共和国北京市海淀区清华园\"}','{\"Teacher Count\": 3641}','[{\"Principal\": \"王希勤\"}]','[{\"c\":\"C9联盟\"}]','[99.9, 98, 100]','Evaluate{grade=1, description=\'GREAT!\'}',667195371243466752,0,'2023-03-15 00:49:10',0,'2023-03-15 00:49:10',b'0'),
	(667228124227858432,'清华大学','2023-03-15','PUBLIC',111323.2300,100,'{\"code\": \"100084\", \"detail\": \"中华人民共和国北京市海淀区清华园\"}','{\"Teacher Count\": 3641}','[{\"Principal\": \"王希勤\"}]','[{\"c\":\"C9联盟\"}]','[99.9, 98, 100]','Evaluate{grade=1, description=\'GREAT!\'}',667228123976200192,0,'2023-03-15 02:59:19',0,'2023-03-15 02:59:19',b'0'),
	(667383456430321664,'北京大学','2023-05-01','PUBLIC',111323.2300,100,'{\"code\": \"100084\", \"detail\": \"中华人民共和国北京市海淀区清华园\"}','{\"Teacher Count\": 3641}','[{\"Principal\": \"王希勤\"}]','[{\"c\":\"C9联盟\"}]','[99.9, 98, 100]','Evaluate{grade=1, description=\'GREAT!\'}',NULL,0,'2023-03-15 13:16:33',0,'2023-03-15 13:16:33',b'0'),
	(667384275212988416,'北京大学','2023-05-01','PUBLIC',111323.2300,100,'{\"code\": \"100084\", \"detail\": \"中华人民共和国北京市海淀区清华园\"}','{\"Teacher Count\": 3641}','[{\"Principal\": \"王希勤\"}]','[{\"c\":\"C9联盟\"}]','[99.9, 98, 100]','Evaluate{grade=1, description=\'GREAT!\'}',554016913991327744,0,'2023-03-15 13:19:48',0,'2023-03-15 13:19:48',b'0'),
	(667384786154713088,'北京大学','2023-05-01','PUBLIC',111323.2300,100,'{\"code\": \"100084\", \"detail\": \"中华人民共和国北京市海淀区清华园\"}','{\"Teacher Count\": 3641}','[{\"Principal\": \"王希勤\"}]','[{\"c\":\"C9联盟\"}]','[99.9, 98, 100]','Evaluate{grade=1, description=\'GREAT!\'}',554016913991327744,0,'2023-03-15 13:21:50',0,'2023-03-15 13:21:50',b'0'),
	(667384936147218432,'北京大学','2023-05-01','PUBLIC',111323.2300,100,'{\"code\": \"100084\", \"detail\": \"中华人民共和国北京市海淀区清华园\"}','{\"Teacher Count\": 3641}','[{\"Principal\": \"王希勤\"}]','[{\"c\":\"C9联盟\"}]','[99.9, 98, 100]','Evaluate{grade=1, description=\'GREAT!\'}',554016913991327744,0,'2023-03-15 13:22:26',0,'2023-03-15 13:22:26',b'0'),
	(667385360648531968,'北京大学','2023-05-01','PUBLIC',111323.2300,100,'{\"code\": \"100084\", \"detail\": \"中华人民共和国北京市海淀区清华园\"}','{\"Teacher Count\": 3641}','[{\"Principal\": \"王希勤\"}]','[{\"c\":\"C9联盟\"}]','[99.9, 98, 100]','Evaluate{grade=1, description=\'GREAT!\'}',554016913991327744,0,'2023-03-15 13:24:07',0,'2023-03-15 13:24:07',b'0'),
	(667385604354371584,'北京大学','2023-05-01','PUBLIC',111323.2300,100,'{\"code\": \"100084\", \"detail\": \"中华人民共和国北京市海淀区清华园\"}','{\"Teacher Count\": 3641}','[{\"Principal\": \"王希勤\"}]','[{\"c\":\"C9联盟\"}]','[99.9, 98, 100]','Evaluate{grade=1, description=\'GREAT!\'}',554016913991327744,0,'2023-03-15 13:25:05',0,'2023-03-15 13:25:05',b'0'),
	(667397147397746688,'北京大学','2023-05-01','PUBLIC',111323.2300,100,'{\"code\": \"100084\", \"detail\": \"中华人民共和国北京市海淀区清华园\"}','{\"Teacher Count\": 3641}','[{\"Principal\": \"王希勤\"}]','[{\"c\":\"C9联盟\"}]','[99.9, 98, 100]','Evaluate{grade=1, description=\'GREAT!\'}',554016913991327744,0,'2023-03-15 14:10:57',0,'2023-03-15 14:10:57',b'0'),
	(667397318256914432,'北京大学','2023-05-01','PUBLIC',111323.2300,100,'{\"code\": \"100084\", \"detail\": \"中华人民共和国北京市海淀区清华园\"}','{\"Teacher Count\": 3641}','[{\"Principal\": \"王希勤\"}]','[{\"c\":\"C9联盟\"}]','[99.9, 98, 100]','Evaluate{grade=1, description=\'GREAT!\'}',554016913991327744,0,'2023-03-15 14:11:38',0,'2023-03-15 14:11:38',b'0'),
	(667397352134307840,'北京大学','2023-05-01','PUBLIC',111323.2300,100,'{\"code\": \"100084\", \"detail\": \"中华人民共和国北京市海淀区清华园\"}','{\"Teacher Count\": 3641}','[{\"Principal\": \"王希勤\"}]','[{\"c\":\"C9联盟\"}]','[99.9, 98, 100]','Evaluate{grade=1, description=\'GREAT!\'}',554016913991327744,0,'2023-03-15 14:11:46',0,'2023-03-15 14:11:46',b'0'),
	(667397458434748416,'北京大学','2023-05-01','PUBLIC',111323.2300,100,'{\"code\": \"100084\", \"detail\": \"中华人民共和国北京市海淀区清华园\"}','{\"Teacher Count\": 3641}','[{\"Principal\": \"王希勤\"}]','[{\"c\":\"C9联盟\"}]','[99.9, 98, 100]','Evaluate{grade=1, description=\'GREAT!\'}',554016913991327744,0,'2023-03-15 14:12:12',0,'2023-03-15 14:12:12',b'0'),
	(667397671874490368,'北京大学','2023-05-01','PUBLIC',111323.2300,100,'{\"code\": \"100084\", \"detail\": \"中华人民共和国北京市海淀区清华园\"}','{\"Teacher Count\": 3641}','[{\"Principal\": \"王希勤\"}]','[{\"c\":\"C9联盟\"}]','[99.9, 98, 100]','Evaluate{grade=1, description=\'GREAT!\'}',554016913991327744,0,'2023-03-15 14:13:02',0,'2023-03-15 14:13:02',b'0'),
	(667401803532365824,'北京大学','2023-05-01','PUBLIC',111323.2300,100,'{\"code\": \"100084\", \"detail\": \"中华人民共和国北京市海淀区清华园\"}','{\"Teacher Count\": 3641}','[{\"Principal\": \"王希勤\"}]','[{\"c\":\"C9联盟\"}]','[99.9, 98, 100]','Evaluate{grade=1, description=\'GREAT!\'}',554016913991327744,0,'2023-03-15 14:29:27',0,'2023-03-15 14:29:27',b'0'),
	(667440660474785792,'清华大学','2023-03-15','PUBLIC',111323.2300,100,'{\"code\": \"100084\", \"detail\": \"中华人民共和国北京市海淀区清华园\"}','{\"Teacher Count\": 3641}','[{\"Principal\": \"王希勤\"}]','[{\"c\":\"C9联盟\"}]','[99.9, 98, 100]','Evaluate{grade=1, description=\'GREAT!\'}',667440659854028800,0,'2023-03-15 17:03:52',0,'2023-03-15 17:03:52',b'0'),
	(667473123863457792,'清华大学','2023-03-15','PUBLIC',111323.2300,100,'{\"code\": \"100084\", \"detail\": \"中华人民共和国北京市海淀区清华园\"}','{\"Teacher Count\": 3641}','[{\"Principal\": \"王希勤\"}]','[{\"c\":\"C9联盟\"}]','[99.9, 98, 100]','Evaluate{grade=1, description=\'GREAT!\'}',667473123561467904,0,'2023-03-15 19:12:52',0,'2023-03-15 19:12:52',b'0'),
	(667477279022018560,'清华大学','2023-03-15','PUBLIC',111323.2300,100,'{\"code\": \"100084\", \"detail\": \"中华人民共和国北京市海淀区清华园\"}','{\"Teacher Count\": 3641}','[{\"Principal\": \"王希勤\"}]','[{\"c\":\"C9联盟\"}]','[99.9, 98, 100]','Evaluate{grade=1, description=\'GREAT!\'}',667477278715834368,0,'2023-03-15 19:29:22',0,'2023-03-15 19:29:22',b'0'),
	(667684130623913984,'清华大学','2023-03-16','PUBLIC',111323.2300,100,'{\"code\": \"100084\", \"detail\": \"中华人民共和国北京市海淀区清华园\"}','{\"Teacher Count\": 3641}','[{\"Principal\": \"王希勤\"}]','[{\"c\":\"C9联盟\"}]','[99.9, 98, 100]','Evaluate{grade=1, description=\'GREAT!\'}',667684130368061440,0,'2023-03-16 09:11:20',0,'2023-03-16 09:11:20',b'0'),
	(667700917163851776,'清华大学','2023-03-16','PUBLIC',111323.2300,100,'{\"code\": \"100084\", \"detail\": \"中华人民共和国北京市海淀区清华园\"}','{\"Teacher Count\": 3641}','[{\"Principal\": \"王希勤\"}]','[{\"c\":\"C9联盟\"}]','[99.9, 98, 100]','Evaluate{grade=1, description=\'GREAT!\'}',667700916761198592,0,'2023-03-16 10:18:02',0,'2023-03-16 10:18:02',b'0'),
	(667718807942397952,'清华大学','2023-03-16','PUBLIC',111323.2300,100,'{\"code\": \"100084\", \"detail\": \"中华人民共和国北京市海淀区清华园\"}','{\"Teacher Count\": 3641}','[{\"Principal\": \"王希勤\"}]','[{\"c\":\"C9联盟\"}]','[99.9, 98, 100]','Evaluate{grade=1, description=\'GREAT!\'}',667718807661379584,0,'2023-03-16 11:29:07',0,'2023-03-16 11:29:07',b'0'),
	(667743900164751360,'清华大学','2023-03-16','PUBLIC',111323.2300,100,'{\"code\": \"100084\", \"detail\": \"中华人民共和国北京市海淀区清华园\"}','{\"Teacher Count\": 3641}','[{\"Principal\": \"王希勤\"}]','[{\"c\":\"C9联盟\"}]','[99.9, 98, 100]','Evaluate{grade=1, description=\'GREAT!\'}',667743899892121600,0,'2023-03-16 13:08:50',0,'2023-03-16 13:08:50',b'0'),
	(667744634637713408,'清华大学','2023-03-16','PUBLIC',111323.2300,100,'{\"code\": \"100084\", \"detail\": \"中华人民共和国北京市海淀区清华园\"}','{\"Teacher Count\": 3641}','[{\"Principal\": \"王希勤\"}]','[{\"c\":\"C9联盟\"}]','[99.9, 98, 100]','Evaluate{grade=1, description=\'GREAT!\'}',667744634306363392,0,'2023-03-16 13:11:45',0,'2023-03-16 13:11:45',b'0'),
	(667744977664671744,'清华大学','2023-03-16','PUBLIC',111323.2300,100,'{\"code\": \"100084\", \"detail\": \"中华人民共和国北京市海淀区清华园\"}','{\"Teacher Count\": 3641}','[{\"Principal\": \"王希勤\"}]','[{\"c\":\"C9联盟\"}]','[99.9, 98, 100]','Evaluate{grade=1, description=\'GREAT!\'}',667744977442373632,0,'2023-03-16 13:13:07',0,'2023-03-16 13:13:07',b'0'),
	(667751927555096576,'清华大学','2023-03-16','PUBLIC',111323.2300,100,'{\"code\": \"100084\", \"detail\": \"中华人民共和国北京市海淀区清华园\"}','{\"Teacher Count\": 3641}','[{\"Principal\": \"王希勤\"}]','[{\"c\":\"C9联盟\"}]','[99.9, 98, 100]','Evaluate{grade=1, description=\'GREAT!\'}',667751927236329472,0,'2023-03-16 13:40:44',0,'2023-03-16 13:40:44',b'0'),
	(667766288843603968,'清华大学','2023-03-16','PUBLIC',111323.2300,100,'{\"code\": \"100084\", \"detail\": \"中华人民共和国北京市海淀区清华园\"}','{\"Teacher Count\": 3641}','[{\"Principal\": \"王希勤\"}]','[{\"c\":\"C9联盟\"}]','[99.9, 98, 100]','Evaluate{grade=1, description=\'GREAT!\'}',667766288579362816,0,'2023-03-16 14:37:48',0,'2023-03-16 14:37:48',b'0'),
	(670488904754839552,'清华大学','2023-03-24','PUBLIC',111323.2300,100,'{\"code\": \"100084\", \"detail\": \"中华人民共和国北京市海淀区清华园\"}','{\"Teacher Count\": 3641}','[{\"Principal\": \"王希勤\"}]','[{\"c\":\"C9联盟\"}]','[99.9, 98.0, 100.0]','Evaluate{grade=1, description=\'GREAT!\'}',670488904662564864,0,'2023-03-24 02:56:30',0,'2023-03-24 02:56:30',b'0'),
	(670596405189984256,'清华大学','2023-03-24','PUBLIC',111323.2300,100,'{\"code\": \"100084\", \"detail\": \"中华人民共和国北京市海淀区清华园\"}','{\"Teacher Count\": 3641}','[{\"Principal\": \"王希勤\"}]','[{\"c\":\"C9联盟\"}]','[99.9, 98.0, 100.0]','Evaluate{grade=1, description=\'GREAT!\'}',670596405110292480,0,'2023-03-24 10:03:40',0,'2023-03-24 10:03:40',b'0'),
	(670599882800676864,'清华大学','2023-03-24','PUBLIC',111323.2300,100,'{\"code\": \"100084\", \"detail\": \"中华人民共和国北京市海淀区清华园\"}','{\"Teacher Count\": 3641}','[{\"Principal\": \"王希勤\"}]','[{\"c\":\"C9联盟\"}]','[99.9, 98.0, 100.0]','Evaluate{grade=1, description=\'GREAT!\'}',670599882725179392,0,'2023-03-24 10:17:29',0,'2023-03-24 10:17:29',b'0'),
	(670600223181029376,'清华大学','2023-03-24','PUBLIC',111323.2300,100,'{\"code\": \"100084\", \"detail\": \"中华人民共和国北京市海淀区清华园\"}','{\"Teacher Count\": 3641}','[{\"Principal\": \"王希勤\"}]','[{\"c\":\"C9联盟\"}]','[99.9, 98.0, 100.0]','Evaluate{grade=1, description=\'GREAT!\'}',670600223097143296,0,'2023-03-24 10:18:50',0,'2023-03-24 10:18:50',b'0'),
	(670600354626322432,'清华大学','2023-03-24','PUBLIC',111323.2300,100,'{\"code\": \"100084\", \"detail\": \"中华人民共和国北京市海淀区清华园\"}','{\"Teacher Count\": 3641}','[{\"Principal\": \"王希勤\"}]','[{\"c\":\"C9联盟\"}]','[99.9, 98.0, 100.0]','Evaluate{grade=1, description=\'GREAT!\'}',670600354538242048,0,'2023-03-24 10:19:22',0,'2023-03-24 10:19:22',b'0'),
	(670600690187419648,'清华大学','2023-03-24','PUBLIC',111323.2300,100,'{\"code\": \"100084\", \"detail\": \"中华人民共和国北京市海淀区清华园\"}','{\"Teacher Count\": 3641}','[{\"Principal\": \"王希勤\"}]','[{\"c\":\"C9联盟\"}]','[99.9, 98.0, 100.0]','Evaluate{grade=1, description=\'GREAT!\'}',670600690099339264,0,'2023-03-24 10:20:42',0,'2023-03-24 10:20:42',b'0'),
	(670601639903674368,'清华大学','2023-03-24','PUBLIC',111323.2300,100,'{\"code\": \"100084\", \"detail\": \"中华人民共和国北京市海淀区清华园\"}','{\"Teacher Count\": 3641}','[{\"Principal\": \"王希勤\"}]','[{\"c\":\"C9联盟\"}]','[99.9, 98.0, 100.0]','Evaluate{grade=1, description=\'GREAT!\'}',670601639794622464,0,'2023-03-24 10:24:28',0,'2023-03-24 10:24:28',b'0'),
	(670610104961253376,'清华大学','2023-03-24','PUBLIC',111323.2300,100,'{\"code\": \"100084\", \"detail\": \"中华人民共和国北京市海淀区清华园\"}','{\"Teacher Count\": 3641}','[{\"Principal\": \"王希勤\"}]','[{\"c\":\"C9联盟\"}]','[99.9, 98.0, 100.0]','Evaluate{grade=1, description=\'GREAT!\'}',670610104868978688,0,'2023-03-24 10:58:06',0,'2023-03-24 10:58:06',b'0'),
	(670613244074835968,'清华大学','2023-03-24','PUBLIC',111323.2300,100,'{\"code\": \"100084\", \"detail\": \"中华人民共和国北京市海淀区清华园\"}','{\"Teacher Count\": 3641}','[{\"Principal\": \"王希勤\"}]','[{\"c\":\"C9联盟\"}]','[99.9, 98.0, 100.0]','Evaluate{grade=1, description=\'GREAT!\'}',670613243982561280,0,'2023-03-24 11:10:35',0,'2023-03-24 11:10:35',b'0'),
	(670613618995281920,'清华大学','2023-03-24','PUBLIC',111323.2300,100,'{\"code\": \"100084\", \"detail\": \"中华人民共和国北京市海淀区清华园\"}','{\"Teacher Count\": 3641}','[{\"Principal\": \"王希勤\"}]','[{\"c\":\"C9联盟\"}]','[99.9, 98.0, 100.0]','Evaluate{grade=1, description=\'GREAT!\'}',670613618894618624,0,'2023-03-24 11:12:04',0,'2023-03-24 11:12:04',b'0'),
	(670620512505872384,'清华大学','2023-03-24','PUBLIC',111323.2300,100,'{\"code\": \"100084\", \"detail\": \"中华人民共和国北京市海淀区清华园\"}','{\"Teacher Count\": 3641}','[{\"Principal\": \"王希勤\"}]','[{\"c\":\"C9联盟\"}]','[99.9, 98.0, 100.0]','Evaluate{grade=1, description=\'GREAT!\'}',670620512413597696,0,'2023-03-24 11:39:28',0,'2023-03-24 11:39:28',b'0'),
	(671154150972637184,'清华大学','2023-03-25','PUBLIC',111323.2300,100,'{\"code\": \"100084\", \"detail\": \"中华人民共和国北京市海淀区清华园\"}','{\"Teacher Count\": 3641}','[{\"Principal\": \"王希勤\"}]','[{\"c\":\"C9联盟\"}]','[99.9, 98.0, 100.0]','Evaluate{grade=1, description=\'GREAT!\'}',671154150871973888,0,'2023-03-25 22:59:57',0,'2023-03-25 22:59:57',b'0'),
	(671530411574214656,'清华大学','2023-03-26','PUBLIC',111323.2300,100,'{\"code\": \"100084\", \"detail\": \"中华人民共和国北京市海淀区清华园\"}','{\"Teacher Count\": 3641}','[{\"Principal\": \"王希勤\"}]','[{\"c\":\"C9联盟\"}]','[99.9, 98.0, 100.0]','Evaluate{grade=1, description=\'GREAT!\'}',671530411486134272,0,'2023-03-26 23:55:04',0,'2023-03-26 23:55:04',b'0'),
	(671545901478625280,'清华大学','2023-03-27','PUBLIC',111323.2300,100,'{\"code\": \"100084\", \"detail\": \"中华人民共和国北京市海淀区清华园\"}','{\"Teacher Count\": 3641}','[{\"Principal\": \"王希勤\"}]','[{\"c\":\"C9联盟\"}]','[99.9, 98.0, 100.0]','Evaluate{grade=1, description=\'GREAT!\'}',671545901365379072,0,'2023-03-27 00:56:37',0,'2023-03-27 00:56:37',b'0'),
	(671741056483639296,'清华大学','2023-03-27','PUBLIC',111323.2300,100,'{\"code\": \"100084\", \"detail\": \"中华人民共和国北京市海淀区清华园\"}','{\"Teacher Count\": 3641}','[{\"Principal\": \"王希勤\"}]','[{\"c\":\"C9联盟\"}]','[99.9, 98.0, 100.0]','Evaluate{grade=1, description=\'GREAT!\'}',671741056362004480,0,'2023-03-27 13:52:06',0,'2023-03-27 13:52:06',b'0'),
	(672163054489747456,'清华大学','2023-03-28','PUBLIC',111323.2300,100,'{\"code\": \"100084\", \"detail\": \"中华人民共和国北京市海淀区清华园\"}','{\"Teacher Count\": 3641}','[{\"Principal\": \"王希勤\"}]','[{\"c\":\"C9联盟\"}]','[99.9, 98.0, 100.0]','Evaluate{grade=1, description=\'GREAT!\'}',672163054359724032,0,'2023-03-28 17:48:58',0,'2023-03-28 17:48:58',b'0'),
	(672213022420287488,'清华大学','2023-03-28','PUBLIC',111323.2300,100,'{\"code\": \"100084\", \"detail\": \"中华人民共和国北京市海淀区清华园\"}','{\"Teacher Count\": 3641}','[{\"Principal\": \"王希勤\"}]','[{\"c\":\"C9联盟\"}]','[99.9, 98.0, 100.0]','Evaluate{grade=1, description=\'GREAT!\'}',672213022277681152,0,'2023-03-28 21:07:31',0,'2023-03-28 21:07:31',b'0'),
	(681911659228327936,'清华大学','2023-04-24','PUBLIC',111323.2300,100,'{\"code\": \"100084\", \"detail\": \"中华人民共和国北京市海淀区清华园\"}','{\"Teacher Count\": 3641}','[{\"Principal\": \"王希勤\"}]','[{\"c\":\"C9联盟\"}]','[99.9, 98.0, 100.0]','Evaluate{grade=1, description=\'GREAT!\'}',681911659081527296,0,'2023-04-24 15:26:27',0,'2023-04-24 15:26:27',b'0'),
	(681916740510183424,'清华大学','2023-04-24','PUBLIC',111323.2300,100,'{\"code\": \"100084\", \"detail\": \"中华人民共和国北京市海淀区清华园\"}','{\"Teacher Count\": 3641}','[{\"Principal\": \"王希勤\"}]','[{\"c\":\"C9联盟\"}]','[99.9, 98.0, 100.0]','Evaluate{grade=1, description=\'GREAT!\'}',681916740296273920,0,'2023-04-24 15:46:38',0,'2023-04-24 15:46:38',b'0'),
	(681917481136189440,'清华大学','2023-04-24','PUBLIC',111323.2300,100,'{\"code\": \"100084\", \"detail\": \"中华人民共和国北京市海淀区清华园\"}','{\"Teacher Count\": 3641}','[{\"Principal\": \"王希勤\"}]','[{\"c\":\"C9联盟\"}]','[99.9, 98.0, 100.0]','Evaluate{grade=1, description=\'GREAT!\'}',681917480985194496,0,'2023-04-24 15:49:35',0,'2023-04-24 15:49:35',b'0'),
	(681966732427948032,'清华大学','2023-04-24','PUBLIC',111323.2300,100,'{\"code\": \"100084\", \"detail\": \"中华人民共和国北京市海淀区清华园\"}','{\"Teacher Count\": 3641}','[{\"Principal\": \"王希勤\"}]','[{\"c\":\"C9联盟\"}]','[99.9, 98.0, 100.0]','Evaluate{grade=1, description=\'GREAT!\'}',681966732293730304,0,'2023-04-24 19:05:17',0,'2023-04-24 19:05:17',b'0'),
	(682371245542502400,'清华大学','2023-04-25','PUBLIC',111323.2300,100,'{\"code\": \"100084\", \"detail\": \"中华人民共和国北京市海淀区清华园\"}','{\"Teacher Count\": 3641}','[{\"Principal\": \"王希勤\"}]','[{\"c\":\"C9联盟\"}]','[99.9, 98.0, 100.0]','Evaluate{grade=1, description=\'GREAT!\'}',682371245399896064,0,'2023-04-25 21:52:41',0,'2023-04-25 21:52:41',b'0'),
	(688447942209597440,'清华大学','2023-05-12','PUBLIC',111323.2300,100,'{\"code\": \"100084\", \"detail\": \"中华人民共和国北京市海淀区清华园\"}','{\"Teacher Count\": 3641}','[{\"Principal\": \"王希勤\"}]','[{\"c\":\"C9联盟\"}]','[99.9, 98.0, 100.0]','Evaluate{grade=1, description=\'GREAT!\'}',688447942092156928,0,'2023-05-12 16:19:18',0,'2023-05-12 16:19:18',b'0'),
	(688448700829167616,'清华大学','2023-05-12','PUBLIC',111323.2300,100,'{\"code\": \"100084\", \"detail\": \"中华人民共和国北京市海淀区清华园\"}','{\"Teacher Count\": 3641}','[{\"Principal\": \"王希勤\"}]','[{\"c\":\"C9联盟\"}]','[99.9, 98.0, 100.0]','Evaluate{grade=1, description=\'GREAT!\'}',688448700686561280,0,'2023-05-12 16:22:19',0,'2023-05-12 16:22:19',b'0'),
	(688450938326773760,'清华大学','2023-05-12','PUBLIC',111323.2300,100,'{\"code\": \"100084\", \"detail\": \"中华人民共和国北京市海淀区清华园\"}','{\"Teacher Count\": 3641}','[{\"Principal\": \"王希勤\"}]','[{\"c\":\"C9联盟\"}]','[99.9, 98.0, 100.0]','Evaluate{grade=1, description=\'GREAT!\'}',688450938041561088,0,'2023-05-12 16:31:12',0,'2023-05-12 16:31:12',b'0'),
	(688460011361300480,'清华大学','2023-05-12','PUBLIC',111323.2300,100,'{\"code\": \"100084\", \"detail\": \"中华人民共和国北京市海淀区清华园\"}','{\"Teacher Count\": 3641}','[{\"Principal\": \"王希勤\"}]','[{\"c\":\"C9联盟\"}]','[99.9, 98.0, 100.0]','Evaluate{grade=1, description=\'GREAT!\'}',688460011222888448,0,'2023-05-12 17:07:15',0,'2023-05-12 17:07:15',b'0'),
	(688957535146741760,'清华大学','2023-05-14','PUBLIC',111323.2300,100,'{\"code\": \"100084\", \"detail\": \"中华人民共和国北京市海淀区清华园\"}','{\"Teacher Count\": 3641}','[{\"Principal\": \"王希勤\"}]','[{\"c\":\"C9联盟\"}]','[99.9, 98.0, 100.0]','Evaluate{grade=1, description=\'GREAT!\'}',688957535004135424,0,'2023-05-14 02:04:14',0,'2023-05-14 02:04:14',b'0'),
	(688960463857258496,'清华大学','2023-05-14','PUBLIC',111323.2300,100,'{\"code\": \"100084\", \"detail\": \"中华人民共和国北京市海淀区清华园\"}','{\"Teacher Count\": 3641}','[{\"Principal\": \"王希勤\"}]','[{\"c\":\"C9联盟\"}]','[99.9, 98.0, 100.0]','Evaluate{grade=1, description=\'GREAT!\'}',688960463731429376,0,'2023-05-14 02:15:53',0,'2023-05-14 02:15:53',b'0'),
	(688968438663614464,'清华大学','2023-05-14','PUBLIC',111323.2300,100,'{\"code\": \"100084\", \"detail\": \"中华人民共和国北京市海淀区清华园\"}','{\"Teacher Count\": 3641}','[{\"Principal\": \"王希勤\"}]','[{\"c\":\"C9联盟\"}]','[99.9, 98.0, 100.0]','Evaluate{grade=1, description=\'GREAT!\'}',688968438529396736,NULL,'2023-05-14 02:47:34',NULL,'2023-05-14 02:47:34',b'0'),
	(688968811969253376,'清华大学','2023-05-14','PUBLIC',111323.2300,100,'{\"code\": \"100084\", \"detail\": \"中华人民共和国北京市海淀区清华园\"}','{\"Teacher Count\": 3641}','[{\"Principal\": \"王希勤\"}]','[{\"c\":\"C9联盟\"}]','[99.9, 98.0, 100.0]','Evaluate{grade=1, description=\'GREAT!\'}',688968811822452736,NULL,'2023-05-14 02:49:03',NULL,'2023-05-14 02:49:03',b'0'),
	(688969593447780352,'清华大学','2023-05-14','PUBLIC',111323.2300,100,'{\"code\": \"100084\", \"detail\": \"中华人民共和国北京市海淀区清华园\"}','{\"Teacher Count\": 3641}','[{\"Principal\": \"王希勤\"}]','[{\"c\":\"C9联盟\"}]','[99.9, 98.0, 100.0]','Evaluate{grade=1, description=\'GREAT!\'}',688969593309368320,0,'2023-05-14 02:52:09',0,'2023-05-14 02:52:09',b'0'),
	(688975787021307904,'清华大学','2023-05-14','PUBLIC',111323.2300,100,'{\"code\": \"100084\", \"detail\": \"中华人民共和国北京市海淀区清华园\"}','{\"Teacher Count\": 3641}','[{\"Principal\": \"王希勤\"}]','[{\"c\":\"C9联盟\"}]','[99.9, 98.0, 100.0]','Evaluate{grade=1, description=\'GREAT!\'}',688975786891284480,0,'2023-05-14 03:16:46',0,'2023-05-14 03:16:46',b'0'),
	(689548014913589248,'清华大学','2023-05-15','PUBLIC',111323.2300,100,'{\"code\": \"100084\", \"detail\": \"中华人民共和国北京市海淀区清华园\"}','{\"Teacher Count\": 3641}','[{\"Principal\": \"王希勤\"}]','[{\"c\":\"C9联盟\"}]','[99.9, 98.0, 100.0]','Evaluate{grade=1, description=\'GREAT!\'}',689548014804537344,0,'2023-05-15 17:10:36',0,'2023-05-15 17:10:36',b'0'),
	(689559275390898176,'清华大学','2023-05-15','PUBLIC',111323.2300,100,'{\"code\": \"100084\", \"detail\": \"中华人民共和国北京市海淀区清华园\"}','{\"Teacher Count\": 3641}','[{\"Principal\": \"王希勤\"}]','[{\"c\":\"C9联盟\"}]','[99.9, 98.0, 100.0]','Evaluate{grade=1, description=\'GREAT!\'}',689559275197960192,0,'2023-05-15 17:55:20',0,'2023-05-15 17:55:20',b'0'),
	(689582000834613248,'清华大学','2023-05-15','PUBLIC',111323.2300,100,'{\"code\": \"100084\", \"detail\": \"中华人民共和国北京市海淀区清华园\"}','{\"Teacher Count\": 3641}','[{\"Principal\": \"王希勤\"}]','[{\"c\":\"C9联盟\"}]','[99.9, 98.0, 100.0]','Evaluate{grade=1, description=\'GREAT!\'}',689582000717172736,0,'2023-05-15 19:25:39',0,'2023-05-15 19:25:39',b'0'),
	(689586460780662784,'清华大学','2023-05-15','PUBLIC',111323.2300,100,'{\"code\": \"100084\", \"detail\": \"中华人民共和国北京市海淀区清华园\"}','{\"Teacher Count\": 3641}','[{\"Principal\": \"王希勤\"}]','[{\"c\":\"C9联盟\"}]','[99.9, 98.0, 100.0]','Evaluate{grade=1, description=\'GREAT!\'}',689586460688388096,0,'2023-05-15 19:43:22',0,'2023-05-15 19:43:22',b'0'),
	(689639124210053120,'清华大学','2023-05-15','PUBLIC',111323.2300,100,'{\"code\": \"100084\", \"detail\": \"中华人民共和国北京市海淀区清华园\"}','{\"Teacher Count\": 3641}','[{\"Principal\": \"王希勤\"}]','[{\"c\":\"C9联盟\"}]','[99.9, 98.0, 100.0]','Evaluate{grade=1, description=\'GREAT!\'}',689639124071641088,0,'2023-05-15 23:12:38',0,'2023-05-15 23:12:38',b'0'),
	(695366930424446976,'清华大学','2023-05-31','PUBLIC',111323.2300,100,'{\"code\": \"100084\", \"detail\": \"中华人民共和国北京市海淀区清华园\"}','{\"Teacher Count\": 3641}','[{\"Principal\": \"王希勤\"}]','[{\"c\":\"C9联盟\"}]','[99.9, 98.0, 100.0]','Evaluate{grade=1, description=\'GREAT!\'}',695366930239897600,0,'2023-05-31 18:32:53',0,'2023-05-31 18:32:53',b'0'),
	(695439135518801920,'清华大学','2023-05-31','PUBLIC',111323.2300,100,'{\"code\": \"100084\", \"detail\": \"中华人民共和国北京市海淀区清华园\"}','{\"Teacher Count\": 3641}','[{\"Principal\": \"王希勤\"}]','[{\"c\":\"C9联盟\"}]','[99.9, 98.0, 100.0]','Evaluate{grade=1, description=\'GREAT!\'}',695439135405555712,0,'2023-05-31 23:19:48',0,'2023-05-31 23:19:48',b'0'),
	(695440113580163072,'清华大学','2023-05-31','PUBLIC',111323.2300,100,'{\"code\": \"100084\", \"detail\": \"中华人民共和国北京市海淀区清华园\"}','{\"Teacher Count\": 3641}','[{\"Principal\": \"王希勤\"}]','[{\"c\":\"C9联盟\"}]','[99.9, 98.0, 100.0]','Evaluate{grade=1, description=\'GREAT!\'}',695440113471111168,0,'2023-05-31 23:23:42',0,'2023-05-31 23:23:42',b'0'),
	(695440284246392832,'清华大学','2023-05-31','PUBLIC',111323.2300,100,'{\"code\": \"100084\", \"detail\": \"中华人民共和国北京市海淀区清华园\"}','{\"Teacher Count\": 3641}','[{\"Principal\": \"王希勤\"}]','[{\"c\":\"C9联盟\"}]','[99.9, 98.0, 100.0]','Evaluate{grade=1, description=\'GREAT!\'}',695440284091203584,0,'2023-05-31 23:24:22',0,'2023-05-31 23:24:22',b'0'),
	(695440823319314432,'清华大学','2023-05-31','PUBLIC',111323.2300,100,'{\"code\": \"100084\", \"detail\": \"中华人民共和国北京市海淀区清华园\"}','{\"Teacher Count\": 3641}','[{\"Principal\": \"王希勤\"}]','[{\"c\":\"C9联盟\"}]','[99.9, 98.0, 100.0]','Evaluate{grade=1, description=\'GREAT!\'}',695440823176708096,0,'2023-05-31 23:26:31',0,'2023-05-31 23:26:31',b'0'),
	(695441144590417920,'清华大学','2023-05-31','PUBLIC',111323.2300,100,'{\"code\": \"100084\", \"detail\": \"中华人民共和国北京市海淀区清华园\"}','{\"Teacher Count\": 3641}','[{\"Principal\": \"王希勤\"}]','[{\"c\":\"C9联盟\"}]','[99.9, 98.0, 100.0]','Evaluate{grade=1, description=\'GREAT!\'}',695441144456200192,0,'2023-05-31 23:27:47',0,'2023-05-31 23:27:47',b'0'),
	(695441383367950336,'清华大学','2023-05-31','PUBLIC',111323.2300,100,'{\"code\": \"100084\", \"detail\": \"中华人民共和国北京市海淀区清华园\"}','{\"Teacher Count\": 3641}','[{\"Principal\": \"王希勤\"}]','[{\"c\":\"C9联盟\"}]','[99.9, 98.0, 100.0]','Evaluate{grade=1, description=\'GREAT!\'}',695441383242121216,0,'2023-05-31 23:28:44',0,'2023-05-31 23:28:44',b'0'),
	(695441908083769344,'清华大学','2023-05-31','PUBLIC',111323.2300,100,'{\"code\": \"100084\", \"detail\": \"中华人民共和国北京市海淀区清华园\"}','{\"Teacher Count\": 3641}','[{\"Principal\": \"王希勤\"}]','[{\"c\":\"C9联盟\"}]','[99.9, 98.0, 100.0]','Evaluate{grade=1, description=\'GREAT!\'}',695441907932774400,0,'2023-05-31 23:30:49',0,'2023-05-31 23:30:49',b'0'),
	(695790152353611776,'清华大学','2023-06-01','PUBLIC',111323.2300,100,'{\"code\": \"100084\", \"detail\": \"中华人民共和国北京市海淀区清华园\"}','{\"Teacher Count\": 3641}','[{\"Principal\": \"王希勤\"}]','[{\"c\":\"C9联盟\"}]','[99.9, 98.0, 100.0]','Evaluate{grade=1, description=\'GREAT!\'}',695790152231976960,0,'2023-06-01 22:34:37',0,'2023-06-01 22:34:37',b'0'),
	(696077629261877248,'清华大学','2023-06-02','PUBLIC',111323.2300,100,'{\"code\": \"100084\", \"detail\": \"中华人民共和国北京市海淀区清华园\"}','{\"Teacher Count\": 3641}','[{\"Principal\": \"王希勤\"}]','[{\"c\":\"C9联盟\"}]','[99.9, 98.0, 100.0]','Evaluate{grade=1, description=\'GREAT!\'}',696077629131853824,0,'2023-06-02 17:36:57',0,'2023-06-02 17:36:57',b'0'),
	(699097441214955520,'清华大学','2023-06-11','PUBLIC',111323.2300,100,'{\"code\": \"100084\", \"detail\": \"中华人民共和国北京市海淀区清华园\"}','{\"Teacher Count\": 3641}','[{\"Principal\": \"王希勤\"}]','[{\"c\":\"C9联盟\"}]','[99.9, 98.0, 100.0]','Evaluate{grade=1, description=\'GREAT!\'}',699097441080737792,0,'2023-06-11 01:36:36',0,'2023-06-11 01:36:36',b'0'),
	(699098254033321984,'清华大学','2023-06-11','PUBLIC',111323.2300,100,'{\"code\": \"100084\", \"detail\": \"中华人民共和国北京市海淀区清华园\"}','{\"Teacher Count\": 3641}','[{\"Principal\": \"王希勤\"}]','[{\"c\":\"C9联盟\"}]','[99.9, 98.0, 100.0]','Evaluate{grade=1, description=\'GREAT!\'}',699098253911687168,0,'2023-06-11 01:39:50',0,'2023-06-11 01:39:50',b'0'),
	(699098480852893696,'清华大学','2023-06-11','PUBLIC',111323.2300,100,'{\"code\": \"100084\", \"detail\": \"中华人民共和国北京市海淀区清华园\"}','{\"Teacher Count\": 3641}','[{\"Principal\": \"王希勤\"}]','[{\"c\":\"C9联盟\"}]','[99.9, 98.0, 100.0]','Evaluate{grade=1, description=\'GREAT!\'}',699098480785784832,0,'2023-06-11 01:40:44',0,'2023-06-11 01:40:44',b'0'),
	(699098851742613504,'清华大学','2023-06-11','PUBLIC',111323.2300,100,'{\"code\": \"100084\", \"detail\": \"中华人民共和国北京市海淀区清华园\"}','{\"Teacher Count\": 3641}','[{\"Principal\": \"王希勤\"}]','[{\"c\":\"C9联盟\"}]','[99.9, 98.0, 100.0]','Evaluate{grade=1, description=\'GREAT!\'}',699098851629367296,0,'2023-06-11 01:42:13',0,'2023-06-11 01:42:13',b'0'),
	(699959118386987008,'清华大学','2023-06-13','PUBLIC',111323.2300,100,'{\"code\": \"100084\", \"detail\": \"中华人民共和国北京市海淀区清华园\"}','{\"Teacher Count\": 3641}','[{\"Principal\": \"王希勤\"}]','[{\"c\":\"C9联盟\"}]','[99.9, 98.0, 100.0]','Evaluate{grade=1, description=\'GREAT!\'}',699959118298906624,0,'2023-06-13 10:40:36',0,'2023-06-13 10:40:36',b'0'),
	(705488386747555840,'清华大学','2023-06-28','PUBLIC',111323.2300,100,'{\"code\": \"100084\", \"detail\": \"中华人民共和国北京市海淀区清华园\"}','{\"Teacher Count\": 3641}','[{\"Principal\": \"王希勤\"}]','[{\"c\":\"C9联盟\"}]','[99.9, 98.0, 100.0]','Evaluate{grade=1, description=\'GREAT!\'}',705488386638503936,0,'2023-06-28 16:51:57',0,'2023-06-28 16:51:57',b'0'),
	(706177192232521728,'清华大学','2023-06-30','PUBLIC',111323.2300,100,'{\"code\": \"100084\", \"detail\": \"中华人民共和国北京市海淀区清华园\"}','{\"Teacher Count\": 3641}','[{\"Principal\": \"王希勤\"}]','[{\"c\":\"C9联盟\"}]','[99.9, 98.0, 100.0]','Evaluate{grade=1, description=\'GREAT!\'}',706177192144441344,0,'2023-06-30 14:29:01',0,'2023-06-30 14:29:01',b'0'),
	(706178257065644032,'清华大学','2023-06-30','PUBLIC',111323.2300,100,'{\"code\": \"100084\", \"detail\": \"中华人民共和国北京市海淀区清华园\"}','{\"Teacher Count\": 3641}','[{\"Principal\": \"王希勤\"}]','[{\"c\":\"C9联盟\"}]','[99.9, 98.0, 100.0]','Evaluate{grade=1, description=\'GREAT!\'}',706178256948203520,0,'2023-06-30 14:33:14',0,'2023-06-30 14:33:14',b'0'),
	(706193871540883456,'清华大学','2023-06-30','PUBLIC',111323.2300,100,'{\"code\": \"100084\", \"detail\": \"中华人民共和国北京市海淀区清华园\"}','{\"Teacher Count\": 3641}','[{\"Principal\": \"王希勤\"}]','[{\"c\":\"C9联盟\"}]','[99.9, 98.0, 100.0]','Evaluate{grade=1, description=\'GREAT!\'}',706193871440220160,0,'2023-06-30 15:35:17',0,'2023-06-30 15:35:17',b'0'),
	(706224233994293248,'清华大学','2023-06-30','PUBLIC',111323.2300,90,'{\"code\": \"100084\", \"detail\": \"中华人民共和国北京市海淀区清华园\"}','{\"Teacher Count\": 3641}','[{\"Principal\": \"王希勤\"}]','[{\"c\":\"C9联盟\"}]','[99.9, 98.0, 100.0]','Evaluate{grade=1, description=\'GREAT!\'}',706224233885241344,0,'2023-06-30 17:35:56',0,'2023-06-30 17:35:56',b'0'),
	(706399744531927040,'清华大学','2023-07-01','PUBLIC',111323.2300,100,'{\"code\": \"100084\", \"detail\": \"中华人民共和国北京市海淀区清华园\"}','{\"Teacher Count\": 3641}','[{\"Principal\": \"王希勤\"}]','[{\"c\":\"C9联盟\"}]','[99.9, 98.0, 100.0]','Evaluate{grade=1, description=\'GREAT!\'}',706399744439652352,0,'2023-07-01 05:13:21',0,'2023-07-01 05:13:21',b'0'),
	(706552994803519488,'清华大学','2023-07-01','PUBLIC',111323.2300,100,'{\"code\": \"100084\", \"detail\": \"中华人民共和国北京市海淀区清华园\"}','{\"Teacher Count\": 3641}','[{\"Principal\": \"王希勤\"}]','[{\"c\":\"C9联盟\"}]','[99.9, 98.0, 100.0]','Evaluate{grade=1, description=\'GREAT!\'}',706552994694467584,0,'2023-07-01 15:22:19',0,'2023-07-01 15:22:19',b'0'),
	(706554874027872256,'清华大学','2023-07-01','PUBLIC',111323.2300,100,'{\"code\": \"100084\", \"detail\": \"中华人民共和国北京市海淀区清华园\"}','{\"Teacher Count\": 3641}','[{\"Principal\": \"王希勤\"}]','[{\"c\":\"C9联盟\"}]','[99.9, 98.0, 100.0]','Evaluate{grade=1, description=\'GREAT!\'}',706554873914626048,0,'2023-07-01 15:29:47',0,'2023-07-01 15:29:47',b'0'),
	(707296670479585280,'清华大学','2023-07-03','PUBLIC',111323.2300,100,'{\"code\": \"100084\", \"detail\": \"中华人民共和国北京市海淀区清华园\"}','{\"Teacher Count\": 3641}','[{\"Principal\": \"王希勤\"}]','[{\"c\":\"C9联盟\"}]','[99.9, 98.0, 100.0]','Evaluate{grade=1, description=\'GREAT!\'}',707296670387310592,0,'2023-07-03 16:37:25',0,'2023-07-03 16:37:25',b'0'),
	(707297485751619584,'清华大学','2023-07-03','PUBLIC',111323.2300,100,'{\"code\": \"100084\", \"detail\": \"中华人民共和国北京市海淀区清华园\"}','{\"Teacher Count\": 3641}','[{\"Principal\": \"王希勤\"}]','[{\"c\":\"C9联盟\"}]','[99.9, 98.0, 100.0]','Evaluate{grade=1, description=\'GREAT!\'}',707297485659344896,0,'2023-07-03 16:40:39',0,'2023-07-03 16:40:39',b'0'),
	(707297847401287680,'清华大学','2023-07-03','PUBLIC',111323.2300,100,'{\"code\": \"100084\", \"detail\": \"中华人民共和国北京市海淀区清华园\"}','{\"Teacher Count\": 3641}','[{\"Principal\": \"王希勤\"}]','[{\"c\":\"C9联盟\"}]','[99.9, 98.0, 100.0]','Evaluate{grade=1, description=\'GREAT!\'}',707297847292235776,0,'2023-07-03 16:42:06',0,'2023-07-03 16:42:06',b'0'),
	(707378788949856256,'清华大学','2023-07-03','PUBLIC',111323.2300,100,'{\"code\": \"100084\", \"detail\": \"中华人民共和国北京市海淀区清华园\"}','{\"Teacher Count\": 3641}','[{\"Principal\": \"王希勤\"}]','[{\"c\":\"C9联盟\"}]','[99.9, 98.0, 100.0]','Evaluate{grade=1, description=\'GREAT!\'}',707378788832415744,0,'2023-07-03 22:03:44',0,'2023-07-03 22:03:44',b'0'),
	(707379005208170496,'清华大学','2023-07-03','PUBLIC',111323.2300,100,'{\"code\": \"100084\", \"detail\": \"中华人民共和国北京市海淀区清华园\"}','{\"Teacher Count\": 3641}','[{\"Principal\": \"王希勤\"}]','[{\"c\":\"C9联盟\"}]','[99.9, 98.0, 100.0]','Evaluate{grade=1, description=\'GREAT!\'}',707379005107507200,0,'2023-07-03 22:04:35',0,'2023-07-03 22:04:35',b'0'),
	(707379144744275968,'清华大学','2023-07-03','PUBLIC',111323.2300,100,'{\"code\": \"100084\", \"detail\": \"中华人民共和国北京市海淀区清华园\"}','{\"Teacher Count\": 3641}','[{\"Principal\": \"王希勤\"}]','[{\"c\":\"C9联盟\"}]','[99.9, 98.0, 100.0]','Evaluate{grade=1, description=\'GREAT!\'}',707379144664584192,0,'2023-07-03 22:05:08',0,'2023-07-03 22:05:08',b'0'),
	(707586227984961536,'清华大学','2023-07-04','PUBLIC',111323.2300,100,'{\"code\": \"100084\", \"detail\": \"中华人民共和国北京市海淀区清华园\"}','{\"Teacher Count\": 3641}','[{\"Principal\": \"王希勤\"}]','[{\"c\":\"C9联盟\"}]','[99.9, 98.0, 100.0]','Evaluate{grade=1, description=\'GREAT!\'}',707586227888492544,0,'2023-07-04 11:48:01',0,'2023-07-04 11:48:01',b'0'),
	(708015854595379200,'清华大学','2023-07-05','PUBLIC',111323.2300,100,'{\"code\": \"100084\", \"detail\": \"中华人民共和国北京市海淀区清华园\"}','{\"Teacher Count\": 3641}','[{\"Principal\": \"王希勤\"}]','[{\"c\":\"C9联盟\"}]','[99.9, 98.0, 100.0]','Evaluate{grade=1, description=\'GREAT!\'}',708015854507298816,0,'2023-07-05 16:15:12',0,'2023-07-05 16:15:12',b'0'),
	(708016782245400576,'清华大学','2023-07-05','PUBLIC',111323.2300,100,'{\"code\": \"100084\", \"detail\": \"中华人民共和国北京市海淀区清华园\"}','{\"Teacher Count\": 3641}','[{\"Principal\": \"王希勤\"}]','[{\"c\":\"C9联盟\"}]','[99.9, 98.0, 100.0]','Evaluate{grade=1, description=\'GREAT!\'}',708016782123765760,0,'2023-07-05 16:18:53',0,'2023-07-05 16:18:53',b'0'),
	(708085358729924608,'清华大学','2023-07-05','PUBLIC',111323.2300,100,'{\"code\": \"100084\", \"detail\": \"中华人民共和国北京市海淀区清华园\"}','{\"Teacher Count\": 3641}','[{\"Principal\": \"王希勤\"}]','[{\"c\":\"C9联盟\"}]','[99.9, 98.0, 100.0]','Evaluate{grade=1, description=\'GREAT!\'}',708085358641844224,0,'2023-07-05 20:51:23',0,'2023-07-05 20:51:23',b'0'),
	(708828120865574912,'清华大学','2023-07-07','PUBLIC',111323.2300,100,'{\"code\": \"100084\", \"detail\": \"中华人民共和国北京市海淀区清华园\"}','{\"Teacher Count\": 3641}','[{\"Principal\": \"王希勤\"}]','[{\"c\":\"C9联盟\"}]','[99.9, 98.0, 100.0]','Evaluate{grade=1, description=\'GREAT!\'}',708828120756523008,0,'2023-07-07 22:02:51',0,'2023-07-07 22:02:51',b'0'),
	(708829273443536896,'清华大学','2023-07-07','PUBLIC',111323.2300,100,'{\"code\": \"100084\", \"detail\": \"中华人民共和国北京市海淀区清华园\"}','{\"Teacher Count\": 3641}','[{\"Principal\": \"王希勤\"}]','[{\"c\":\"C9联盟\"}]','[99.9, 98.0, 100.0]','Evaluate{grade=1, description=\'GREAT!\'}',708829273330290688,0,'2023-07-07 22:07:26',0,'2023-07-07 22:07:26',b'0'),
	(708882178083155968,'清华大学','2023-07-08','PUBLIC',111323.2300,100,'{\"code\": \"100084\", \"detail\": \"中华人民共和国北京市海淀区清华园\"}','{\"Teacher Count\": 3641}','[{\"Principal\": \"王希勤\"}]','[{\"c\":\"C9联盟\"}]','[99.9, 98.0, 100.0]','Evaluate{grade=1, description=\'GREAT!\'}',708882177999269888,0,'2023-07-08 01:37:39',0,'2023-07-08 01:37:39',b'0'),
	(708883600774295552,'清华大学','2023-07-08','PUBLIC',111323.2300,100,'{\"code\": \"100084\", \"detail\": \"中华人民共和国北京市海淀区清华园\"}','{\"Teacher Count\": 3641}','[{\"Principal\": \"王希勤\"}]','[{\"c\":\"C9联盟\"}]','[99.9, 98.0, 100.0]','Evaluate{grade=1, description=\'GREAT!\'}',708883600686215168,0,'2023-07-08 01:43:19',0,'2023-07-08 01:43:19',b'0'),
	(708883908330024960,'清华大学','2023-07-08','PUBLIC',111323.2300,100,'{\"code\": \"100084\", \"detail\": \"中华人民共和国北京市海淀区清华园\"}','{\"Teacher Count\": 3641}','[{\"Principal\": \"王希勤\"}]','[{\"c\":\"C9联盟\"}]','[99.9, 98.0, 100.0]','Evaluate{grade=1, description=\'GREAT!\'}',708883908237750272,0,'2023-07-08 01:44:32',0,'2023-07-08 01:44:32',b'0'),
	(710570752797052928,'清华大学','2023-07-12','PUBLIC',111323.2300,100,'{\"code\": \"100084\", \"detail\": \"中华人民共和国北京市海淀区清华园\"}','{\"Teacher Count\": 3641}','[{\"Principal\": \"王希勤\"}]','[{\"c\":\"C9联盟\"}]','[99.9, 98.0, 100.0]','Evaluate{grade=1, description=\'GREAT!\'}',710570752713166848,0,'2023-07-12 17:27:27',0,'2023-07-12 17:27:27',b'0'),
	(711293558321057792,'清华大学','2023-07-14','PUBLIC',111323.2300,100,'{\"code\": \"100084\", \"detail\": \"中华人民共和国北京市海淀区清华园\"}','{\"Teacher Count\": 3641}','[{\"Principal\": \"王希勤\"}]','[{\"c\":\"C9联盟\"}]','[99.9, 98.0, 100.0]','Evaluate{grade=1, description=\'GREAT!\'}',711293558245560320,0,'2023-07-14 17:19:37',0,'2023-07-14 17:19:37',b'0'),
	(711296950967734272,'清华大学','2023-07-14','PUBLIC',111323.2300,100,'{\"code\": \"100084\", \"detail\": \"中华人民共和国北京市海淀区清华园\"}','{\"Teacher Count\": 3641}','[{\"Principal\": \"王希勤\"}]','[{\"c\":\"C9联盟\"}]','[99.9, 98.0, 100.0]','Evaluate{grade=1, description=\'GREAT!\'}',711296950854488064,0,'2023-07-14 17:33:06',0,'2023-07-14 17:33:06',b'0'),
	(712508002401259520,'清华大学','2023-07-18','PUBLIC',111323.2300,100,'{\"code\": \"100084\", \"detail\": \"中华人民共和国北京市海淀区清华园\"}','{\"Teacher Count\": 3641}','[{\"Principal\": \"王希勤\"}]','[{\"c\":\"C9联盟\"}]','[99.9, 98.0, 100.0]','Evaluate{grade=1, description=\'GREAT!\'}',712508002300596224,0,'2023-07-18 01:45:23',0,'2023-07-18 01:45:23',b'0'),
	(715398487574863872,'清华大学','2023-07-26','PUBLIC',111323.2300,100,'{\"code\": \"100084\", \"detail\": \"中华人民共和国北京市海淀区清华园\"}','{\"Teacher Count\": 3641}','[{\"Principal\": \"王希勤\"}]','[{\"c\":\"C9联盟\"}]','[99.9, 98.0, 100.0]','Evaluate{grade=1, description=\'GREAT!\'}',715398487486783488,0,'2023-07-26 01:11:09',0,'2023-07-26 01:11:09',b'0'),
	(716076939923709952,'清华大学','2023-07-27','PUBLIC',111323.2300,100,'{\"code\": \"100084\", \"detail\": \"中华人民共和国北京市海淀区清华园\"}','{\"Teacher Count\": 3641}','[{\"Principal\": \"王希勤\"}]','[{\"c\":\"C9联盟\"}]','[99.9, 98.0, 100.0]','Evaluate{grade=1, description=\'GREAT!\'}',716076939835629568,0,'2023-07-27 22:07:04',0,'2023-07-27 22:07:04',b'0'),
	(716106641958789120,'清华大学','2023-07-28','PUBLIC',111323.2300,100,'{\"code\": \"100084\", \"detail\": \"中华人民共和国北京市海淀区清华园\"}','{\"Teacher Count\": 3641}','[{\"Principal\": \"王希勤\"}]','[{\"c\":\"C9联盟\"}]','[99.9, 98.0, 100.0]','Evaluate{grade=1, description=\'GREAT!\'}',716106641883291648,0,'2023-07-28 00:05:06',0,'2023-07-28 00:05:06',b'0'),
	(716119625879805952,'清华大学','2023-07-28','PUBLIC',111323.2300,100,'{\"code\": \"100084\", \"detail\": \"中华人民共和国北京市海淀区清华园\"}','{\"Teacher Count\": 3641}','[{\"Principal\": \"王希勤\"}]','[{\"c\":\"C9联盟\"}]','[99.9, 98.0, 100.0]','Evaluate{grade=1, description=\'GREAT!\'}',716119625787531264,0,'2023-07-28 00:56:41',0,'2023-07-28 00:56:41',b'0'),
	(716123444336418816,'清华大学','2023-07-28','PUBLIC',111323.2300,100,'{\"code\": \"100084\", \"detail\": \"中华人民共和国北京市海淀区清华园\"}','{\"Teacher Count\": 3641}','[{\"Principal\": \"王希勤\"}]','[{\"c\":\"C9联盟\"}]','[99.9, 98.0, 100.0]','Evaluate{grade=1, description=\'GREAT!\'}',716123444239949824,0,'2023-07-28 01:11:52',0,'2023-07-28 01:11:52',b'0'),
	(716127356883853312,'清华大学','2023-07-28','PUBLIC',111323.2300,100,'{\"code\": \"100084\", \"detail\": \"中华人民共和国北京市海淀区清华园\"}','{\"Teacher Count\": 3641}','[{\"Principal\": \"王希勤\"}]','[{\"c\":\"C9联盟\"}]','[99.9, 98.0, 100.0]','Evaluate{grade=1, description=\'GREAT!\'}',716127356795772928,0,'2023-07-28 01:27:25',0,'2023-07-28 01:27:25',b'0'),
	(716133633655595008,'清华大学','2023-07-28','PUBLIC',111323.2300,100,'{\"code\": \"100084\", \"detail\": \"中华人民共和国北京市海淀区清华园\"}','{\"Teacher Count\": 3641}','[{\"Principal\": \"王希勤\"}]','[{\"c\":\"C9联盟\"}]','[99.9, 98.0, 100.0]','Evaluate{grade=1, description=\'GREAT!\'}',716133633412325376,0,'2023-07-28 01:52:21',0,'2023-07-28 01:52:21',b'0'),
	(716146033154875392,'清华大学','2023-07-28','PUBLIC',111323.2300,100,'{\"code\": \"100084\", \"detail\": \"中华人民共和国北京市海淀区清华园\"}','{\"Teacher Count\": 3641}','[{\"Principal\": \"王希勤\"}]','[{\"c\":\"C9联盟\"}]','[99.9, 98.0, 100.0]','Evaluate{grade=1, description=\'GREAT!\'}',716146033045823488,0,'2023-07-28 02:41:37',0,'2023-07-28 02:41:37',b'0'),
	(716788772632551424,'清华大学','2023-07-29','PUBLIC',111323.2300,100,'{\"code\": \"100084\", \"detail\": \"中华人民共和国北京市海淀区清华园\"}','{\"Teacher Count\": 3641}','[{\"Principal\": \"王希勤\"}]','[{\"c\":\"C9联盟\"}]','[99.9, 98.0, 100.0]','Evaluate{grade=1, description=\'GREAT!\'}',716788772561248256,0,'2023-07-29 21:15:38',0,'2023-07-29 21:15:38',b'0'),
	(717757261870534656,'清华大学','2023-08-01','PUBLIC',111323.2300,100,'{\"code\": \"100084\", \"detail\": \"中华人民共和国北京市海淀区清华园\"}','{\"Teacher Count\": 3641}','[{\"Principal\": \"王希勤\"}]','[{\"c\":\"C9联盟\"}]','[99.9, 98.0, 100.0]','Evaluate{grade=1, description=\'GREAT!\'}',717757261761482752,0,'2023-08-01 13:24:04',0,'2023-08-01 13:24:04',b'0'),
	(717759064867606528,'清华大学','2023-08-01','PUBLIC',111323.2300,100,'{\"code\": \"100084\", \"detail\": \"中华人民共和国北京市海淀区清华园\"}','{\"Teacher Count\": 3641}','[{\"Principal\": \"王希勤\"}]','[{\"c\":\"C9联盟\"}]','[99.9, 98.0, 100.0]','Evaluate{grade=1, description=\'GREAT!\'}',717759064758554624,0,'2023-08-01 13:31:14',0,'2023-08-01 13:31:14',b'0'),
	(718652999299256320,'清华大学','2023-08-04','PUBLIC',111323.2300,100,'{\"code\": \"100084\", \"detail\": \"中华人民共和国北京市海淀区清华园\"}','{\"Teacher Count\": 3641}','[{\"Principal\": \"王希勤\"}]','[{\"c\":\"C9联盟\"}]','[99.9, 98.0, 100.0]','Evaluate{grade=1, description=\'GREAT!\'}',718652999211175936,0,'2023-08-04 00:43:25',0,'2023-08-04 00:43:25',b'0'),
	(718653523964743680,'清华大学','2023-08-04','PUBLIC',111323.2300,100,'{\"code\": \"100084\", \"detail\": \"中华人民共和国北京市海淀区清华园\"}','{\"Teacher Count\": 3641}','[{\"Principal\": \"王希勤\"}]','[{\"c\":\"C9联盟\"}]','[99.9, 98.0, 100.0]','Evaluate{grade=1, description=\'GREAT!\'}',718653523885051904,0,'2023-08-04 00:45:30',0,'2023-08-04 00:45:30',b'0'),
	(721395143814418432,'清华大学','2023-08-11','PUBLIC',111323.2300,100,'{\"code\": \"100084\", \"detail\": \"中华人民共和国北京市海淀区清华园\"}','{\"Teacher Count\": 3641}','[{\"Principal\": \"王希勤\"}]','[{\"c\":\"C9联盟\"}]','[99.9, 98.0, 100.0]','Evaluate{grade=1, description=\'GREAT!\'}',721395143734726656,0,'2023-08-11 14:19:43',0,'2023-08-11 14:19:43',b'0'),
	(723281752373608448,'清华大学','2023-08-16','PUBLIC',111323.2300,100,'{\"code\": \"100084\", \"detail\": \"中华人民共和国北京市海淀区清华园\"}','{\"Teacher Count\": 3641}','[{\"Principal\": \"王希勤\"}]','[{\"c\":\"C9联盟\"}]','[99.9, 98.0, 100.0]','Evaluate{grade=1, description=\'GREAT!\'}',723281752281333760,0,'2023-08-16 19:16:26',0,'2023-08-16 19:16:26',b'0'),
	(729133044081893376,'清华大学','2023-09-01','PUBLIC',111323.2300,100,'{\"code\": \"100084\", \"detail\": \"中华人民共和国北京市海淀区清华园\"}','{\"Teacher Count\": 3641}','[{\"Principal\": \"王希勤\"}]','[{\"c\":\"C9联盟\"}]','[99.9, 98.0, 100.0]','Evaluate{grade=1, description=\'GREAT!\'}',729133043977035776,0,'2023-09-01 22:47:22',0,'2023-09-01 22:47:22',b'0'),
	(729559403933470720,'清华大学','2023-09-03','PUBLIC',111323.2300,100,'{\"code\": \"100084\", \"detail\": \"中华人民共和国北京市海淀区清华园\"}','{\"Teacher Count\": 3641}','[{\"Principal\": \"王希勤\"}]','[{\"c\":\"C9联盟\"}]','[99.9, 98.0, 100.0]','Evaluate{grade=1, description=\'GREAT!\'}',729559403845390336,0,'2023-09-03 03:01:34',0,'2023-09-03 03:01:34',b'0'),
	(736413908042006528,'清华大学','2023-09-22','PUBLIC',111323.2300,100,'{\"code\": \"100084\", \"detail\": \"中华人民共和国北京市海淀区清华园\"}','{\"Teacher Count\": 3641}','[{\"Principal\": \"王希勤\"}]','[{\"c\":\"C9联盟\"}]','[99.9, 98.0, 100.0]','Evaluate{grade=1, description=\'GREAT!\'}',736413907945537536,0,'2023-09-22 00:58:55',0,'2023-09-22 00:58:55',b'0'),
	(736415254874963968,'清华大学','2023-09-22','PUBLIC',111323.2300,100,'{\"code\": \"100084\", \"detail\": \"中华人民共和国北京市海淀区清华园\"}','{\"Teacher Count\": 3641}','[{\"Principal\": \"王希勤\"}]','[{\"c\":\"C9联盟\"}]','[99.9, 98.0, 100.0]','Evaluate{grade=1, description=\'GREAT!\'}',736415254803660800,0,'2023-09-22 01:04:17',0,'2023-09-22 01:04:17',b'0'),
	(736416074815258624,'清华大学','2023-09-22','PUBLIC',111323.2300,100,'{\"code\": \"100084\", \"detail\": \"中华人民共和国北京市海淀区清华园\"}','{\"Teacher Count\": 3641}','[{\"Principal\": \"王希勤\"}]','[{\"c\":\"C9联盟\"}]','[99.9, 98.0, 100.0]','Evaluate{grade=1, description=\'GREAT!\'}',736416074752344064,0,'2023-09-22 01:07:32',0,'2023-09-22 01:07:32',b'0'),
	(736418376414412800,'清华大学','2023-09-22','PUBLIC',111323.2300,100,'{\"code\": \"100084\", \"detail\": \"中华人民共和国北京市海淀区清华园\"}','{\"Teacher Count\": 3641}','[{\"Principal\": \"王希勤\"}]','[{\"c\":\"C9联盟\"}]','[99.9, 98.0, 100.0]','Evaluate{grade=1, description=\'GREAT!\'}',736418376317943808,0,'2023-09-22 01:16:41',0,'2023-09-22 01:16:41',b'0'),
	(736418712709513216,'清华大学','2023-09-22','PUBLIC',111323.2300,100,'{\"code\": \"100084\", \"detail\": \"中华人民共和国北京市海淀区清华园\"}','{\"Teacher Count\": 3641}','[{\"Principal\": \"王希勤\"}]','[{\"c\":\"C9联盟\"}]','[99.9, 98.0, 100.0]','Evaluate{grade=1, description=\'GREAT!\'}',736418712613044224,0,'2023-09-22 01:18:01',0,'2023-09-22 01:18:01',b'0'),
	(784652315859619840,'清华大学','2024-02-02','PUBLIC',111323.2300,100,'{\"code\": \"100084\", \"detail\": \"中华人民共和国北京市海淀区清华园\"}','{\"Teacher Count\": 3641}','[{\"Principal\": \"王希勤\"}]','[{\"c\":\"C9联盟\"}]','[99.9, 98.0, 100.0]','Evaluate{grade=1, description=\'GREAT!\'}',784652315662487552,0,'2024-02-02 03:41:08',0,'2024-02-02 03:41:08',b'0'),
	(784653805366022144,'清华大学','2024-02-02','PUBLIC',111323.2300,100,'{\"code\": \"100084\", \"detail\": \"中华人民共和国北京市海淀区清华园\"}','{\"Teacher Count\": 3641}','[{\"Principal\": \"王希勤\"}]','[{\"c\":\"C9联盟\"}]','[99.9, 98.0, 100.0]','Evaluate{grade=1, description=\'GREAT!\'}',784653805181472768,0,'2024-02-02 03:47:03',0,'2024-02-02 03:47:03',b'0');

/*!40000 ALTER TABLE `t_school` ENABLE KEYS */;
UNLOCK TABLES;


# Dump of table t_school_license
# ------------------------------------------------------------

CREATE TABLE `t_school_license` (
  `id` bigint NOT NULL COMMENT '主键',
  `number` varchar(32) DEFAULT NULL COMMENT '证书编号',
  `remark` varchar(32) DEFAULT NULL COMMENT '备注',
  `create_by` bigint DEFAULT NULL,
  `create_time` datetime DEFAULT NULL,
  `update_by` bigint DEFAULT NULL,
  `update_time` datetime DEFAULT NULL,
  `is_deleted` bit(1) DEFAULT NULL,
  PRIMARY KEY (`id`)
) ENGINE=InnoDB DEFAULT CHARSET=utf8mb4 COLLATE=utf8mb4_0900_ai_ci COMMENT='学校证书';

LOCK TABLES `t_school_license` WRITE;
/*!40000 ALTER TABLE `t_school_license` DISABLE KEYS */;

INSERT INTO `t_school_license` (`id`, `number`, `remark`, `create_by`, `create_time`, `update_by`, `update_time`, `is_deleted`)
VALUES
	(552173735432609792,'124535354C34X','自强不息 厚德载物',0,'2022-05-01 15:14:15',0,'2022-05-01 15:14:15',b'0'),
	(552181593041723392,'124535354C34X','自强不息 厚德载物',0,'2022-05-01 15:45:29',0,'2022-05-01 15:45:29',b'0'),
	(552190661105999872,'124535354C34X','自强不息 厚德载物',0,'2022-05-01 16:21:31',0,'2022-05-01 16:21:31',b'0'),
	(552209760028647424,'124535354C34X','自强不息 厚德载物',0,'2022-05-01 17:37:24',0,'2022-05-01 17:37:24',b'0'),
	(552215221977145344,'124535354C34X','自强不息 厚德载物',0,'2022-05-01 17:59:06',0,'2022-05-01 17:59:06',b'0'),
	(552257373255950336,'124535354C34X','自强不息 厚德载物',0,'2022-05-01 20:46:36',0,'2022-05-01 20:46:36',b'0'),
	(552257637601959936,'124535354C34X','自强不息 厚德载物',0,'2022-05-01 20:47:39',0,'2022-05-01 20:47:39',b'0'),
	(552259812176617472,'124535354C34X','自强不息 厚德载物',0,'2022-05-01 20:56:18',0,'2022-05-01 20:56:18',b'0'),
	(554013077847334912,'124535354C34X','自强不息 厚德载物',0,'2022-05-06 17:03:09',0,'2022-05-06 17:03:09',b'0'),
	(554016041978748928,'124535354C34X','自强不息 厚德载物',0,'2022-05-06 17:14:55',0,'2022-05-06 17:14:55',b'0'),
	(554016444808093696,'124535354C34X','自强不息 厚德载物',0,'2022-05-06 17:16:31',0,'2022-05-06 17:16:31',b'0'),
	(554016913991327744,'124535354C34X','自强不息 厚德载物',0,'2022-05-06 17:18:23',0,'2022-05-06 17:18:23',b'0'),
	(554056065323556864,'124535354C34X','自强不息 厚德载物',0,'2022-05-06 19:53:58',0,'2022-05-06 19:53:58',b'0'),
	(554064101194784768,'124535354C34X','自强不息 厚德载物',0,'2022-05-06 20:25:54',0,'2022-05-06 20:25:54',b'0'),
	(556602158682923008,'124535354C34X','自强不息 厚德载物',0,'2022-05-13 20:31:14',0,'2022-05-13 20:31:14',b'0'),
	(556615272241487872,'124535354C34X','自强不息 厚德载物',0,'2022-05-13 21:23:20',0,'2022-05-13 21:23:20',b'0'),
	(556620947059302400,'124535354C34X','自强不息 厚德载物',0,'2022-05-13 21:45:53',0,'2022-05-13 21:45:53',b'0'),
	(556676170855407616,'124535354C34X','自强不息 厚德载物',0,'2022-05-14 01:25:19',0,'2022-05-14 01:25:19',b'0'),
	(556676334617812992,'124535354C34X','自强不息 厚德载物',0,'2022-05-14 01:25:59',0,'2022-05-14 01:25:59',b'0'),
	(556676481980489728,'124535354C34X','自强不息 厚德载物',0,'2022-05-14 01:26:34',0,'2022-05-14 01:26:34',b'0'),
	(556676681893601280,'124535354C34X','自强不息 厚德载物',0,'2022-05-14 01:27:21',0,'2022-05-14 01:27:21',b'0'),
	(556681495759216640,'124535354C34X','自强不息 厚德载物',0,'2022-05-14 01:46:29',0,'2022-05-14 01:46:29',b'0'),
	(556683183350013952,'124535354C34X','自强不息 厚德载物',0,'2022-05-14 01:53:11',0,'2022-05-14 01:53:11',b'0'),
	(556683567107858432,'124535354C34X','自强不息 厚德载物',0,'2022-05-14 01:54:43',0,'2022-05-14 01:54:43',b'0'),
	(556683765292916736,'124535354C34X','自强不息 厚德载物',0,'2022-05-14 01:55:30',0,'2022-05-14 01:55:30',b'0'),
	(556684018071035904,'124535354C34X','自强不息 厚德载物',0,'2022-05-14 01:56:30',0,'2022-05-14 01:56:30',b'0'),
	(556684167803494400,'124535354C34X','自强不息 厚德载物',0,'2022-05-14 01:57:06',0,'2022-05-14 01:57:06',b'0'),
	(556684504295727104,'124535354C34X','自强不息 厚德载物',0,'2022-05-14 01:58:26',0,'2022-05-14 01:58:26',b'0'),
	(556685421384491008,'124535354C34X','自强不息 厚德载物',0,'2022-05-14 02:02:05',0,'2022-05-14 02:02:05',b'0'),
	(556685655359545344,'124535354C34X','自强不息 厚德载物',0,'2022-05-14 02:03:01',0,'2022-05-14 02:03:01',b'0'),
	(556686084831109120,'124535354C34X','自强不息 厚德载物',0,'2022-05-14 02:04:43',0,'2022-05-14 02:04:43',b'0'),
	(556686675963731968,'124535354C34X','自强不息 厚德载物',0,'2022-05-14 02:07:04',0,'2022-05-14 02:07:04',b'0'),
	(556689621296275456,'124535354C34X','自强不息 厚德载物',0,'2022-05-14 02:18:46',0,'2022-05-14 02:18:46',b'0'),
	(556689907939205120,'124535354C34X','自强不息 厚德载物',0,'2022-05-14 02:19:55',0,'2022-05-14 02:19:55',b'0'),
	(556790985246564352,'124535354C34X','自强不息 厚德载物',0,'2022-05-14 09:01:33',0,'2022-05-14 09:01:33',b'0'),
	(556800203060076544,'124535354C34X','自强不息 厚德载物',0,'2022-05-14 09:38:11',0,'2022-05-14 09:38:11',b'0'),
	(556806332032933888,'124535354C34X','自强不息 厚德载物',0,'2022-05-14 10:02:32',0,'2022-05-14 10:02:32',b'0'),
	(556807622246981632,'124535354C34X','自强不息 厚德载物',0,'2022-05-14 10:07:40',0,'2022-05-14 10:07:40',b'0'),
	(556808453826469888,'124535354C34X','自强不息 厚德载物',0,'2022-05-14 10:10:58',0,'2022-05-14 10:10:58',b'0'),
	(556818167180222464,'124535354C34X','自强不息 厚德载物',0,'2022-05-14 10:49:34',0,'2022-05-14 10:49:34',b'0'),
	(556825437343506432,'124535354C34X','自强不息 厚德载物',0,'2022-05-14 11:18:27',0,'2022-05-14 11:18:27',b'0'),
	(556840101704032256,'124535354C34X','自强不息 厚德载物',0,'2022-05-14 12:16:44',0,'2022-05-14 12:16:44',b'0'),
	(556840320885776384,'124535354C34X','自强不息 厚德载物',0,'2022-05-14 12:17:36',0,'2022-05-14 12:17:36',b'0'),
	(556840460015034368,'124535354C34X','自强不息 厚德载物',0,'2022-05-14 12:18:09',0,'2022-05-14 12:18:09',b'0'),
	(556840936689295360,'124535354C34X','自强不息 厚德载物',0,'2022-05-14 12:20:03',0,'2022-05-14 12:20:03',b'0'),
	(556841351359160320,'124535354C34X','自强不息 厚德载物',0,'2022-05-14 12:21:42',0,'2022-05-14 12:21:42',b'0'),
	(556843888044859392,'124535354C34X','自强不息 厚德载物',0,'2022-05-14 12:31:46',0,'2022-05-14 12:31:46',b'0'),
	(556846102679314432,'124535354C34X','自强不息 厚德载物',0,'2022-05-14 12:40:34',0,'2022-05-14 12:40:34',b'0'),
	(556846341108719616,'124535354C34X','自强不息 厚德载物',0,'2022-05-14 12:41:31',0,'2022-05-14 12:41:31',b'0'),
	(556950494019510272,'124535354C34X','自强不息 厚德载物',0,'2022-05-14 19:35:23',0,'2022-05-14 19:35:23',b'0'),
	(557558370958237696,'124535354C34X','自强不息 厚德载物',0,'2022-05-16 11:50:52',0,'2022-05-16 11:50:52',b'0'),
	(557563441569783808,'124535354C34X','自强不息 厚德载物',0,'2022-05-16 12:11:01',0,'2022-05-16 12:11:01',b'0'),
	(558653498158407680,'124535354C34X','自强不息 厚德载物',0,'2022-05-19 12:22:31',0,'2022-05-19 12:22:31',b'0'),
	(558654534419931136,'124535354C34X','自强不息 厚德载物',0,'2022-05-19 12:26:38',0,'2022-05-19 12:26:38',b'0'),
	(558654956354330624,'124535354C34X','自强不息 厚德载物',0,'2022-05-19 12:28:19',0,'2022-05-19 12:28:19',b'0'),
	(558666757083160576,'124535354C34X','自强不息 厚德载物',0,'2022-05-19 13:15:12',0,'2022-05-19 13:15:12',b'0'),
	(558725654548504576,'124535354C34X','自强不息 厚德载物',0,'2022-05-19 17:09:14',0,'2022-05-19 17:09:14',b'0'),
	(559022563041402880,'124535354C34X','自强不息 厚德载物',0,'2022-05-20 12:49:03',0,'2022-05-20 12:49:03',b'0'),
	(559205670021423104,'124535354C34X','自强不息 厚德载物',0,'2022-05-21 00:56:39',0,'2022-05-21 00:56:39',b'0'),
	(565859492785479680,'124535354C34X','自强不息 厚德载物',0,'2022-06-08 09:36:34',0,'2022-06-08 09:36:34',b'0'),
	(567027448810758144,'124535354C34X','自强不息 厚德载物',0,'2022-06-11 14:57:36',0,'2022-06-11 14:57:36',b'0'),
	(568230303718629376,'124535354C34X','自强不息 厚德载物',0,'2022-06-14 22:37:19',0,'2022-06-14 22:37:19',b'0'),
	(568256685106454528,'124535354C34X','自强不息 厚德载物',0,'2022-06-15 00:22:09',0,'2022-06-15 00:22:09',b'0'),
	(568257093350645760,'124535354C34X','自强不息 厚德载物',0,'2022-06-15 00:23:47',0,'2022-06-15 00:23:47',b'0'),
	(568258151275749376,'124535354C34X','自强不息 厚德载物',0,'2022-06-15 00:27:59',0,'2022-06-15 00:27:59',b'0'),
	(568263333191540736,'124535354C34X','自强不息 厚德载物',0,'2022-06-15 00:48:34',0,'2022-06-15 00:48:34',b'0'),
	(568273329119748096,'124535354C34X','自强不息 厚德载物',0,'2022-06-15 01:28:17',0,'2022-06-15 01:28:17',b'0'),
	(568273488981450752,'124535354C34X','自强不息 厚德载物',0,'2022-06-15 01:28:56',0,'2022-06-15 01:28:56',b'0'),
	(568273872265338880,'124535354C34X','自强不息 厚德载物',0,'2022-06-15 01:30:27',0,'2022-06-15 01:30:27',b'0'),
	(568274127727812608,'124535354C34X','自强不息 厚德载物',0,'2022-06-15 01:31:28',0,'2022-06-15 01:31:28',b'0'),
	(568274611465281536,'124535354C34X','自强不息 厚德载物',0,'2022-06-15 01:33:23',0,'2022-06-15 01:33:23',b'0'),
	(568275716723105792,'124535354C34X','自强不息 厚德载物',0,'2022-06-15 01:37:47',0,'2022-06-15 01:37:47',b'0'),
	(568275815192780800,'124535354C34X','自强不息 厚德载物',0,'2022-06-15 01:38:10',0,'2022-06-15 01:38:10',b'0'),
	(568275954988933120,'124535354C34X','自强不息 厚德载物',0,'2022-06-15 01:38:44',0,'2022-06-15 01:38:44',b'0'),
	(568276167644340224,'124535354C34X','自强不息 厚德载物',0,'2022-06-15 01:39:34',0,'2022-06-15 01:39:34',b'0'),
	(568276578321227776,'124535354C34X','自强不息 厚德载物',0,'2022-06-15 01:41:12',0,'2022-06-15 01:41:12',b'0'),
	(568280577233575936,'124535354C34X','自强不息 厚德载物',0,'2022-06-15 01:57:06',0,'2022-06-15 01:57:06',b'0'),
	(568280738261295104,'124535354C34X','自强不息 厚德载物',0,'2022-06-15 01:57:44',0,'2022-06-15 01:57:44',b'0'),
	(568281204957306880,'124535354C34X','自强不息 厚德载物',0,'2022-06-15 01:59:35',0,'2022-06-15 01:59:35',b'0'),
	(568281437565018112,'124535354C34X','自强不息 厚德载物',0,'2022-06-15 02:00:31',0,'2022-06-15 02:00:31',b'0'),
	(568281637645901824,'124535354C34X','自强不息 厚德载物',0,'2022-06-15 02:01:18',0,'2022-06-15 02:01:18',b'0'),
	(568285153261182976,'124535354C34X','自强不息 厚德载物',0,'2022-06-15 02:15:17',0,'2022-06-15 02:15:17',b'0'),
	(568285349168734208,'124535354C34X','自强不息 厚德载物',0,'2022-06-15 02:16:03',0,'2022-06-15 02:16:03',b'0'),
	(568285547492204544,'124535354C34X','自强不息 厚德载物',0,'2022-06-15 02:16:51',0,'2022-06-15 02:16:51',b'0'),
	(568285661615022080,'124535354C34X','自强不息 厚德载物',0,'2022-06-15 02:17:18',0,'2022-06-15 02:17:18',b'0'),
	(568286857478201344,'124535354C34X','自强不息 厚德载物',0,'2022-06-15 02:22:03',0,'2022-06-15 02:22:03',b'0'),
	(614259254718816256,'124535354C34X','自强不息 厚德载物',0,'2022-10-19 22:59:57',0,'2022-10-19 22:59:57',b'0'),
	(616355663328583680,'124535354C34X','自强不息 厚德载物',0,'2022-10-25 17:50:19',0,'2022-10-25 17:50:19',b'0'),
	(616358900899258368,'124535354C34X','自强不息 厚德载物',0,'2022-10-25 18:03:11',0,'2022-10-25 18:03:11',b'0'),
	(616730679320780800,'124535354C34X','自强不息 厚德载物',0,'2022-10-26 18:40:30',0,'2022-10-26 18:40:30',b'0'),
	(616982308846575616,'124535354C34X','自强不息 厚德载物',0,'2022-10-27 11:20:23',0,'2022-10-27 11:20:23',b'0'),
	(617326480719880192,'124535354C34X','自强不息 厚德载物',0,'2022-10-28 10:08:00',0,'2022-10-28 10:08:00',b'0'),
	(617327235191283712,'124535354C34X','自强不息 厚德载物',0,'2022-10-28 10:11:00',0,'2022-10-28 10:11:00',b'0'),
	(617329102382178304,'124535354C34X','自强不息 厚德载物',0,'2022-10-28 10:18:25',0,'2022-10-28 10:18:25',b'0'),
	(617329735344594944,'124535354C34X','自强不息 厚德载物',0,'2022-10-28 10:20:56',0,'2022-10-28 10:20:56',b'0'),
	(617340809011798016,'124535354C34X','自强不息 厚德载物',0,'2022-10-28 11:04:56',0,'2022-10-28 11:04:56',b'0'),
	(617352744503615488,'124535354C34X','自强不息 厚德载物',0,'2022-10-28 11:52:22',0,'2022-10-28 11:52:22',b'0'),
	(617354932059643904,'124535354C34X','自强不息 厚德载物',0,'2022-10-28 12:01:04',0,'2022-10-28 12:01:04',b'0'),
	(617496509151371264,'124535354C34X','自强不息 厚德载物',0,'2022-10-28 21:23:38',0,'2022-10-28 21:23:38',b'0'),
	(617498996218454016,'124535354C34X','自强不息 厚德载物',0,'2022-10-28 21:33:31',0,'2022-10-28 21:33:31',b'0'),
	(617499175046799360,'124535354C34X','自强不息 厚德载物',0,'2022-10-28 21:34:14',0,'2022-10-28 21:34:14',b'0'),
	(617500560148586496,'124535354C34X','自强不息 厚德载物',0,'2022-10-28 21:39:44',0,'2022-10-28 21:39:44',b'0'),
	(617501393745534976,'124535354C34X','自强不息 厚德载物',0,'2022-10-28 21:43:03',0,'2022-10-28 21:43:03',b'0'),
	(617502088620072960,'124535354C34X','自强不息 厚德载物',0,'2022-10-28 21:45:48',0,'2022-10-28 21:45:48',b'0'),
	(617504270996135936,'124535354C34X','自强不息 厚德载物',0,'2022-10-28 21:54:29',0,'2022-10-28 21:54:29',b'0'),
	(617508966083256320,'124535354C34X','自强不息 厚德载物',0,'2022-10-28 22:13:08',0,'2022-10-28 22:13:08',b'0'),
	(617517713811759104,'124535354C34X','自强不息 厚德载物',0,'2022-10-28 22:47:54',0,'2022-10-28 22:47:54',b'0'),
	(617517937435271168,'124535354C34X','自强不息 厚德载物',0,'2022-10-28 22:48:47',0,'2022-10-28 22:48:47',b'0'),
	(617518790489595904,'124535354C34X','自强不息 厚德载物',0,'2022-10-28 22:52:10',0,'2022-10-28 22:52:10',b'0'),
	(617533920925376512,'124535354C34X','自强不息 厚德载物',0,'2022-10-28 23:52:18',0,'2022-10-28 23:52:18',b'0'),
	(617539169526407168,'124535354C34X','自强不息 厚德载物',0,'2022-10-29 00:13:09',0,'2022-10-29 00:13:09',b'0'),
	(617539898970398720,'124535354C34X','自强不息 厚德载物',0,'2022-10-29 00:16:03',0,'2022-10-29 00:16:03',b'0'),
	(617540366899535872,'124535354C34X','自强不息 厚德载物',0,'2022-10-29 00:17:55',0,'2022-10-29 00:17:55',b'0'),
	(617540674568511488,'124535354C34X','自强不息 厚德载物',0,'2022-10-29 00:19:08',0,'2022-10-29 00:19:08',b'0'),
	(617541057583964160,'124535354C34X','自强不息 厚德载物',0,'2022-10-29 00:20:39',0,'2022-10-29 00:20:39',b'0'),
	(617541502788362240,'124535354C34X','自强不息 厚德载物',0,'2022-10-29 00:22:25',0,'2022-10-29 00:22:25',b'0'),
	(617550624497786880,'124535354C34X','自强不息 厚德载物',0,'2022-10-29 00:58:40',0,'2022-10-29 00:58:40',b'0'),
	(617550975355510784,'124535354C34X','自强不息 厚德载物',0,'2022-10-29 01:00:04',0,'2022-10-29 01:00:04',b'0'),
	(617551180767354880,'124535354C34X','自强不息 厚德载物',0,'2022-10-29 01:00:53',0,'2022-10-29 01:00:53',b'0'),
	(617551385004793856,'124535354C34X','自强不息 厚德载物',0,'2022-10-29 01:01:42',0,'2022-10-29 01:01:42',b'0'),
	(617551637170544640,'124535354C34X','自强不息 厚德载物',0,'2022-10-29 01:02:42',0,'2022-10-29 01:02:42',b'0'),
	(617553044569251840,'124535354C34X','自强不息 厚德载物',0,'2022-10-29 01:08:17',0,'2022-10-29 01:08:17',b'0'),
	(617759015040114688,'124535354C34X','自强不息 厚德载物',0,'2022-10-29 14:46:44',0,'2022-10-29 14:46:44',b'0'),
	(617759558240231424,'124535354C34X','自强不息 厚德载物',0,'2022-10-29 14:48:54',0,'2022-10-29 14:48:54',b'0'),
	(617760108834906112,'124535354C34X','自强不息 厚德载物',0,'2022-10-29 14:51:05',0,'2022-10-29 14:51:05',b'0'),
	(617760596833787904,'124535354C34X','自强不息 厚德载物',0,'2022-10-29 14:53:02',0,'2022-10-29 14:53:02',b'0'),
	(617765998707269632,'124535354C34X','自强不息 厚德载物',0,'2022-10-29 15:14:29',0,'2022-10-29 15:14:29',b'0'),
	(617766530867978240,'124535354C34X','自强不息 厚德载物',0,'2022-10-29 15:16:36',0,'2022-10-29 15:16:36',b'0'),
	(617771756840738816,'124535354C34X','自强不息 厚德载物',0,'2022-10-29 15:37:22',0,'2022-10-29 15:37:22',b'0'),
	(617771976542576640,'124535354C34X','自强不息 厚德载物',0,'2022-10-29 15:38:15',0,'2022-10-29 15:38:15',b'0'),
	(617777157128773632,'124535354C34X','自强不息 厚德载物',0,'2022-10-29 15:58:50',0,'2022-10-29 15:58:50',b'0'),
	(617835471904628736,'124535354C34X','自强不息 厚德载物',0,'2022-10-29 19:50:33',0,'2022-10-29 19:50:33',b'0'),
	(617835879687446528,'124535354C34X','自强不息 厚德载物',0,'2022-10-29 19:52:10',0,'2022-10-29 19:52:10',b'0'),
	(617859245597188096,'124535354C34X','自强不息 厚德载物',0,'2022-10-29 21:25:01',0,'2022-10-29 21:25:01',b'0'),
	(617867236694220800,'124535354C34X','自强不息 厚德载物',0,'2022-10-29 21:56:46',0,'2022-10-29 21:56:46',b'0'),
	(617867403698823168,'124535354C34X','自强不息 厚德载物',0,'2022-10-29 21:57:26',0,'2022-10-29 21:57:26',b'0'),
	(617907902509932544,'124535354C34X','自强不息 厚德载物',0,'2022-10-30 00:38:22',0,'2022-10-30 00:38:22',b'0'),
	(619302906822320128,'124535354C34X','自强不息 厚德载物',0,'2022-11-02 21:01:37',0,'2022-11-02 21:01:37',b'0'),
	(619308538040344576,'124535354C34X','自强不息 厚德载物',0,'2022-11-02 21:23:59',0,'2022-11-02 21:23:59',b'0'),
	(619308929599594496,'124535354C34X','自强不息 厚德载物',0,'2022-11-02 21:25:33',0,'2022-11-02 21:25:33',b'0'),
	(619315179188051968,'124535354C34X','自强不息 厚德载物',0,'2022-11-02 21:50:23',0,'2022-11-02 21:50:23',b'0'),
	(619907490754076672,'124535354C34X','自强不息 厚德载物',0,'2022-11-04 13:04:01',0,'2022-11-04 13:04:01',b'0'),
	(622028856827764736,'124535354C34X','自强不息 厚德载物',0,'2022-11-10 09:33:34',0,'2022-11-10 09:33:34',b'0'),
	(622131290317185024,'124535354C34X','自强不息 厚德载物',0,'2022-11-10 16:20:36',0,'2022-11-10 16:20:36',b'0'),
	(626173811565293568,'124535354C34X','自强不息 厚德载物',0,'2022-11-21 20:04:08',0,'2022-11-21 20:04:08',b'0'),
	(627206588117045248,'124535354C34X','自强不息 厚德载物',0,'2022-11-24 16:28:01',0,'2022-11-24 16:28:01',b'0'),
	(627549158185652224,'124535354C34X','自强不息 厚德载物',0,'2022-11-25 15:09:16',0,'2022-11-25 15:09:16',b'0'),
	(627550889455931392,'124535354C34X','自强不息 厚德载物',0,'2022-11-25 15:16:09',0,'2022-11-25 15:16:09',b'0'),
	(627581000028803072,'124535354C34X','自强不息 厚德载物',0,'2022-11-25 17:15:48',0,'2022-11-25 17:15:48',b'0'),
	(627601748252446720,'124535354C34X','自强不息 厚德载物',0,'2022-11-25 18:38:15',0,'2022-11-25 18:38:15',b'0'),
	(627602767057276928,'124535354C34X','自强不息 厚德载物',0,'2022-11-25 18:42:18',0,'2022-11-25 18:42:18',b'0'),
	(627604473002348544,'124535354C34X','自强不息 厚德载物',0,'2022-11-25 18:49:05',0,'2022-11-25 18:49:05',b'0'),
	(659196328022142976,'124535354C34X','自强不息 厚德载物',0,'2023-02-20 23:03:50',0,'2023-02-20 23:03:50',b'0'),
	(659921217473507328,'124535354C34X','自强不息 厚德载物',0,'2023-02-22 23:04:17',0,'2023-02-22 23:04:17',b'0'),
	(660275243293622272,'124535354C34X','自强不息 厚德载物',0,'2023-02-23 22:31:03',0,'2023-02-23 22:31:03',b'0'),
	(660457839180922880,'124535354C34X','自强不息 厚德载物',0,'2023-02-24 10:36:37',0,'2023-02-24 10:36:37',b'0'),
	(660617697997897728,'124535354C34X','自强不息 厚德载物',0,'2023-02-24 21:11:51',0,'2023-02-24 21:11:51',b'0'),
	(663184006707163136,'124535354C34X','自强不息 厚德载物',0,'2023-03-03 23:09:26',0,'2023-03-03 23:09:26',b'0'),
	(664155754076319744,'124535354C34X','自强不息 厚德载物',0,'2023-03-06 15:30:49',0,'2023-03-06 15:30:49',b'0'),
	(664178790884192256,'124535354C34X','自强不息 厚德载物',0,'2023-03-06 17:02:21',0,'2023-03-06 17:02:21',b'0'),
	(664187110760132608,'124535354C34X','自强不息 厚德载物',0,'2023-03-06 17:35:25',0,'2023-03-06 17:35:25',b'0'),
	(664190409567645696,'124535354C34X','自强不息 厚德载物',0,'2023-03-06 17:48:32',0,'2023-03-06 17:48:32',b'0'),
	(664191355139928064,'124535354C34X','自强不息 厚德载物',0,'2023-03-06 17:52:17',0,'2023-03-06 17:52:17',b'0'),
	(664191550330253312,'124535354C34X','自强不息 厚德载物',0,'2023-03-06 17:53:03',0,'2023-03-06 17:53:03',b'0'),
	(664268079563288576,'124535354C34X','自强不息 厚德载物',0,'2023-03-06 22:57:09',0,'2023-03-06 22:57:09',b'0'),
	(664988576072663040,'124535354C34X','自强不息 厚德载物',0,'2023-03-08 22:40:09',0,'2023-03-08 22:40:09',b'0'),
	(664989082761363456,'124535354C34X','自强不息 厚德载物',0,'2023-03-08 22:42:10',0,'2023-03-08 22:42:10',b'0'),
	(665284806644363264,'124535354C34X','自强不息 厚德载物',0,'2023-03-09 18:17:16',0,'2023-03-09 18:17:16',b'0'),
	(665291335825125376,'124535354C34X','自强不息 厚德载物',0,'2023-03-09 18:43:13',0,'2023-03-09 18:43:13',b'0'),
	(665298008765657088,'124535354C34X','自强不息 厚德载物',0,'2023-03-09 19:09:44',0,'2023-03-09 19:09:44',b'0'),
	(665307276155842560,'124535354C34X','自强不息 厚德载物',0,'2023-03-09 19:46:33',0,'2023-03-09 19:46:33',b'0'),
	(665308638906183680,'124535354C34X','自强不息 厚德载物',0,'2023-03-09 19:51:58',0,'2023-03-09 19:51:58',b'0'),
	(665341528524222464,'124535354C34X','自强不息 厚德载物',0,'2023-03-09 22:02:40',0,'2023-03-09 22:02:40',b'0'),
	(665343868882939904,'124535354C34X','自强不息 厚德载物',0,'2023-03-09 22:11:58',0,'2023-03-09 22:11:58',b'0'),
	(665357294707437568,'124535354C34X','自强不息 厚德载物',0,'2023-03-09 23:05:19',0,'2023-03-09 23:05:19',b'0'),
	(665359706780364800,'124535354C34X','自强不息 厚德载物',0,'2023-03-09 23:14:54',0,'2023-03-09 23:14:54',b'0'),
	(665360715397230592,'124535354C34X','自强不息 厚德载物',0,'2023-03-09 23:18:54',0,'2023-03-09 23:18:54',b'0'),
	(665362158409773056,'124535354C34X','自强不息 厚德载物',0,'2023-03-09 23:24:38',0,'2023-03-09 23:24:38',b'0'),
	(665363114333597696,'124535354C34X','自强不息 厚德载物',0,'2023-03-09 23:28:26',0,'2023-03-09 23:28:26',b'0'),
	(665364349665177600,'124535354C34X','自强不息 厚德载物',0,'2023-03-09 23:33:21',0,'2023-03-09 23:33:21',b'0'),
	(665368050282819584,'124535354C34X','自强不息 厚德载物',0,'2023-03-09 23:48:03',0,'2023-03-09 23:48:03',b'0'),
	(665369434331836416,'124535354C34X','自强不息 厚德载物',0,'2023-03-09 23:53:33',0,'2023-03-09 23:53:33',b'0'),
	(665370865180897280,'124535354C34X','自强不息 厚德载物',0,'2023-03-09 23:59:14',0,'2023-03-09 23:59:14',b'0'),
	(665373353753735168,'124535354C34X','自强不息 厚德载物',0,'2023-03-10 00:09:07',0,'2023-03-10 00:09:07',b'0'),
	(665384562708213760,'124535354C34X','自强不息 厚德载物',0,'2023-03-10 00:53:40',0,'2023-03-10 00:53:40',b'0'),
	(665385251945607168,'124535354C34X','自强不息 厚德载物',0,'2023-03-10 00:56:24',0,'2023-03-10 00:56:24',b'0'),
	(665390281142595584,'124535354C34X','自强不息 厚德载物',0,'2023-03-10 01:16:23',0,'2023-03-10 01:16:23',b'0'),
	(665506583421153280,'124535354C34X','自强不息 厚德载物',0,'2023-03-10 08:58:32',0,'2023-03-10 08:58:32',b'0'),
	(665507847190114304,'124535354C34X','自强不息 厚德载物',0,'2023-03-10 09:03:33',0,'2023-03-10 09:03:33',b'0'),
	(665531028940550144,'124535354C34X','自强不息 厚德载物',0,'2023-03-10 10:35:40',0,'2023-03-10 10:35:40',b'0'),
	(665532542358679552,'124535354C34X','自强不息 厚德载物',0,'2023-03-10 10:41:41',0,'2023-03-10 10:41:41',b'0'),
	(665533090306748416,'124535354C34X','自强不息 厚德载物',0,'2023-03-10 10:43:52',0,'2023-03-10 10:43:52',b'0'),
	(665533219105435648,'124535354C34X','自强不息 厚德载物',0,'2023-03-10 10:44:22',0,'2023-03-10 10:44:22',b'0'),
	(665533409023520768,'124535354C34X','自强不息 厚德载物',0,'2023-03-10 10:45:08',0,'2023-03-10 10:45:08',b'0'),
	(665533554528120832,'124535354C34X','自强不息 厚德载物',0,'2023-03-10 10:45:42',0,'2023-03-10 10:45:42',b'0'),
	(665534667369246720,'124535354C34X','自强不息 厚德载物',0,'2023-03-10 10:50:08',0,'2023-03-10 10:50:08',b'0'),
	(665535010740137984,'124535354C34X','自强不息 厚德载物',0,'2023-03-10 10:51:29',0,'2023-03-10 10:51:29',b'0'),
	(665535356501782528,'124535354C34X','自强不息 厚德载物',0,'2023-03-10 10:52:52',0,'2023-03-10 10:52:52',b'0'),
	(665536414548520960,'124535354C34X','自强不息 厚德载物',0,'2023-03-10 10:57:04',0,'2023-03-10 10:57:04',b'0'),
	(665538814864814080,'124535354C34X','自强不息 厚德载物',0,'2023-03-10 11:06:36',0,'2023-03-10 11:06:36',b'0'),
	(665551746260561920,'124535354C34X','自强不息 厚德载物',0,'2023-03-10 11:57:59',0,'2023-03-10 11:57:59',b'0'),
	(665552239217111040,'124535354C34X','自强不息 厚德载物',0,'2023-03-10 11:59:57',0,'2023-03-10 11:59:57',b'0'),
	(665555125909090304,'124535354C34X','自强不息 厚德载物',0,'2023-03-10 12:11:25',0,'2023-03-10 12:11:25',b'0'),
	(665558229345923072,'124535354C34X','自强不息 厚德载物',0,'2023-03-10 12:23:45',0,'2023-03-10 12:23:45',b'0'),
	(665561511275556864,'124535354C34X','自强不息 厚德载物',0,'2023-03-10 12:36:48',0,'2023-03-10 12:36:48',b'0'),
	(665561816427950080,'124535354C34X','自强不息 厚德载物',0,'2023-03-10 12:38:00',0,'2023-03-10 12:38:00',b'0'),
	(665562708216672256,'124535354C34X','自强不息 厚德载物',0,'2023-03-10 12:41:33',0,'2023-03-10 12:41:33',b'0'),
	(665578036841705472,'124535354C34X','自强不息 厚德载物',0,'2023-03-10 13:42:28',0,'2023-03-10 13:42:28',b'0'),
	(665578229280567296,'124535354C34X','自强不息 厚德载物',0,'2023-03-10 13:43:14',0,'2023-03-10 13:43:14',b'0'),
	(665579103390298112,'124535354C34X','自强不息 厚德载物',0,'2023-03-10 13:46:42',0,'2023-03-10 13:46:42',b'0'),
	(665582011779411968,'124535354C34X','自强不息 厚德载物',0,'2023-03-10 13:58:15',0,'2023-03-10 13:58:15',b'0'),
	(665591366323040256,'124535354C34X','自强不息 厚德载物',0,'2023-03-10 14:35:26',0,'2023-03-10 14:35:26',b'0'),
	(665664282427420672,'124535354C34X','自强不息 厚德载物',0,'2023-03-10 19:25:10',0,'2023-03-10 19:25:10',b'0'),
	(665668588601896960,'124535354C34X','自强不息 厚德载物',0,'2023-03-10 19:42:17',0,'2023-03-10 19:42:17',b'0'),
	(665670083032412160,'124535354C34X','自强不息 厚德载物',0,'2023-03-10 19:48:13',0,'2023-03-10 19:48:13',b'0'),
	(665671451604447232,'124535354C34X','自强不息 厚德载物',0,'2023-03-10 19:53:39',0,'2023-03-10 19:53:39',b'0'),
	(665673862364557312,'124535354C34X','自强不息 厚德载物',0,'2023-03-10 20:03:14',0,'2023-03-10 20:03:14',b'0'),
	(665675970086203392,'124535354C34X','自强不息 厚德载物',0,'2023-03-10 20:11:37',0,'2023-03-10 20:11:37',b'0'),
	(665677967493459968,'124535354C34X','自强不息 厚德载物',0,'2023-03-10 20:19:33',0,'2023-03-10 20:19:33',b'0'),
	(665689622721884160,'124535354C34X','自强不息 厚德载物',0,'2023-03-10 21:05:52',0,'2023-03-10 21:05:52',b'0'),
	(665726154652545024,'124535354C34X','自强不息 厚德载物',0,'2023-03-10 23:31:02',0,'2023-03-10 23:31:02',b'0'),
	(665731917840150528,'124535354C34X','自强不息 厚德载物',0,'2023-03-10 23:53:56',0,'2023-03-10 23:53:56',b'0'),
	(665733022355582976,'124535354C34X','自强不息 厚德载物',0,'2023-03-10 23:58:19',0,'2023-03-10 23:58:19',b'0'),
	(666031607274041344,'124535354C34X','自强不息 厚德载物',0,'2023-03-11 19:44:47',0,'2023-03-11 19:44:47',b'0'),
	(666036511082311680,'124535354C34X','自强不息 厚德载物',0,'2023-03-11 20:04:16',0,'2023-03-11 20:04:16',b'0'),
	(666637238397865984,'124535354C34X','自强不息 厚德载物',0,'2023-03-13 11:51:21',0,'2023-03-13 11:51:21',b'0'),
	(666643807516790784,'124535354C34X','自强不息 厚德载物',0,'2023-03-13 12:17:27',0,'2023-03-13 12:17:27',b'0'),
	(666693287943376896,'124535354C34X','自强不息 厚德载物',0,'2023-03-13 15:34:04',0,'2023-03-13 15:34:04',b'0'),
	(666788399604076544,'124535354C34X','自强不息 厚德载物',0,'2023-03-13 21:52:01',0,'2023-03-13 21:52:01',b'0'),
	(666800820649496576,'124535354C34X','自强不息 厚德载物',0,'2023-03-13 22:41:22',0,'2023-03-13 22:41:22',b'0'),
	(666801990059200512,'124535354C34X','自强不息 厚德载物',0,'2023-03-13 22:46:01',0,'2023-03-13 22:46:01',b'0'),
	(666810782071164928,'124535354C34X','自强不息 厚德载物',0,'2023-03-13 23:20:57',0,'2023-03-13 23:20:57',b'0'),
	(666816493371035648,'124535354C34X','自强不息 厚德载物',0,'2023-03-13 23:43:39',0,'2023-03-13 23:43:39',b'0'),
	(666817114929139712,'124535354C34X','自强不息 厚德载物',0,'2023-03-13 23:46:07',0,'2023-03-13 23:46:07',b'0'),
	(667040190824476672,'124535354C34X','自强不息 厚德载物',0,'2023-03-14 14:32:32',0,'2023-03-14 14:32:32',b'0'),
	(667042389273112576,'124535354C34X','自强不息 厚德载物',0,'2023-03-14 14:41:16',0,'2023-03-14 14:41:16',b'0'),
	(667043213479014400,'124535354C34X','自强不息 厚德载物',0,'2023-03-14 14:44:33',0,'2023-03-14 14:44:33',b'0'),
	(667043492542836736,'124535354C34X','自强不息 厚德载物',0,'2023-03-14 14:45:40',0,'2023-03-14 14:45:40',b'0'),
	(667043613930188800,'124535354C34X','自强不息 厚德载物',0,'2023-03-14 14:46:08',0,'2023-03-14 14:46:08',b'0'),
	(667045659366420480,'124535354C34X','自强不息 厚德载物',0,'2023-03-14 14:54:16',0,'2023-03-14 14:54:16',b'0'),
	(667046084777897984,'124535354C34X','自强不息 厚德载物',0,'2023-03-14 14:55:58',0,'2023-03-14 14:55:58',b'0'),
	(667046317482078208,'124535354C34X','自强不息 厚德载物',0,'2023-03-14 14:56:53',0,'2023-03-14 14:56:53',b'0'),
	(667057258173067264,'124535354C34X','自强不息 厚德载物',0,'2023-03-14 15:40:21',0,'2023-03-14 15:40:21',b'0'),
	(667112088681869312,'124535354C34X','自强不息 厚德载物',0,'2023-03-14 19:18:14',0,'2023-03-14 19:18:14',b'0'),
	(667112600500203520,'124535354C34X','自强不息 厚德载物',0,'2023-03-14 19:20:16',0,'2023-03-14 19:20:16',b'0'),
	(667113225833181184,'124535354C34X','自强不息 厚德载物',0,'2023-03-14 19:22:45',0,'2023-03-14 19:22:45',b'0'),
	(667113346742382592,'124535354C34X','自强不息 厚德载物',0,'2023-03-14 19:23:14',0,'2023-03-14 19:23:14',b'0'),
	(667113487629053952,'124535354C34X','自强不息 厚德载物',0,'2023-03-14 19:23:48',0,'2023-03-14 19:23:48',b'0'),
	(667195371243466752,'124535354C34X','自强不息 厚德载物',0,'2023-03-15 00:49:10',0,'2023-03-15 00:49:10',b'0'),
	(667228123976200192,'124535354C34X','自强不息 厚德载物',0,'2023-03-15 02:59:19',0,'2023-03-15 02:59:19',b'0'),
	(667440659854028800,'124535354C34X','自强不息 厚德载物',0,'2023-03-15 17:03:52',0,'2023-03-15 17:03:52',b'0'),
	(667473123561467904,'124535354C34X','自强不息 厚德载物',0,'2023-03-15 19:12:52',0,'2023-03-15 19:12:52',b'0'),
	(667477278715834368,'124535354C34X','自强不息 厚德载物',0,'2023-03-15 19:29:22',0,'2023-03-15 19:29:22',b'0'),
	(667684130368061440,'124535354C34X','自强不息 厚德载物',0,'2023-03-16 09:11:19',0,'2023-03-16 09:11:19',b'0'),
	(667700916761198592,'124535354C34X','自强不息 厚德载物',0,'2023-03-16 10:18:02',0,'2023-03-16 10:18:02',b'0'),
	(667718807661379584,'124535354C34X','自强不息 厚德载物',0,'2023-03-16 11:29:07',0,'2023-03-16 11:29:07',b'0'),
	(667743899892121600,'124535354C34X','自强不息 厚德载物',0,'2023-03-16 13:08:50',0,'2023-03-16 13:08:50',b'0'),
	(667744634306363392,'124535354C34X','自强不息 厚德载物',0,'2023-03-16 13:11:45',0,'2023-03-16 13:11:45',b'0'),
	(667744977442373632,'124535354C34X','自强不息 厚德载物',0,'2023-03-16 13:13:07',0,'2023-03-16 13:13:07',b'0'),
	(667751927236329472,'124535354C34X','自强不息 厚德载物',0,'2023-03-16 13:40:43',0,'2023-03-16 13:40:43',b'0'),
	(667766288579362816,'124535354C34X','自强不息 厚德载物',0,'2023-03-16 14:37:48',0,'2023-03-16 14:37:48',b'0'),
	(670488904662564864,'124535354C34X','自强不息 厚德载物',0,'2023-03-24 02:56:30',0,'2023-03-24 02:56:30',b'0'),
	(670596405110292480,'124535354C34X','自强不息 厚德载物',0,'2023-03-24 10:03:40',0,'2023-03-24 10:03:40',b'0'),
	(670599882725179392,'124535354C34X','自强不息 厚德载物',0,'2023-03-24 10:17:29',0,'2023-03-24 10:17:29',b'0'),
	(670600223097143296,'124535354C34X','自强不息 厚德载物',0,'2023-03-24 10:18:50',0,'2023-03-24 10:18:50',b'0'),
	(670600354538242048,'124535354C34X','自强不息 厚德载物',0,'2023-03-24 10:19:21',0,'2023-03-24 10:19:21',b'0'),
	(670600690099339264,'124535354C34X','自强不息 厚德载物',0,'2023-03-24 10:20:41',0,'2023-03-24 10:20:41',b'0'),
	(670601639794622464,'124535354C34X','自强不息 厚德载物',0,'2023-03-24 10:24:28',0,'2023-03-24 10:24:28',b'0'),
	(670610104868978688,'124535354C34X','自强不息 厚德载物',0,'2023-03-24 10:58:06',0,'2023-03-24 10:58:06',b'0'),
	(670613243982561280,'124535354C34X','自强不息 厚德载物',0,'2023-03-24 11:10:35',0,'2023-03-24 11:10:35',b'0'),
	(670613618894618624,'124535354C34X','自强不息 厚德载物',0,'2023-03-24 11:12:04',0,'2023-03-24 11:12:04',b'0'),
	(670620512413597696,'124535354C34X','自强不息 厚德载物',0,'2023-03-24 11:39:27',0,'2023-03-24 11:39:27',b'0'),
	(671154150871973888,'124535354C34X','自强不息 厚德载物',0,'2023-03-25 22:59:57',0,'2023-03-25 22:59:57',b'0'),
	(671530411486134272,'124535354C34X','自强不息 厚德载物',0,'2023-03-26 23:55:04',0,'2023-03-26 23:55:04',b'0'),
	(671545901365379072,'124535354C34X','自强不息 厚德载物',0,'2023-03-27 00:56:37',0,'2023-03-27 00:56:37',b'0'),
	(671741056362004480,'124535354C34X','自强不息 厚德载物',0,'2023-03-27 13:52:06',0,'2023-03-27 13:52:06',b'0'),
	(672163054359724032,'124535354C34X','自强不息 厚德载物',0,'2023-03-28 17:48:58',0,'2023-03-28 17:48:58',b'0'),
	(672213022277681152,'124535354C34X','自强不息 厚德载物',0,'2023-03-28 21:07:31',0,'2023-03-28 21:07:31',b'0'),
	(681911659081527296,'124535354C34X','自强不息 厚德载物',0,'2023-04-24 15:26:27',0,'2023-04-24 15:26:27',b'0'),
	(681916740296273920,'124535354C34X','自强不息 厚德载物',0,'2023-04-24 15:46:38',0,'2023-04-24 15:46:38',b'0'),
	(681917480985194496,'124535354C34X','自强不息 厚德载物',0,'2023-04-24 15:49:35',0,'2023-04-24 15:49:35',b'0'),
	(681966732293730304,'124535354C34X','自强不息 厚德载物',0,'2023-04-24 19:05:17',0,'2023-04-24 19:05:17',b'0'),
	(682371245399896064,'124535354C34X','自强不息 厚德载物',0,'2023-04-25 21:52:41',0,'2023-04-25 21:52:41',b'0'),
	(688447942092156928,'124535354C34X','自强不息 厚德载物',0,'2023-05-12 16:19:18',0,'2023-05-12 16:19:18',b'0'),
	(688448700686561280,'124535354C34X','自强不息 厚德载物',0,'2023-05-12 16:22:19',0,'2023-05-12 16:22:19',b'0'),
	(688450938041561088,'124535354C34X','自强不息 厚德载物',0,'2023-05-12 16:31:12',0,'2023-05-12 16:31:12',b'0'),
	(688460011222888448,'124535354C34X','自强不息 厚德载物',0,'2023-05-12 17:07:15',0,'2023-05-12 17:07:15',b'0'),
	(688957535004135424,'124535354C34X','自强不息 厚德载物',0,'2023-05-14 02:04:14',0,'2023-05-14 02:04:14',b'0'),
	(688960463731429376,'124535354C34X','自强不息 厚德载物',0,'2023-05-14 02:15:53',0,'2023-05-14 02:15:53',b'0'),
	(688968438529396736,'124535354C34X','自强不息 厚德载物',NULL,'2023-05-14 02:47:34',NULL,'2023-05-14 02:47:34',b'0'),
	(688968811822452736,'124535354C34X','自强不息 厚德载物',NULL,'2023-05-14 02:49:03',NULL,'2023-05-14 02:49:03',b'0'),
	(688969593309368320,'124535354C34X','自强不息 厚德载物',0,'2023-05-14 02:52:09',0,'2023-05-14 02:52:09',b'0'),
	(688975786891284480,'124535354C34X','自强不息 厚德载物',0,'2023-05-14 03:16:46',0,'2023-05-14 03:16:46',b'0'),
	(689548014804537344,'124535354C34X','自强不息 厚德载物',0,'2023-05-15 17:10:36',0,'2023-05-15 17:10:36',b'0'),
	(689559275197960192,'124535354C34X','自强不息 厚德载物',0,'2023-05-15 17:55:20',0,'2023-05-15 17:55:20',b'0'),
	(689582000717172736,'124535354C34X','自强不息 厚德载物',0,'2023-05-15 19:25:39',0,'2023-05-15 19:25:39',b'0'),
	(689586460688388096,'124535354C34X','自强不息 厚德载物',0,'2023-05-15 19:43:22',0,'2023-05-15 19:43:22',b'0'),
	(689639124071641088,'124535354C34X','自强不息 厚德载物',0,'2023-05-15 23:12:38',0,'2023-05-15 23:12:38',b'0'),
	(695366930239897600,'124535354C34X','自强不息 厚德载物',0,'2023-05-31 18:32:53',0,'2023-05-31 18:32:53',b'0'),
	(695439135405555712,'124535354C34X','自强不息 厚德载物',0,'2023-05-31 23:19:48',0,'2023-05-31 23:19:48',b'0'),
	(695440113471111168,'124535354C34X','自强不息 厚德载物',0,'2023-05-31 23:23:42',0,'2023-05-31 23:23:42',b'0'),
	(695440284091203584,'124535354C34X','自强不息 厚德载物',0,'2023-05-31 23:24:22',0,'2023-05-31 23:24:22',b'0'),
	(695440823176708096,'124535354C34X','自强不息 厚德载物',0,'2023-05-31 23:26:31',0,'2023-05-31 23:26:31',b'0'),
	(695441144456200192,'124535354C34X','自强不息 厚德载物',0,'2023-05-31 23:27:47',0,'2023-05-31 23:27:47',b'0'),
	(695441383242121216,'124535354C34X','自强不息 厚德载物',0,'2023-05-31 23:28:44',0,'2023-05-31 23:28:44',b'0'),
	(695441907932774400,'124535354C34X','自强不息 厚德载物',0,'2023-05-31 23:30:49',0,'2023-05-31 23:30:49',b'0'),
	(695790152231976960,'124535354C34X','自强不息 厚德载物',0,'2023-06-01 22:34:37',0,'2023-06-01 22:34:37',b'0'),
	(696077629131853824,'124535354C34X','自强不息 厚德载物',0,'2023-06-02 17:36:57',0,'2023-06-02 17:36:57',b'0'),
	(699097441080737792,'124535354C34X','自强不息 厚德载物',0,'2023-06-11 01:36:36',0,'2023-06-11 01:36:36',b'0'),
	(699098253911687168,'124535354C34X','自强不息 厚德载物',0,'2023-06-11 01:39:50',0,'2023-06-11 01:39:50',b'0'),
	(699098480785784832,'124535354C34X','自强不息 厚德载物',0,'2023-06-11 01:40:44',0,'2023-06-11 01:40:44',b'0'),
	(699098851629367296,'124535354C34X','自强不息 厚德载物',0,'2023-06-11 01:42:13',0,'2023-06-11 01:42:13',b'0'),
	(699959118298906624,'124535354C34X','自强不息 厚德载物',0,'2023-06-13 10:40:36',0,'2023-06-13 10:40:36',b'0'),
	(705488386638503936,'124535354C34X','自强不息 厚德载物',0,'2023-06-28 16:51:57',0,'2023-06-28 16:51:57',b'0'),
	(706177192144441344,'124535354C34X','自强不息 厚德载物',0,'2023-06-30 14:29:01',0,'2023-06-30 14:29:01',b'0'),
	(706178256948203520,'124535354C34X','自强不息 厚德载物',0,'2023-06-30 14:33:14',0,'2023-06-30 14:33:14',b'0'),
	(706193871440220160,'124535354C34X','自强不息 厚德载物',0,'2023-06-30 15:35:17',0,'2023-06-30 15:35:17',b'0'),
	(706224233885241344,'124535354C34X','自强不息 厚德载物',0,'2023-06-30 17:35:56',0,'2023-06-30 17:35:56',b'0'),
	(706399744439652352,'124535354C34X','自强不息 厚德载物',0,'2023-07-01 05:13:21',0,'2023-07-01 05:13:21',b'0'),
	(706552994694467584,'124535354C34X','自强不息 厚德载物',0,'2023-07-01 15:22:19',0,'2023-07-01 15:22:19',b'0'),
	(706554873914626048,'124535354C34X','自强不息 厚德载物',0,'2023-07-01 15:29:47',0,'2023-07-01 15:29:47',b'0'),
	(707296670387310592,'124535354C34X','自强不息 厚德载物',0,'2023-07-03 16:37:25',0,'2023-07-03 16:37:25',b'0'),
	(707297485659344896,'124535354C34X','自强不息 厚德载物',0,'2023-07-03 16:40:39',0,'2023-07-03 16:40:39',b'0'),
	(707297847292235776,'124535354C34X','自强不息 厚德载物',0,'2023-07-03 16:42:06',0,'2023-07-03 16:42:06',b'0'),
	(707378788832415744,'124535354C34X','自强不息 厚德载物',0,'2023-07-03 22:03:44',0,'2023-07-03 22:03:44',b'0'),
	(707379005107507200,'124535354C34X','自强不息 厚德载物',0,'2023-07-03 22:04:35',0,'2023-07-03 22:04:35',b'0'),
	(707379144664584192,'124535354C34X','自强不息 厚德载物',0,'2023-07-03 22:05:08',0,'2023-07-03 22:05:08',b'0'),
	(707586227888492544,'124535354C34X','自强不息 厚德载物',0,'2023-07-04 11:48:01',0,'2023-07-04 11:48:01',b'0'),
	(708015854507298816,'124535354C34X','自强不息 厚德载物',0,'2023-07-05 16:15:12',0,'2023-07-05 16:15:12',b'0'),
	(708016782123765760,'124535354C34X','自强不息 厚德载物',0,'2023-07-05 16:18:53',0,'2023-07-05 16:18:53',b'0'),
	(708085358641844224,'124535354C34X','自强不息 厚德载物',0,'2023-07-05 20:51:23',0,'2023-07-05 20:51:23',b'0'),
	(708828120756523008,'124535354C34X','自强不息 厚德载物',0,'2023-07-07 22:02:51',0,'2023-07-07 22:02:51',b'0'),
	(708829273330290688,'124535354C34X','自强不息 厚德载物',0,'2023-07-07 22:07:26',0,'2023-07-07 22:07:26',b'0'),
	(708882177999269888,'124535354C34X','自强不息 厚德载物',0,'2023-07-08 01:37:39',0,'2023-07-08 01:37:39',b'0'),
	(708883600686215168,'124535354C34X','自强不息 厚德载物',0,'2023-07-08 01:43:19',0,'2023-07-08 01:43:19',b'0'),
	(708883908237750272,'124535354C34X','自强不息 厚德载物',0,'2023-07-08 01:44:32',0,'2023-07-08 01:44:32',b'0'),
	(710570752713166848,'124535354C34X','自强不息 厚德载物',0,'2023-07-12 17:27:27',0,'2023-07-12 17:27:27',b'0'),
	(711293558245560320,'124535354C34X','自强不息 厚德载物',0,'2023-07-14 17:19:37',0,'2023-07-14 17:19:37',b'0'),
	(711296950854488064,'124535354C34X','自强不息 厚德载物',0,'2023-07-14 17:33:06',0,'2023-07-14 17:33:06',b'0'),
	(712508002300596224,'124535354C34X','自强不息 厚德载物',0,'2023-07-18 01:45:23',0,'2023-07-18 01:45:23',b'0'),
	(715398487486783488,'124535354C34X','自强不息 厚德载物',0,'2023-07-26 01:11:09',0,'2023-07-26 01:11:09',b'0'),
	(716076939835629568,'124535354C34X','自强不息 厚德载物',0,'2023-07-27 22:07:04',0,'2023-07-27 22:07:04',b'0'),
	(716106641883291648,'124535354C34X','自强不息 厚德载物',0,'2023-07-28 00:05:06',0,'2023-07-28 00:05:06',b'0'),
	(716119625787531264,'124535354C34X','自强不息 厚德载物',0,'2023-07-28 00:56:41',0,'2023-07-28 00:56:41',b'0'),
	(716123444239949824,'124535354C34X','自强不息 厚德载物',0,'2023-07-28 01:11:52',0,'2023-07-28 01:11:52',b'0'),
	(716127356795772928,'124535354C34X','自强不息 厚德载物',0,'2023-07-28 01:27:25',0,'2023-07-28 01:27:25',b'0'),
	(716133633412325376,'124535354C34X','自强不息 厚德载物',0,'2023-07-28 01:52:21',0,'2023-07-28 01:52:21',b'0'),
	(716146033045823488,'124535354C34X','自强不息 厚德载物',0,'2023-07-28 02:41:37',0,'2023-07-28 02:41:37',b'0'),
	(716788772561248256,'124535354C34X','自强不息 厚德载物',0,'2023-07-29 21:15:38',0,'2023-07-29 21:15:38',b'0'),
	(717757261761482752,'124535354C34X','自强不息 厚德载物',0,'2023-08-01 13:24:04',0,'2023-08-01 13:24:04',b'0'),
	(717759064758554624,'124535354C34X','自强不息 厚德载物',0,'2023-08-01 13:31:14',0,'2023-08-01 13:31:14',b'0'),
	(718652999211175936,'124535354C34X','自强不息 厚德载物',0,'2023-08-04 00:43:25',0,'2023-08-04 00:43:25',b'0'),
	(718653523885051904,'124535354C34X','自强不息 厚德载物',0,'2023-08-04 00:45:30',0,'2023-08-04 00:45:30',b'0'),
	(721395143734726656,'124535354C34X','自强不息 厚德载物',0,'2023-08-11 14:19:43',0,'2023-08-11 14:19:43',b'0'),
	(723281752281333760,'124535354C34X','自强不息 厚德载物',0,'2023-08-16 19:16:25',0,'2023-08-16 19:16:25',b'0'),
	(729133043977035776,'124535354C34X','自强不息 厚德载物',0,'2023-09-01 22:47:22',0,'2023-09-01 22:47:22',b'0'),
	(729559403845390336,'124535354C34X','自强不息 厚德载物',0,'2023-09-03 03:01:34',0,'2023-09-03 03:01:34',b'0'),
	(736413907945537536,'124535354C34X','自强不息 厚德载物',0,'2023-09-22 00:58:55',0,'2023-09-22 00:58:55',b'0'),
	(736415254803660800,'124535354C34X','自强不息 厚德载物',0,'2023-09-22 01:04:16',0,'2023-09-22 01:04:16',b'0'),
	(736416074752344064,'124535354C34X','自强不息 厚德载物',0,'2023-09-22 01:07:32',0,'2023-09-22 01:07:32',b'0'),
	(736418376317943808,'124535354C34X','自强不息 厚德载物',0,'2023-09-22 01:16:41',0,'2023-09-22 01:16:41',b'0'),
	(736418712613044224,'124535354C34X','自强不息 厚德载物',0,'2023-09-22 01:18:01',0,'2023-09-22 01:18:01',b'0'),
	(784652315662487552,'124535354C34X','自强不息 厚德载物',0,'2024-02-02 03:41:08',0,'2024-02-02 03:41:08',b'0'),
	(784653805181472768,'124535354C34X','自强不息 厚德载物',0,'2024-02-02 03:47:03',0,'2024-02-02 03:47:03',b'0');

/*!40000 ALTER TABLE `t_school_license` ENABLE KEYS */;
UNLOCK TABLES;


# Dump of table t_school_student
# ------------------------------------------------------------

CREATE TABLE `t_school_student` (
  `id` bigint NOT NULL COMMENT '主键',
  `name` varchar(32) DEFAULT NULL COMMENT '姓名',
  `grade` int DEFAULT NULL COMMENT '年级',
  `sex` varchar(16) DEFAULT NULL COMMENT '性别',
  `school_id` bigint DEFAULT NULL,
  `create_by` bigint DEFAULT NULL,
  `create_time` datetime DEFAULT NULL,
  `update_by` bigint DEFAULT NULL,
  `update_time` datetime DEFAULT NULL,
  `is_deleted` bit(1) DEFAULT NULL,
  PRIMARY KEY (`id`),
  KEY `t_school_student_t_school_id_fk` (`school_id`)
) ENGINE=InnoDB DEFAULT CHARSET=utf8mb4 COLLATE=utf8mb4_0900_ai_ci COMMENT='学生';

LOCK TABLES `t_school_student` WRITE;
/*!40000 ALTER TABLE `t_school_student` DISABLE KEYS */;

INSERT INTO `t_school_student` (`id`, `name`, `grade`, `sex`, `school_id`, `create_by`, `create_time`, `update_by`, `update_time`, `is_deleted`)
VALUES
	(552173736246304768,'Rick.Xu',1,'0',552173736070144000,0,'2022-05-01 15:14:15',0,'2022-05-01 15:14:15',b'0'),
	(552173736246304769,'Ashley.Luo',1,'0',552173736070144000,0,'2022-05-01 15:14:15',0,'2022-05-01 15:14:15',b'0'),
	(552181593758949376,'Rick.Xu',1,'0',552181593272410112,0,'2022-05-01 15:45:29',0,'2022-05-01 15:45:29',b'0'),
	(552190661777088512,'Rick.Xu',1,'0',552190661475098624,0,'2022-05-01 16:21:31',0,'2022-05-01 16:21:31',b'0'),
	(552209760452272128,'Rick.Xu',1,'0',552209760301277184,0,'2022-05-01 17:37:24',0,'2022-05-01 17:37:24',b'0'),
	(552215222501433344,'Rick.Xu',1,'0',552215222295912448,0,'2022-05-01 17:59:07',0,'2022-05-01 17:59:07',b'0'),
	(552257373910261760,'Rick.Xu',1,'0',552257373503414272,0,'2022-05-01 20:46:36',0,'2022-05-01 20:46:36',b'0'),
	(552257638298214400,'Rick.Xu',1,'0',552257637878784000,0,'2022-05-01 20:47:39',0,'2022-05-01 20:47:39',b'0'),
	(552259812709294080,'Rick.Xu',1,'0',552259812554104832,0,'2022-05-01 20:56:18',0,'2022-05-01 20:56:18',b'0'),
	(554013078195462144,'Rick.Xu',1,'0',554013078023495680,0,'2022-05-06 17:03:09',0,'2022-05-06 17:03:09',b'0'),
	(554016042616283136,'Rick.Xu',1,'0',554016042414956544,0,'2022-05-06 17:14:55',0,'2022-05-06 17:14:55',b'0'),
	(554016445726646272,'Rick.Xu',1,'0',554016445240107008,0,'2022-05-06 17:16:32',0,'2022-05-06 17:16:32',b'0'),
	(554016914356232192,'Rick.Xu',1,'0',554016914201042944,0,'2022-05-06 17:18:23',0,'2022-05-06 17:18:23',b'0'),
	(554056065856233472,'Rick.Xu',1,'0',554056065680072704,0,'2022-05-06 19:53:58',0,'2022-05-06 19:53:58',b'0'),
	(554064101668741120,'Rick.Xu',1,'0',554064101417082880,0,'2022-05-06 20:25:54',0,'2022-05-06 20:25:54',b'0'),
	(556602159064604672,'Rick.Xu',1,'0',556602158892638208,0,'2022-05-13 20:31:14',0,'2022-05-13 20:31:14',b'0'),
	(556615272639946752,'Rick.Xu',1,'0',556615272472174592,0,'2022-05-13 21:23:20',0,'2022-05-13 21:23:20',b'0'),
	(556620948187570176,'Rick.Xu',1,'0',556620947512287232,0,'2022-05-13 21:45:53',0,'2022-05-13 21:45:53',b'0'),
	(556676171195146240,'Rick.Xu',1,'0',556676171035762688,0,'2022-05-14 01:25:20',0,'2022-05-14 01:25:20',b'0'),
	(556676335058214912,'Rick.Xu',1,'0',556676334861082624,0,'2022-05-14 01:25:59',0,'2022-05-14 01:25:59',b'0'),
	(556676482932596736,'Rick.Xu',1,'0',556676482672549888,0,'2022-05-14 01:26:34',0,'2022-05-14 01:26:34',b'0'),
	(556676683416133632,'Rick.Xu',1,'0',556676682975731712,0,'2022-05-14 01:27:22',0,'2022-05-14 01:27:22',b'0'),
	(556681496543551488,'Rick.Xu',1,'0',556681496405139456,0,'2022-05-14 01:46:29',0,'2022-05-14 01:46:29',b'0'),
	(556683183782027264,'Rick.Xu',1,'0',556683183563923456,0,'2022-05-14 01:53:11',0,'2022-05-14 01:53:11',b'0'),
	(556683567468568576,'Rick.Xu',1,'0',556683567284019200,0,'2022-05-14 01:54:43',0,'2022-05-14 01:54:43',b'0'),
	(556683766291161088,'Rick.Xu',1,'0',556683766035308544,0,'2022-05-14 01:55:30',0,'2022-05-14 01:55:30',b'0'),
	(556684018498854912,'Rick.Xu',1,'0',556684018280751104,0,'2022-05-14 01:56:31',0,'2022-05-14 01:56:31',b'0'),
	(556684168856264704,'Rick.Xu',1,'0',556684168650743808,0,'2022-05-14 01:57:06',0,'2022-05-14 01:57:06',b'0'),
	(556684504664825856,'Rick.Xu',1,'0',556684504459304960,0,'2022-05-14 01:58:26',0,'2022-05-14 01:58:26',b'0'),
	(556685421833281536,'Rick.Xu',1,'0',556685421598400512,0,'2022-05-14 02:02:05',0,'2022-05-14 02:02:05',b'0'),
	(556685656265515008,'Rick.Xu',1,'0',556685656034828288,0,'2022-05-14 02:03:01',0,'2022-05-14 02:03:01',b'0'),
	(556686085279899648,'Rick.Xu',1,'0',556686085053407232,0,'2022-05-14 02:04:43',0,'2022-05-14 02:04:43',b'0'),
	(556686676391550976,'Rick.Xu',1,'0',556686676186030080,0,'2022-05-14 02:07:04',0,'2022-05-14 02:07:04',b'0'),
	(556689621791203328,'Rick.Xu',1,'0',556689621535350784,0,'2022-05-14 02:18:46',0,'2022-05-14 02:18:46',b'0'),
	(556689908627070976,'Rick.Xu',1,'0',556689908471881728,0,'2022-05-14 02:19:55',0,'2022-05-14 02:19:55',b'0'),
	(556790985653411840,'Rick.Xu',1,'0',556790985464668160,0,'2022-05-14 09:01:33',0,'2022-05-14 09:01:33',b'0'),
	(556800203492089856,'Rick.Xu',1,'0',556800203303346176,0,'2022-05-14 09:38:11',0,'2022-05-14 09:38:11',b'0'),
	(556806332473335808,'Rick.Xu',1,'0',556806332251037696,0,'2022-05-14 10:02:32',0,'2022-05-14 10:02:32',b'0'),
	(556807622725132288,'Rick.Xu',1,'0',556807622498639872,0,'2022-05-14 10:07:40',0,'2022-05-14 10:07:40',b'0'),
	(556808454220734464,'Rick.Xu',1,'0',556808454044573696,0,'2022-05-14 10:10:58',0,'2022-05-14 10:10:58',b'0'),
	(556818167645790208,'Rick.Xu',1,'0',556818167436075008,0,'2022-05-14 10:49:34',0,'2022-05-14 10:49:34',b'0'),
	(556825437817462784,'Rick.Xu',1,'0',556825437553221632,0,'2022-05-14 11:18:28',0,'2022-05-14 11:18:28',b'0'),
	(556840102010216448,'Rick.Xu',1,'0',556840101871804416,0,'2022-05-14 12:16:44',0,'2022-05-14 12:16:44',b'0'),
	(556840321418452992,'Rick.Xu',1,'0',556840321133240320,0,'2022-05-14 12:17:36',0,'2022-05-14 12:17:36',b'0'),
	(556840460388327424,'Rick.Xu',1,'0',556840460224749568,0,'2022-05-14 12:18:09',0,'2022-05-14 12:18:09',b'0'),
	(556840937163251712,'Rick.Xu',1,'0',556840936911593472,0,'2022-05-14 12:20:03',0,'2022-05-14 12:20:03',b'0'),
	(556841351812145152,'Rick.Xu',1,'0',556841351585652736,0,'2022-05-14 12:21:42',0,'2022-05-14 12:21:42',b'0'),
	(556843888644644864,'Rick.Xu',1,'0',556843888254574592,0,'2022-05-14 12:31:47',0,'2022-05-14 12:31:47',b'0'),
	(556846103111327744,'Rick.Xu',1,'0',556846102918389760,0,'2022-05-14 12:40:34',0,'2022-05-14 12:40:34',b'0'),
	(556846341637201920,'Rick.Xu',1,'0',556846341402320896,0,'2022-05-14 12:41:31',0,'2022-05-14 12:41:31',b'0'),
	(556950494447329280,'Rick.Xu',1,'0',556950494292140032,0,'2022-05-14 19:35:23',0,'2022-05-14 19:35:23',b'0'),
	(557558371226673152,'Rick.Xu',1,'0',557558371100844032,0,'2022-05-16 11:50:52',0,'2022-05-16 11:50:52',b'0'),
	(557563441980825600,'Rick.Xu',1,'0',557563441829830656,0,'2022-05-16 12:11:01',0,'2022-05-16 12:11:01',b'0'),
	(558653498493952000,'Rick.Xu',1,'0',558653498321985536,0,'2022-05-19 12:22:31',0,'2022-05-19 12:22:31',b'0'),
	(558654534751281152,'Rick.Xu',1,'0',558654534587703296,0,'2022-05-19 12:26:38',0,'2022-05-19 12:26:38',b'0'),
	(558654956664709120,'Rick.Xu',1,'0',558654956522102784,0,'2022-05-19 12:28:19',0,'2022-05-19 12:28:19',b'0'),
	(558666757397733376,'Rick.Xu',1,'0',558666757250932736,0,'2022-05-19 13:15:12',0,'2022-05-19 13:15:12',b'0'),
	(558725654938574848,'Rick.Xu',1,'0',558725654762414080,0,'2022-05-19 17:09:15',0,'2022-05-19 17:09:15',b'0'),
	(559022563439861760,'Rick.Xu',1,'0',559022563259506688,0,'2022-05-20 12:49:03',0,'2022-05-20 12:49:03',b'0'),
	(559205670352773120,'Rick.Xu',1,'0',559205670193389568,0,'2022-05-21 00:56:39',0,'2022-05-21 00:56:39',b'0'),
	(565859493129412608,'Rick.Xu',1,'0',565859492999389184,0,'2022-06-08 09:36:34',0,'2022-06-08 09:36:34',b'0'),
	(567027449108553728,'Rick.Xu',1,'0',567027448974336000,0,'2022-06-11 14:57:37',0,'2022-06-11 14:57:37',b'0'),
	(568230304079339520,'Rick.Xu',1,'0',568230303903178752,0,'2022-06-14 22:37:20',0,'2022-06-14 22:37:20',b'0'),
	(568256685924343808,'Rick.Xu',1,'0',568256685723017216,0,'2022-06-15 00:22:09',0,'2022-06-15 00:22:09',b'0'),
	(568257114867425280,'Rick.Xu',1,'0',568257104918536192,0,'2022-06-15 00:23:52',0,'2022-06-15 00:23:52',b'0'),
	(568258152072667136,'Rick.Xu',1,'0',568258151812620288,0,'2022-06-15 00:27:59',0,'2022-06-15 00:27:59',b'0'),
	(568263334026207232,'Rick.Xu',1,'0',568263333879406592,0,'2022-06-15 00:48:34',0,'2022-06-15 00:48:34',b'0'),
	(568273329748893696,'Rick.Xu',1,'0',568273329342046208,0,'2022-06-15 01:28:18',0,'2022-06-15 01:28:18',b'0'),
	(568273489447018496,'Rick.Xu',1,'0',568273489304412160,0,'2022-06-15 01:28:56',0,'2022-06-15 01:28:56',b'0'),
	(568273872722518016,'Rick.Xu',1,'0',568273872596688896,0,'2022-06-15 01:30:27',0,'2022-06-15 01:30:27',b'0'),
	(568274128017219584,'Rick.Xu',1,'0',568274127878807552,0,'2022-06-15 01:31:28',0,'2022-06-15 01:31:28',b'0'),
	(568274611863740416,'Rick.Xu',1,'0',568274611708551168,0,'2022-06-15 01:33:23',0,'2022-06-15 01:33:23',b'0'),
	(568275717184479232,'Rick.Xu',1,'0',568275717046067200,0,'2022-06-15 01:37:47',0,'2022-06-15 01:37:47',b'0'),
	(568275815700291584,'Rick.Xu',1,'0',568275815507353600,0,'2022-06-15 01:38:10',0,'2022-06-15 01:38:10',b'0'),
	(568275955349643264,'Rick.Xu',1,'0',568275955223814144,0,'2022-06-15 01:38:44',0,'2022-06-15 01:38:44',b'0'),
	(568276167996661760,'Rick.Xu',1,'0',568276167875026944,0,'2022-06-15 01:39:34',0,'2022-06-15 01:39:34',b'0'),
	(568276578740658176,'Rick.Xu',1,'0',568276578564497408,0,'2022-06-15 01:41:12',0,'2022-06-15 01:41:12',b'0'),
	(568280577611063296,'Rick.Xu',1,'0',568280577439096832,0,'2022-06-15 01:57:06',0,'2022-06-15 01:57:06',b'0'),
	(568280738714279936,'Rick.Xu',1,'0',568280738529730560,0,'2022-06-15 01:57:44',0,'2022-06-15 01:57:44',b'0'),
	(568281205372542976,'Rick.Xu',1,'0',568281205192187904,0,'2022-06-15 01:59:35',0,'2022-06-15 01:59:35',b'0'),
	(568281437988642816,'Rick.Xu',1,'0',568281437837647872,0,'2022-06-15 02:00:31',0,'2022-06-15 02:00:31',b'0'),
	(568281638044360704,'Rick.Xu',1,'0',568281637897560064,0,'2022-06-15 02:01:18',0,'2022-06-15 02:01:18',b'0'),
	(568285153668030464,'Rick.Xu',1,'0',568285153504452608,0,'2022-06-15 02:15:17',0,'2022-06-15 02:15:17',b'0'),
	(568285349571387392,'Rick.Xu',1,'0',568285349445558272,0,'2022-06-15 02:16:03',0,'2022-06-15 02:16:03',b'0'),
	(568285547827748864,'Rick.Xu',1,'0',568285547664171008,0,'2022-06-15 02:16:51',0,'2022-06-15 02:16:51',b'0'),
	(568285662017675264,'Rick.Xu',1,'0',568285661858291712,0,'2022-06-15 02:17:18',0,'2022-06-15 02:17:18',b'0'),
	(568286857792774144,'Rick.Xu',1,'0',568286857662750720,0,'2022-06-15 02:22:03',0,'2022-06-15 02:22:03',b'0'),
	(614259255268270080,'Rick.Xu',1,'0',614259255087915008,0,'2022-10-19 22:59:57',0,'2022-10-19 22:59:57',b'0'),
	(616355663785762816,'Rick.Xu',1,'0',616355663584436224,0,'2022-10-25 17:50:19',0,'2022-10-25 17:50:19',b'0'),
	(616358901352243200,'Rick.Xu',1,'0',616358901213831168,0,'2022-10-25 18:03:11',0,'2022-10-25 18:03:11',b'0'),
	(616730679777959936,'Rick.Xu',1,'0',616730679610187776,0,'2022-10-26 18:40:30',0,'2022-10-26 18:40:30',b'0'),
	(616982309211480064,'Rick.Xu',1,'0',616982309073068032,0,'2022-10-27 11:20:23',0,'2022-10-27 11:20:23',b'0'),
	(617326481130921984,'Rick.Xu',1,'0',617326480988315648,0,'2022-10-28 10:08:00',0,'2022-10-28 10:08:00',b'0'),
	(617327235619102720,'Rick.Xu',1,'0',617327235472302080,0,'2022-10-28 10:11:00',0,'2022-10-28 10:11:00',b'0'),
	(617329102784831488,'Rick.Xu',1,'0',617329102612865024,0,'2022-10-28 10:18:25',0,'2022-10-28 10:18:25',b'0'),
	(617329735793385472,'Rick.Xu',1,'0',617329735545921536,0,'2022-10-28 10:20:56',0,'2022-10-28 10:20:56',b'0'),
	(617340809418645504,'Rick.Xu',1,'0',617340809267650560,0,'2022-10-28 11:04:56',0,'2022-10-28 11:04:56',b'0'),
	(617352745048875008,'Rick.Xu',1,'0',617352744839159808,0,'2022-10-28 11:52:22',0,'2022-10-28 11:52:22',b'0'),
	(617354932625874944,'Rick.Xu',1,'0',617354932395188224,0,'2022-10-28 12:01:04',0,'2022-10-28 12:01:04',b'0'),
	(617496509591773184,'Rick.Xu',1,'0',617496509440778240,0,'2022-10-28 21:23:38',0,'2022-10-28 21:23:38',b'0'),
	(617498996566581248,'Rick.Xu',1,'0',617498996407197696,0,'2022-10-28 21:33:31',0,'2022-10-28 21:33:31',b'0'),
	(617499175487201280,'Rick.Xu',1,'0',617499175323623424,0,'2022-10-28 21:34:14',0,'2022-10-28 21:34:14',b'0'),
	(617500560492519424,'Rick.Xu',1,'0',617500560333135872,0,'2022-10-28 21:39:44',0,'2022-10-28 21:39:44',b'0'),
	(617501394139799552,'Rick.Xu',1,'0',617501393963638784,0,'2022-10-28 21:43:03',0,'2022-10-28 21:43:03',b'0'),
	(617502088997560320,'Rick.Xu',1,'0',617502088846565376,0,'2022-10-28 21:45:48',0,'2022-10-28 21:45:48',b'0'),
	(617504271356846080,'Rick.Xu',1,'0',617504271201656832,0,'2022-10-28 21:54:29',0,'2022-10-28 21:54:29',b'0'),
	(617508966473326592,'Rick.Xu',1,'0',617508966330720256,0,'2022-10-28 22:13:08',0,'2022-10-28 22:13:08',b'0'),
	(617517714273132544,'Rick.Xu',1,'0',617517714063417344,0,'2022-10-28 22:47:54',0,'2022-10-28 22:47:54',b'0'),
	(617517937737261056,'Rick.Xu',1,'0',617517937598849024,0,'2022-10-28 22:48:47',0,'2022-10-28 22:48:47',b'0'),
	(617518790959357952,'Rick.Xu',1,'0',617518790720282624,0,'2022-10-28 22:52:11',0,'2022-10-28 22:52:11',b'0'),
	(617533921307058176,'Rick.Xu',1,'0',617533921156063232,0,'2022-10-28 23:52:18',0,'2022-10-28 23:52:18',b'0'),
	(617539169908088832,'Rick.Xu',1,'0',617539169769676800,0,'2022-10-29 00:13:09',0,'2022-10-29 00:13:09',b'0'),
	(617539899398217728,'Rick.Xu',1,'0',617539899247222784,0,'2022-10-29 00:16:03',0,'2022-10-29 00:16:03',b'0'),
	(617540367251857408,'Rick.Xu',1,'0',617540367100862464,0,'2022-10-29 00:17:55',0,'2022-10-29 00:17:55',b'0'),
	(617540675046662144,'Rick.Xu',1,'0',617540674887278592,0,'2022-10-29 00:19:08',0,'2022-10-29 00:19:08',b'0'),
	(617541057982423040,'Rick.Xu',1,'0',617541057831428096,0,'2022-10-29 00:20:39',0,'2022-10-29 00:20:39',b'0'),
	(617541503551725568,'Rick.Xu',1,'0',617541503262318592,0,'2022-10-29 00:22:26',0,'2022-10-29 00:22:26',b'0'),
	(617550624917217280,'Rick.Xu',1,'0',617550624757833728,0,'2022-10-29 00:58:40',0,'2022-10-29 00:58:40',b'0'),
	(617550975770746880,'Rick.Xu',1,'0',617550975636529152,0,'2022-10-29 01:00:04',0,'2022-10-29 01:00:04',b'0'),
	(617551181379723264,'Rick.Xu',1,'0',617551181128065024,0,'2022-10-29 01:00:53',0,'2022-10-29 01:00:53',b'0'),
	(617551385394864128,'Rick.Xu',1,'0',617551385252257792,0,'2022-10-29 01:01:42',0,'2022-10-29 01:01:42',b'0'),
	(617551637556420608,'Rick.Xu',1,'0',617551637418008576,0,'2022-10-29 01:02:42',0,'2022-10-29 01:02:42',b'0'),
	(617553044992876544,'Rick.Xu',1,'0',617553044837687296,0,'2022-10-29 01:08:17',0,'2022-10-29 01:08:17',b'0'),
	(617759015472128000,'Rick.Xu',1,'0',617759015295967232,0,'2022-10-29 14:46:45',0,'2022-10-29 14:46:45',b'0'),
	(617759558647078912,'Rick.Xu',1,'0',617759558504472576,0,'2022-10-29 14:48:54',0,'2022-10-29 14:48:54',b'0'),
	(617760109245947904,'Rick.Xu',1,'0',617760109094952960,0,'2022-10-29 14:51:05',0,'2022-10-29 14:51:05',b'0'),
	(617760597219663872,'Rick.Xu',1,'0',617760597064474624,0,'2022-10-29 14:53:02',0,'2022-10-29 14:53:02',b'0'),
	(617765999168643072,'Rick.Xu',1,'0',617765999017648128,0,'2022-10-29 15:14:30',0,'2022-10-29 15:14:30',b'0'),
	(617766531358711808,'Rick.Xu',1,'0',617766531190939648,0,'2022-10-29 15:16:36',0,'2022-10-29 15:16:36',b'0'),
	(617771757318889472,'Rick.Xu',1,'0',617771757063036928,0,'2022-10-29 15:37:22',0,'2022-10-29 15:37:22',b'0'),
	(617771977029115904,'Rick.Xu',1,'0',617771976861343744,0,'2022-10-29 15:38:15',0,'2022-10-29 15:38:15',b'0'),
	(617777157594341376,'Rick.Xu',1,'0',617777157409792000,0,'2022-10-29 15:58:50',0,'2022-10-29 15:58:50',b'0'),
	(617835472441499648,'Rick.Xu',1,'0',617835472227590144,0,'2022-10-29 19:50:33',0,'2022-10-29 19:50:33',b'0'),
	(617835880052350976,'Rick.Xu',1,'0',617835879897161728,0,'2022-10-29 19:52:10',0,'2022-10-29 19:52:10',b'0'),
	(617859246159224832,'Rick.Xu',1,'0',617859245899177984,0,'2022-10-29 21:25:01',0,'2022-10-29 21:25:01',b'0'),
	(617867237197537280,'Rick.Xu',1,'0',617867237021376512,0,'2022-10-29 21:56:47',0,'2022-10-29 21:56:47',b'0'),
	(617867404080504832,'Rick.Xu',1,'0',617867403921121280,0,'2022-10-29 21:57:26',0,'2022-10-29 21:57:26',b'0'),
	(617907902975500288,'Rick.Xu',1,'0',617907902757396480,0,'2022-10-30 00:38:22',0,'2022-10-30 00:38:22',b'0'),
	(619302907174641664,'Rick.Xu',1,'0',619302907032035328,0,'2022-11-02 21:01:37',0,'2022-11-02 21:01:37',b'0'),
	(619308538422026240,'Rick.Xu',1,'0',619308538233282560,0,'2022-11-02 21:24:00',0,'2022-11-02 21:24:00',b'0'),
	(619308930048385024,'Rick.Xu',1,'0',619308929893195776,0,'2022-11-02 21:25:33',0,'2022-11-02 21:25:33',b'0'),
	(619315179682979840,'Rick.Xu',1,'0',619315179452293120,0,'2022-11-02 21:50:23',0,'2022-11-02 21:50:23',b'0'),
	(619907491160924160,'Rick.Xu',1,'0',619907491001540608,0,'2022-11-04 13:04:01',0,'2022-11-04 13:04:01',b'0'),
	(622028857238806528,'Rick.Xu',1,'0',622028857016508416,0,'2022-11-10 09:33:34',0,'2022-11-10 09:33:34',b'0'),
	(622131290841473024,'Rick.Xu',1,'0',622131290610786304,0,'2022-11-10 16:20:36',0,'2022-11-10 16:20:36',b'0'),
	(626173812043444224,'Rick.Xu',1,'0',626173811854700544,0,'2022-11-21 20:04:08',0,'2022-11-21 20:04:08',b'0'),
	(627206588452589568,'Rick.Xu',1,'0',627206588289011712,0,'2022-11-24 16:28:01',0,'2022-11-24 16:28:01',b'0'),
	(627549158521196544,'Rick.Xu',1,'0',627549158378590208,0,'2022-11-25 15:09:17',0,'2022-11-25 15:09:17',b'0'),
	(627550889896333312,'Rick.Xu',1,'0',627550889715978240,0,'2022-11-25 15:16:09',0,'2022-11-25 15:16:09',b'0'),
	(627581000402096128,'Rick.Xu',1,'0',627581000246906880,0,'2022-11-25 17:15:48',0,'2022-11-25 17:15:48',b'0'),
	(627601748898369536,'Rick.Xu',1,'0',627601748638322688,0,'2022-11-25 18:38:15',0,'2022-11-25 18:38:15',b'0'),
	(627602767589953536,'Rick.Xu',1,'0',627602767392821248,0,'2022-11-25 18:42:18',0,'2022-11-25 18:42:18',b'0'),
	(627604473400807424,'Rick.Xu',1,'0',627604473258201088,0,'2022-11-25 18:49:05',0,'2022-11-25 18:49:05',b'0'),
	(659196328408018944,'Rick.Xu',1,'0',659196328152166400,0,'2023-02-20 23:03:50',0,'2023-02-20 23:03:50',b'0'),
	(659921217955852288,'Rick.Xu',1,'0',659921217771302912,0,'2023-02-22 23:04:17',0,'2023-02-22 23:04:17',b'0'),
	(660275243704664064,'Rick.Xu',1,'0',660275243515920384,0,'2023-02-23 22:31:03',0,'2023-02-23 22:31:03',b'0'),
	(660457839654879232,'Rick.Xu',1,'0',660457839482912768,0,'2023-02-24 10:36:37',0,'2023-02-24 10:36:37',b'0'),
	(660617698450882560,'Rick.Xu',1,'0',660617698287304704,0,'2023-02-24 21:11:51',0,'2023-02-24 21:11:51',b'0'),
	(663184007021735936,'Rick.Xu',1,'0',663184006853963776,0,'2023-03-03 23:09:26',0,'2023-03-03 23:09:26',b'0'),
	(664155754512527360,'Rick.Xu',1,'0',664155754302812160,0,'2023-03-06 15:30:49',0,'2023-03-06 15:30:49',b'0'),
	(664178791282651136,'Rick.Xu',1,'0',664178791102296064,0,'2023-03-06 17:02:21',0,'2023-03-06 17:02:21',b'0'),
	(664187111179563008,'Rick.Xu',1,'0',664187110999207936,0,'2023-03-06 17:35:25',0,'2023-03-06 17:35:25',b'0'),
	(664190409961910272,'Rick.Xu',1,'0',664190409781555200,0,'2023-03-06 17:48:32',0,'2023-03-06 17:48:32',b'0'),
	(664191355517415424,'Rick.Xu',1,'0',664191355358031872,0,'2023-03-06 17:52:17',0,'2023-03-06 17:52:17',b'0'),
	(664191550804209664,'Rick.Xu',1,'0',664191550636437504,0,'2023-03-06 17:53:04',0,'2023-03-06 17:53:04',b'0'),
	(664268079923998720,'Rick.Xu',1,'0',664268079760420864,0,'2023-03-06 22:57:10',0,'2023-03-06 22:57:10',b'0'),
	(664988576542425088,'Rick.Xu',1,'0',664988576362070016,0,'2023-03-08 22:40:09',0,'2023-03-08 22:40:09',b'0'),
	(664989083277262848,'Rick.Xu',1,'0',664989083130462208,0,'2023-03-08 22:42:10',0,'2023-03-08 22:42:10',b'0'),
	(665284807059599360,'Rick.Xu',1,'0',665284806849884160,0,'2023-03-09 18:17:16',0,'2023-03-09 18:17:16',b'0'),
	(665291336290693120,'Rick.Xu',1,'0',665291336106143744,0,'2023-03-09 18:43:13',0,'2023-03-09 18:43:13',b'0'),
	(665298009264779264,'Rick.Xu',1,'0',665298009092812800,0,'2023-03-09 19:09:44',0,'2023-03-09 19:09:44',b'0'),
	(665307276600438784,'Rick.Xu',1,'0',665307276424278016,0,'2023-03-09 19:46:33',0,'2023-03-09 19:46:33',b'0'),
	(665308639233339392,'Rick.Xu',1,'0',665308639073955840,0,'2023-03-09 19:51:58',0,'2023-03-09 19:51:58',b'0'),
	(665357295093313536,'Rick.Xu',1,'0',665357294925541376,0,'2023-03-09 23:05:19',0,'2023-03-09 23:05:19',b'0'),
	(665359707220766720,'Rick.Xu',1,'0',665359707019440128,0,'2023-03-09 23:14:54',0,'2023-03-09 23:14:54',b'0'),
	(665360716135428096,'Rick.Xu',1,'0',665360715732774912,0,'2023-03-09 23:18:54',0,'2023-03-09 23:18:54',b'0'),
	(665362158904700928,'Rick.Xu',1,'0',665362158741123072,0,'2023-03-09 23:24:38',0,'2023-03-09 23:24:38',b'0'),
	(665363114782388224,'Rick.Xu',1,'0',665363114606227456,0,'2023-03-09 23:28:26',0,'2023-03-09 23:28:26',b'0'),
	(665364349942001664,'Rick.Xu',1,'0',665364349820366848,0,'2023-03-09 23:33:21',0,'2023-03-09 23:33:21',b'0'),
	(665368050677084160,'Rick.Xu',1,'0',665368050526089216,0,'2023-03-09 23:48:03',0,'2023-03-09 23:48:03',b'0'),
	(665369434784821248,'Rick.Xu',1,'0',665369434600271872,0,'2023-03-09 23:53:33',0,'2023-03-09 23:53:33',b'0'),
	(665370865604521984,'Rick.Xu',1,'0',665370865457721344,0,'2023-03-09 23:59:14',0,'2023-03-09 23:59:14',b'0'),
	(665373354240274432,'Rick.Xu',1,'0',665373353997004800,0,'2023-03-10 00:09:07',0,'2023-03-10 00:09:07',b'0'),
	(665384563186364416,'Rick.Xu',1,'0',665384562917928960,0,'2023-03-10 00:53:40',0,'2023-03-10 00:53:40',b'0'),
	(665385252423757824,'Rick.Xu',1,'0',665385252222431232,0,'2023-03-10 00:56:24',0,'2023-03-10 00:56:24',b'0'),
	(665390281612357632,'Rick.Xu',1,'0',665390281432002560,0,'2023-03-10 01:16:23',0,'2023-03-10 01:16:23',b'0'),
	(665506583895109632,'Rick.Xu',1,'0',665506583697977344,0,'2023-03-10 08:58:32',0,'2023-03-10 08:58:32',b'0'),
	(665507847911534592,'Rick.Xu',1,'0',665507847630516224,0,'2023-03-10 09:03:33',0,'2023-03-10 09:03:33',b'0'),
	(665531029410312192,'Rick.Xu',1,'0',665531029271900160,0,'2023-03-10 10:35:40',0,'2023-03-10 10:35:40',b'0'),
	(665532542711001088,'Rick.Xu',1,'0',665532542547423232,0,'2023-03-10 10:41:41',0,'2023-03-10 10:41:41',b'0'),
	(665533090784899072,'Rick.Xu',1,'0',665533090604544000,0,'2023-03-10 10:43:52',0,'2023-03-10 10:43:52',b'0'),
	(665533219533254656,'Rick.Xu',1,'0',665533219365482496,0,'2023-03-10 10:44:22',0,'2023-03-10 10:44:22',b'0'),
	(665533409459728384,'Rick.Xu',1,'0',665533409279373312,0,'2023-03-10 10:45:08',0,'2023-03-10 10:45:08',b'0'),
	(665533554981105664,'Rick.Xu',1,'0',665533554796556288,0,'2023-03-10 10:45:42',0,'2023-03-10 10:45:42',b'0'),
	(665534667897729024,'Rick.Xu',1,'0',665534667679625216,0,'2023-03-10 10:50:08',0,'2023-03-10 10:50:08',b'0'),
	(665535011096653824,'Rick.Xu',1,'0',665535010933075968,0,'2023-03-10 10:51:29',0,'2023-03-10 10:51:29',b'0'),
	(665535356967350272,'Rick.Xu',1,'0',665535356799578112,0,'2023-03-10 10:52:52',0,'2023-03-10 10:52:52',b'0'),
	(665536415026671616,'Rick.Xu',1,'0',665536414783401984,0,'2023-03-10 10:57:04',0,'2023-03-10 10:57:04',b'0'),
	(665538815309410304,'Rick.Xu',1,'0',665538815145832448,0,'2023-03-10 11:06:36',0,'2023-03-10 11:06:36',b'0'),
	(665551746713546752,'Rick.Xu',1,'0',665551746558357504,0,'2023-03-10 11:58:00',0,'2023-03-10 11:58:00',b'0'),
	(665552239821090816,'Rick.Xu',1,'0',665552239582015488,0,'2023-03-10 11:59:57',0,'2023-03-10 11:59:57',b'0'),
	(665555126395629568,'Rick.Xu',1,'0',665555126177525760,0,'2023-03-10 12:11:25',0,'2023-03-10 12:11:25',b'0'),
	(665558229870211072,'Rick.Xu',1,'0',665558229710827520,0,'2023-03-10 12:23:45',0,'2023-03-10 12:23:45',b'0'),
	(665561511665627136,'Rick.Xu',1,'0',665561511506243584,0,'2023-03-10 12:36:48',0,'2023-03-10 12:36:48',b'0'),
	(665561816880934912,'Rick.Xu',1,'0',665561816687996928,0,'2023-03-10 12:38:00',0,'2023-03-10 12:38:00',b'0'),
	(665562708682240000,'Rick.Xu',1,'0',665562708493496320,0,'2023-03-10 12:41:33',0,'2023-03-10 12:41:33',b'0'),
	(665578037131112448,'Rick.Xu',1,'0',665578037009477632,0,'2023-03-10 13:42:28',0,'2023-03-10 13:42:28',b'0'),
	(665578229783883776,'Rick.Xu',1,'0',665578229553197056,0,'2023-03-10 13:43:14',0,'2023-03-10 13:43:14',b'0'),
	(665579104254324736,'Rick.Xu',1,'0',665579103860060160,0,'2023-03-10 13:46:42',0,'2023-03-10 13:46:42',b'0'),
	(665582012228202496,'Rick.Xu',1,'0',665582012052041728,0,'2023-03-10 13:58:15',0,'2023-03-10 13:58:15',b'0'),
	(665591366721499136,'Rick.Xu',1,'0',665591366562115584,0,'2023-03-10 14:35:26',0,'2023-03-10 14:35:26',b'0'),
	(665664282897182720,'Rick.Xu',1,'0',665664282658107392,0,'2023-03-10 19:25:10',0,'2023-03-10 19:25:10',b'0'),
	(665668589151350784,'Rick.Xu',1,'0',665668588920664064,0,'2023-03-10 19:42:17',0,'2023-03-10 19:42:17',b'0'),
	(665670083497979904,'Rick.Xu',1,'0',665670083338596352,0,'2023-03-10 19:48:13',0,'2023-03-10 19:48:13',b'0'),
	(665671452103569408,'Rick.Xu',1,'0',665671451885465600,0,'2023-03-10 19:53:40',0,'2023-03-10 19:53:40',b'0'),
	(665673863564128256,'Rick.Xu',1,'0',665673862989508608,0,'2023-03-10 20:03:15',0,'2023-03-10 20:03:15',b'0'),
	(665675970644045824,'Rick.Xu',1,'0',665675970442719232,0,'2023-03-10 20:11:37',0,'2023-03-10 20:11:37',b'0'),
	(665677967984193536,'Rick.Xu',1,'0',665677967812227072,0,'2023-03-10 20:19:33',0,'2023-03-10 20:19:33',b'0'),
	(665689623283920896,'Rick.Xu',1,'0',665689623007096832,0,'2023-03-10 21:05:52',0,'2023-03-10 21:05:52',b'0'),
	(665726155067781120,'Rick.Xu',1,'0',665726154925174784,0,'2023-03-10 23:31:02',0,'2023-03-10 23:31:02',b'0'),
	(665731918205054976,'Rick.Xu',1,'0',665731918049865728,0,'2023-03-10 23:53:56',0,'2023-03-10 23:53:56',b'0'),
	(665733022930202624,'Rick.Xu',1,'0',665733022657572864,0,'2023-03-10 23:58:19',0,'2023-03-10 23:58:19',b'0'),
	(666031607802523648,'Rick.Xu',1,'0',666031607559254016,0,'2023-03-11 19:44:47',0,'2023-03-11 19:44:47',b'0'),
	(666036511531102208,'Rick.Xu',1,'0',666036511346552832,0,'2023-03-11 20:04:17',0,'2023-03-11 20:04:17',b'0'),
	(666637238708244480,'Rick.Xu',1,'0',666637238578221056,0,'2023-03-13 11:51:21',0,'2023-03-13 11:51:21',b'0'),
	(666643807906861056,'Rick.Xu',1,'0',666643807772643328,0,'2023-03-13 12:17:27',0,'2023-03-13 12:17:27',b'0'),
	(666693288505413632,'Rick.Xu',1,'0',666693288249561088,0,'2023-03-13 15:34:04',0,'2023-03-13 15:34:04',b'0'),
	(666788400107393024,'Rick.Xu',1,'0',666788399906066432,0,'2023-03-13 21:52:01',0,'2023-03-13 21:52:01',b'0'),
	(666800821240893440,'Rick.Xu',1,'0',666800821006012416,0,'2023-03-13 22:41:22',0,'2023-03-13 22:41:22',b'0'),
	(666801990516379648,'Rick.Xu',1,'0',666801990327635968,0,'2023-03-13 22:46:01',0,'2023-03-13 22:46:01',b'0'),
	(666810782444457984,'Rick.Xu',1,'0',666810782301851648,0,'2023-03-13 23:20:57',0,'2023-03-13 23:20:57',b'0'),
	(666816493933072384,'Rick.Xu',1,'0',666816493765300224,0,'2023-03-13 23:43:39',0,'2023-03-13 23:43:39',b'0'),
	(666817115457622016,'Rick.Xu',1,'0',666817115197575168,0,'2023-03-13 23:46:07',0,'2023-03-13 23:46:07',b'0'),
	(667040191269072896,'Rick.Xu',1,'0',667040191084523520,0,'2023-03-14 14:32:32',0,'2023-03-14 14:32:32',b'0'),
	(667042389835149312,'Rick.Xu',1,'0',667042389583491072,0,'2023-03-14 14:41:17',0,'2023-03-14 14:41:17',b'0'),
	(667043213902639104,'Rick.Xu',1,'0',667043213684535296,0,'2023-03-14 14:44:33',0,'2023-03-14 14:44:33',b'0'),
	(667043492979044352,'Rick.Xu',1,'0',667043492777717760,0,'2023-03-14 14:45:40',0,'2023-03-14 14:45:40',b'0'),
	(667043614349619200,'Rick.Xu',1,'0',667043614144098304,0,'2023-03-14 14:46:09',0,'2023-03-14 14:46:09',b'0'),
	(667045659932651520,'Rick.Xu',1,'0',667045659706159104,0,'2023-03-14 14:54:16',0,'2023-03-14 14:54:16',b'0'),
	(667046085264437248,'Rick.Xu',1,'0',667046085033750528,0,'2023-03-14 14:55:58',0,'2023-03-14 14:55:58',b'0'),
	(667046317930868736,'Rick.Xu',1,'0',667046317800845312,0,'2023-03-14 14:56:53',0,'2023-03-14 14:56:53',b'0'),
	(667063606931648512,'cascade Name',1,'0',667063606847762432,0,'2023-03-14 16:05:35',0,'2023-03-14 17:19:00',b'0'),
	(667112089319403520,'Rick.Xu',1,'0',667112089063550976,0,'2023-03-14 19:18:14',0,'2023-03-14 19:18:14',b'0'),
	(667112601037074432,'Rick.Xu',1,'0',667112600785416192,0,'2023-03-14 19:20:16',0,'2023-03-14 19:20:16',b'0'),
	(667113226307137536,'Rick.Xu',1,'0',667113226114199552,0,'2023-03-14 19:22:45',0,'2023-03-14 19:22:45',b'0'),
	(667113347262476288,'Rick.Xu',1,'0',667113347002429440,0,'2023-03-14 19:23:14',0,'2023-03-14 19:23:14',b'0'),
	(667113488098816000,'Rick.Xu',1,'0',667113487947821056,0,'2023-03-14 19:23:48',0,'2023-03-14 19:23:48',b'0'),
	(667195371763560448,'Rick.Xu',1,'0',667195371541262336,0,'2023-03-15 00:49:10',0,'2023-03-15 00:49:10',b'0'),
	(667228124374659072,'Rick.Xu',1,'0',667228124227858432,0,'2023-03-15 02:59:19',0,'2023-03-15 02:59:19',b'0'),
	(667440660705472512,'Rick.Xu',1,'0',667440660474785792,0,'2023-03-15 17:03:52',0,'2023-03-15 17:03:52',b'0'),
	(667473124073172992,'Rick.Xu',1,'0',667473123863457792,0,'2023-03-15 19:12:52',0,'2023-03-15 19:12:52',b'0'),
	(667477279223345152,'Rick.Xu',1,'0',667477279022018560,0,'2023-03-15 19:29:22',0,'2023-03-15 19:29:22',b'0'),
	(667684130766520320,'Rick.Xu',1,'0',667684130623913984,0,'2023-03-16 09:11:20',0,'2023-03-16 09:11:20',b'0'),
	(667700917352595456,'Rick.Xu',1,'0',667700917163851776,0,'2023-03-16 10:18:02',0,'2023-03-16 10:18:02',b'0'),
	(667718808206639104,'Rick.Xu',1,'0',667718807942397952,0,'2023-03-16 11:29:07',0,'2023-03-16 11:29:07',b'0'),
	(667743900370272256,'Rick.Xu',1,'0',667743900164751360,0,'2023-03-16 13:08:50',0,'2023-03-16 13:08:50',b'0'),
	(667744634839040000,'Rick.Xu',1,'0',667744634637713408,0,'2023-03-16 13:11:45',0,'2023-03-16 13:11:45',b'0'),
	(667744977912135680,'Rick.Xu',1,'0',667744977664671744,0,'2023-03-16 13:13:07',0,'2023-03-16 13:13:07',b'0'),
	(667751927781588992,'Rick.Xu',1,'0',667751927555096576,0,'2023-03-16 13:40:44',0,'2023-03-16 13:40:44',b'0'),
	(667766289028153344,'Rick.Xu',1,'0',667766288843603968,0,'2023-03-16 14:37:48',0,'2023-03-16 14:37:48',b'0'),
	(670488904809365504,'Rick.Xu',1,'0',670488904754839552,0,'2023-03-24 02:56:30',0,'2023-03-24 02:56:30',b'0'),
	(670596405240315904,'Rick.Xu',1,'0',670596405189984256,0,'2023-03-24 10:03:40',0,'2023-03-24 10:03:40',b'0'),
	(670599882859397120,'Rick.Xu',1,'0',670599882800676864,0,'2023-03-24 10:17:29',0,'2023-03-24 10:17:29',b'0'),
	(670600223235555328,'Rick.Xu',1,'0',670600223181029376,0,'2023-03-24 10:18:50',0,'2023-03-24 10:18:50',b'0'),
	(670600354680848384,'Rick.Xu',1,'0',670600354626322432,0,'2023-03-24 10:19:22',0,'2023-03-24 10:19:22',b'0'),
	(670600690237751296,'Rick.Xu',1,'0',670600690187419648,0,'2023-03-24 10:20:42',0,'2023-03-24 10:20:42',b'0'),
	(670601639954006016,'Rick.Xu',1,'0',670601639903674368,0,'2023-03-24 10:24:28',0,'2023-03-24 10:24:28',b'0'),
	(670610105032556544,'Rick.Xu',1,'0',670610104961253376,0,'2023-03-24 10:58:06',0,'2023-03-24 10:58:06',b'0'),
	(670613244141944832,'Rick.Xu',1,'0',670613244074835968,0,'2023-03-24 11:10:35',0,'2023-03-24 11:10:35',b'0'),
	(670613619066585088,'Rick.Xu',1,'0',670613618995281920,0,'2023-03-24 11:12:04',0,'2023-03-24 11:12:04',b'0'),
	(670620512560398336,'Rick.Xu',1,'0',670620512505872384,0,'2023-03-24 11:39:28',0,'2023-03-24 11:39:28',b'0'),
	(671154151069106176,'Rick.Xu',1,'0',671154150972637184,0,'2023-03-25 22:59:57',0,'2023-03-25 22:59:57',b'0'),
	(671530411637129216,'Rick.Xu',1,'0',671530411574214656,0,'2023-03-26 23:55:04',0,'2023-03-26 23:55:04',b'0'),
	(671545901545734144,'Rick.Xu',1,'0',671545901478625280,0,'2023-03-27 00:56:37',0,'2023-03-27 00:56:37',b'0'),
	(671741056542359552,'Rick.Xu',1,'0',671741056483639296,0,'2023-03-27 13:52:06',0,'2023-03-27 13:52:06',b'0'),
	(672163054548467712,'Rick.Xu',1,'0',672163054489747456,0,'2023-03-28 17:48:58',0,'2023-03-28 17:48:58',b'0'),
	(672213022533533696,'Rick.Xu',1,'0',672213022420287488,0,'2023-03-28 21:07:31',0,'2023-03-28 21:07:31',b'0'),
	(681911659295436800,'Rick.Xu',1,'0',681911659228327936,0,'2023-04-24 15:26:27',0,'2023-04-24 15:26:27',b'0'),
	(681916740631818240,'Rick.Xu',1,'0',681916740510183424,0,'2023-04-24 15:46:38',0,'2023-04-24 15:46:38',b'0'),
	(681917481178132480,'Rick.Xu',1,'0',681917481136189440,0,'2023-04-24 15:49:35',0,'2023-04-24 15:49:35',b'0'),
	(681966732478279680,'Rick.Xu',1,'0',681966732427948032,0,'2023-04-24 19:05:17',0,'2023-04-24 19:05:17',b'0'),
	(682371245613805568,'Rick.Xu',1,'0',682371245542502400,0,'2023-04-25 21:52:41',0,'2023-04-25 21:52:41',b'0'),
	(688447942280900608,'Rick.Xu',1,'0',688447942209597440,0,'2023-05-12 16:19:18',0,'2023-05-12 16:19:18',b'0'),
	(688448700896276480,'Rick.Xu',1,'0',688448700829167616,0,'2023-05-12 16:22:19',0,'2023-05-12 16:22:19',b'0'),
	(688450938385494016,'Rick.Xu',1,'0',688450938326773760,0,'2023-05-12 16:31:12',0,'2023-05-12 16:31:12',b'0'),
	(688460011424215040,'Rick.Xu',1,'0',688460011361300480,0,'2023-05-12 17:07:16',0,'2023-05-12 17:07:16',b'0'),
	(688957535209656320,'Rick.Xu',1,'0',688957535146741760,0,'2023-05-14 02:04:14',0,'2023-05-14 02:04:14',b'0'),
	(688960463915978752,'Rick.Xu',1,'0',688960463857258496,0,'2023-05-14 02:15:53',0,'2023-05-14 02:15:53',b'0'),
	(688968438726529024,'Rick.Xu',1,'0',688968438663614464,NULL,'2023-05-14 02:47:34',NULL,'2023-05-14 02:47:34',b'0'),
	(688968812023779328,'Rick.Xu',1,'0',688968811969253376,NULL,'2023-05-14 02:49:03',NULL,'2023-05-14 02:49:03',b'0'),
	(688969593502306304,'Rick.Xu',1,'0',688969593447780352,0,'2023-05-14 02:52:09',0,'2023-05-14 02:52:09',b'0'),
	(688975787059056640,'Rick.Xu',1,'0',688975787021307904,0,'2023-05-14 03:16:46',0,'2023-05-14 03:16:46',b'0'),
	(689548014976503808,'Rick.Xu',1,'0',689548014913589248,0,'2023-05-15 17:10:36',0,'2023-05-15 17:10:36',b'0'),
	(689559275441229824,'Rick.Xu',1,'0',689559275390898176,0,'2023-05-15 17:55:20',0,'2023-05-15 17:55:20',b'0'),
	(689582000880750592,'Rick.Xu',1,'0',689582000834613248,0,'2023-05-15 19:25:39',0,'2023-05-15 19:25:39',b'0'),
	(689586460826800128,'Rick.Xu',1,'0',689586460780662784,0,'2023-05-15 19:43:22',0,'2023-05-15 19:43:22',b'0'),
	(689639124272967680,'Rick.Xu',1,'0',689639124210053120,0,'2023-05-15 23:12:38',0,'2023-05-15 23:12:38',b'0'),
	(695366930520915968,'Rick.Xu',1,'0',695366930424446976,0,'2023-05-31 18:32:53',0,'2023-05-31 18:32:53',b'0'),
	(695439135573327872,'Rick.Xu',1,'0',695439135518801920,0,'2023-05-31 23:19:48',0,'2023-05-31 23:19:48',b'0'),
	(695440113647271936,'Rick.Xu',1,'0',695440113580163072,0,'2023-05-31 23:23:42',0,'2023-05-31 23:23:42',b'0'),
	(695440284401582080,'Rick.Xu',1,'0',695440284246392832,0,'2023-05-31 23:24:22',0,'2023-05-31 23:24:22',b'0'),
	(695440823407394816,'Rick.Xu',1,'0',695440823319314432,0,'2023-05-31 23:26:31',0,'2023-05-31 23:26:31',b'0'),
	(695441144686886912,'Rick.Xu',1,'0',695441144590417920,0,'2023-05-31 23:27:47',0,'2023-05-31 23:27:47',b'0'),
	(695441383443447808,'Rick.Xu',1,'0',695441383367950336,0,'2023-05-31 23:28:44',0,'2023-05-31 23:28:44',b'0'),
	(695441908159266816,'Rick.Xu',1,'0',695441908083769344,0,'2023-05-31 23:30:49',0,'2023-05-31 23:30:49',b'0'),
	(695790152424914944,'Rick.Xu',1,'0',695790152353611776,0,'2023-06-01 22:34:37',0,'2023-06-01 22:34:37',b'0'),
	(696077629333180416,'Rick.Xu',1,'0',696077629261877248,0,'2023-06-02 17:36:57',0,'2023-06-02 17:36:57',b'0'),
	(699097441353367552,'Rick.Xu',1,'0',699097441214955520,0,'2023-06-11 01:36:36',0,'2023-06-11 01:36:36',b'0'),
	(699098254113013760,'Rick.Xu',1,'0',699098254033321984,0,'2023-06-11 01:39:50',0,'2023-06-11 01:39:50',b'0'),
	(699098480928391168,'Rick.Xu',1,'0',699098480852893696,0,'2023-06-11 01:40:44',0,'2023-06-11 01:40:44',b'0'),
	(699098851797139456,'Rick.Xu',1,'0',699098851742613504,0,'2023-06-11 01:42:13',0,'2023-06-11 01:42:13',b'0'),
	(699959118454095872,'Rick.Xu',1,'0',699959118386987008,0,'2023-06-13 10:40:36',0,'2023-06-13 10:40:36',b'0'),
	(705488386839830528,'Rick.Xu',1,'0',705488386747555840,0,'2023-06-28 16:51:57',0,'2023-06-28 16:51:57',b'0'),
	(706177192303824896,'Rick.Xu',1,'0',706177192232521728,0,'2023-06-30 14:29:01',0,'2023-06-30 14:29:01',b'0'),
	(706178257157918720,'Rick.Xu',1,'0',706178257065644032,0,'2023-06-30 14:33:14',0,'2023-06-30 14:33:14',b'0'),
	(706193871595409408,'Rick.Xu',1,'0',706193871540883456,0,'2023-06-30 15:35:17',0,'2023-06-30 15:35:17',b'0'),
	(706224234057207808,'Rick.Xu',1,'0',706224233994293248,0,'2023-06-30 17:35:56',0,'2023-06-30 17:35:56',b'0'),
	(706399744586452992,'Rick.Xu',1,'0',706399744531927040,0,'2023-07-01 05:13:21',0,'2023-07-01 05:13:21',b'0'),
	(706552994858045440,'Rick.Xu',1,'0',706552994803519488,0,'2023-07-01 15:22:19',0,'2023-07-01 15:22:19',b'0'),
	(706554874090786816,'Rick.Xu',1,'0',706554874027872256,0,'2023-07-01 15:29:47',0,'2023-07-01 15:29:47',b'0'),
	(707296670576054272,'Rick.Xu',1,'0',707296670479585280,0,'2023-07-03 16:37:25',0,'2023-07-03 16:37:25',b'0'),
	(707297485810339840,'Rick.Xu',1,'0',707297485751619584,0,'2023-07-03 16:40:39',0,'2023-07-03 16:40:39',b'0'),
	(707297847468396544,'Rick.Xu',1,'0',707297847401287680,0,'2023-07-03 16:42:06',0,'2023-07-03 16:42:06',b'0'),
	(707378789016965120,'Rick.Xu',1,'0',707378788949856256,0,'2023-07-03 22:03:44',0,'2023-07-03 22:03:44',b'0'),
	(707379005275279360,'Rick.Xu',1,'0',707379005208170496,0,'2023-07-03 22:04:35',0,'2023-07-03 22:04:35',b'0'),
	(707379144811384832,'Rick.Xu',1,'0',707379144744275968,0,'2023-07-03 22:05:08',0,'2023-07-03 22:05:08',b'0'),
	(707586228064653312,'Rick.Xu',1,'0',707586227984961536,0,'2023-07-04 11:48:01',0,'2023-07-04 11:48:01',b'0'),
	(708015854654099456,'Rick.Xu',1,'0',708015854595379200,0,'2023-07-05 16:15:12',0,'2023-07-05 16:15:12',b'0'),
	(708016782316703744,'Rick.Xu',1,'0',708016782245400576,0,'2023-07-05 16:18:53',0,'2023-07-05 16:18:53',b'0'),
	(708085358784450560,'Rick.Xu',1,'0',708085358729924608,0,'2023-07-05 20:51:23',0,'2023-07-05 20:51:23',b'0'),
	(708828120928489472,'Rick.Xu',1,'0',708828120865574912,0,'2023-07-07 22:02:51',0,'2023-07-07 22:02:51',b'0'),
	(708829273510645760,'Rick.Xu',1,'0',708829273443536896,0,'2023-07-07 22:07:26',0,'2023-07-07 22:07:26',b'0'),
	(708882178154459136,'Rick.Xu',1,'0',708882178083155968,0,'2023-07-08 01:37:39',0,'2023-07-08 01:37:39',b'0'),
	(708883600837210112,'Rick.Xu',1,'0',708883600774295552,0,'2023-07-08 01:43:19',0,'2023-07-08 01:43:19',b'0'),
	(708883908388745216,'Rick.Xu',1,'0',708883908330024960,0,'2023-07-08 01:44:32',0,'2023-07-08 01:44:32',b'0'),
	(710570752868356096,'Rick.Xu',1,'0',710570752797052928,0,'2023-07-12 17:27:27',0,'2023-07-12 17:27:27',b'0'),
	(711293558383972352,'Rick.Xu',1,'0',711293558321057792,0,'2023-07-14 17:19:37',0,'2023-07-14 17:19:37',b'0'),
	(711296951039037440,'Rick.Xu',1,'0',711296950967734272,0,'2023-07-14 17:33:06',0,'2023-07-14 17:33:06',b'0'),
	(712508002480951296,'Rick.Xu',1,'0',712508002401259520,0,'2023-07-18 01:45:23',0,'2023-07-18 01:45:23',b'0'),
	(715398487633584128,'Rick.Xu',1,'0',715398487574863872,0,'2023-07-26 01:11:09',0,'2023-07-26 01:11:09',b'0'),
	(716076939982430208,'Rick.Xu',1,'0',716076939923709952,0,'2023-07-27 22:07:04',0,'2023-07-27 22:07:04',b'0'),
	(716106642017509376,'Rick.Xu',1,'0',716106641958789120,0,'2023-07-28 00:05:06',0,'2023-07-28 00:05:06',b'0'),
	(716119625955303424,'Rick.Xu',1,'0',716119625879805952,0,'2023-07-28 00:56:41',0,'2023-07-28 00:56:41',b'0'),
	(716123444407721984,'Rick.Xu',1,'0',716123444336418816,0,'2023-07-28 01:11:52',0,'2023-07-28 01:11:52',b'0'),
	(716127356967739392,'Rick.Xu',1,'0',716127356883853312,0,'2023-07-28 01:27:25',0,'2023-07-28 01:27:25',b'0'),
	(716133633789812736,'Rick.Xu',1,'0',716133633655595008,0,'2023-07-28 01:52:21',0,'2023-07-28 01:52:21',b'0'),
	(716146033226178560,'Rick.Xu',1,'0',716146033154875392,0,'2023-07-28 02:41:37',0,'2023-07-28 02:41:37',b'0'),
	(716788772708048896,'Rick.Xu',1,'0',716788772632551424,0,'2023-07-29 21:15:39',0,'2023-07-29 21:15:39',b'0'),
	(717757261962809344,'Rick.Xu',1,'0',717757261870534656,0,'2023-08-01 13:24:04',0,'2023-08-01 13:24:04',b'0'),
	(717759064943104000,'Rick.Xu',1,'0',717759064867606528,0,'2023-08-01 13:31:14',0,'2023-08-01 13:31:14',b'0'),
	(718652999391531008,'Rick.Xu',1,'0',718652999299256320,0,'2023-08-04 00:43:25',0,'2023-08-04 00:43:25',b'0'),
	(718653524057018368,'Rick.Xu',1,'0',718653523964743680,0,'2023-08-04 00:45:30',0,'2023-08-04 00:45:30',b'0'),
	(721395143894110208,'Rick.Xu',1,'0',721395143814418432,0,'2023-08-11 14:19:43',0,'2023-08-11 14:19:43',b'0'),
	(723281752449105920,'Rick.Xu',1,'0',723281752373608448,0,'2023-08-16 19:16:26',0,'2023-08-16 19:16:26',b'0'),
	(729133044178362368,'Rick.Xu',1,'0',729133044081893376,0,'2023-09-01 22:47:22',0,'2023-09-01 22:47:22',b'0'),
	(729559403996385280,'Rick.Xu',1,'0',729559403933470720,0,'2023-09-03 03:01:34',0,'2023-09-03 03:01:34',b'0'),
	(736413908109115392,'Rick.Xu',1,'0',736413908042006528,0,'2023-09-22 00:58:55',0,'2023-09-22 00:58:55',b'0'),
	(736415254937878528,'Rick.Xu',1,'0',736415254874963968,0,'2023-09-22 01:04:17',0,'2023-09-22 01:04:17',b'0'),
	(736416074873978880,'Rick.Xu',1,'0',736416074815258624,0,'2023-09-22 01:07:32',0,'2023-09-22 01:07:32',b'0'),
	(736418376481521664,'Rick.Xu',1,'0',736418376414412800,0,'2023-09-22 01:16:41',0,'2023-09-22 01:16:41',b'0'),
	(736418712772427776,'Rick.Xu',1,'0',736418712709513216,0,'2023-09-22 01:18:01',0,'2023-09-22 01:18:01',b'0'),
	(784653805483462656,'Rick.Xu',1,'0',784653805366022144,0,'2024-02-02 03:47:03',0,'2024-02-02 03:47:03',b'0');

/*!40000 ALTER TABLE `t_school_student` ENABLE KEYS */;
UNLOCK TABLES;


# Dump of table t_school_teacher
# ------------------------------------------------------------

CREATE TABLE `t_school_teacher` (
  `id` bigint NOT NULL COMMENT '主键',
  `name` varchar(32) DEFAULT NULL COMMENT '姓名',
  `age` int DEFAULT NULL COMMENT '年龄',
  `create_by` bigint DEFAULT NULL,
  `create_time` datetime DEFAULT NULL,
  `update_by` bigint DEFAULT NULL,
  `update_time` datetime DEFAULT NULL,
  `is_deleted` bit(1) DEFAULT NULL,
  PRIMARY KEY (`id`)
) ENGINE=InnoDB DEFAULT CHARSET=utf8mb4 COLLATE=utf8mb4_0900_ai_ci COMMENT='教师';

LOCK TABLES `t_school_teacher` WRITE;
/*!40000 ALTER TABLE `t_school_teacher` DISABLE KEYS */;

INSERT INTO `t_school_teacher` (`id`, `name`, `age`, `create_by`, `create_time`, `update_by`, `update_time`, `is_deleted`)
VALUES
	(552173736518934528,'姚期智',50,0,'2022-05-01 15:14:15',0,'2022-05-01 15:14:15',b'0'),
	(552181594115465216,'姚期智',50,0,'2022-05-01 15:45:29',0,'2022-05-01 15:45:29',b'0'),
	(552190662150381568,'姚期智',50,0,'2022-05-01 16:21:31',0,'2022-05-01 16:21:31',b'0'),
	(552209760611655680,'姚期智',50,0,'2022-05-01 17:37:24',0,'2022-05-01 17:37:24',b'0'),
	(552215222740508672,'姚期智',50,0,'2022-05-01 17:59:07',0,'2022-05-01 17:59:07',b'0'),
	(552257374027702272,'姚期智',50,0,'2022-05-01 20:46:36',0,'2022-05-01 20:46:36',b'0'),
	(552257638528901120,'姚期智',50,0,'2022-05-01 20:47:39',0,'2022-05-01 20:47:39',b'0'),
	(552259812843511808,'姚期智',50,0,'2022-05-01 20:56:18',0,'2022-05-01 20:56:18',b'0'),
	(554013078375817216,'姚期智',50,0,'2022-05-06 17:03:09',0,'2022-05-06 17:03:09',b'0'),
	(554016042897301504,'姚期智',50,0,'2022-05-06 17:14:56',0,'2022-05-06 17:14:56',b'0'),
	(554016445865058304,'姚期智',50,0,'2022-05-06 17:16:32',0,'2022-05-06 17:16:32',b'0'),
	(554016914524004352,'姚期智',50,0,'2022-05-06 17:18:23',0,'2022-05-06 17:18:23',b'0'),
	(554056065990451200,'姚期智',50,0,'2022-05-06 19:53:58',0,'2022-05-06 19:53:58',b'0'),
	(554064101853290496,'姚期智',50,0,'2022-05-06 20:25:54',0,'2022-05-06 20:25:54',b'0'),
	(556602159190433792,'姚期智',50,0,'2022-05-13 20:31:14',0,'2022-05-13 20:31:14',b'0'),
	(556615272811913216,'姚期智',50,0,'2022-05-13 21:23:20',0,'2022-05-13 21:23:20',b'0'),
	(556620948569251840,'姚期智',50,0,'2022-05-13 21:45:53',0,'2022-05-13 21:45:53',b'0'),
	(556676483154894848,'姚期智',50,0,'2022-05-14 01:26:34',0,'2022-05-14 01:26:34',b'0'),
	(556676683617460224,'姚期智',50,0,'2022-05-14 01:27:22',0,'2022-05-14 01:27:22',b'0'),
	(556681496686157824,'姚期智',50,0,'2022-05-14 01:46:29',0,'2022-05-14 01:46:29',b'0'),
	(556683183949799424,'姚期智',50,0,'2022-05-14 01:53:12',0,'2022-05-14 01:53:12',b'0'),
	(556683567623757824,'姚期智',50,0,'2022-05-14 01:54:43',0,'2022-05-14 01:54:43',b'0'),
	(556683766471516160,'姚期智',50,0,'2022-05-14 01:55:30',0,'2022-05-14 01:55:30',b'0'),
	(556684018658238464,'姚期智',50,0,'2022-05-14 01:56:31',0,'2022-05-14 01:56:31',b'0'),
	(556684169049202688,'姚期智',50,0,'2022-05-14 01:57:06',0,'2022-05-14 01:57:06',b'0'),
	(556684504815820800,'姚期智',50,0,'2022-05-14 01:58:26',0,'2022-05-14 01:58:26',b'0'),
	(556685421980082176,'姚期智',50,0,'2022-05-14 02:02:05',0,'2022-05-14 02:02:05',b'0'),
	(556685656512978944,'姚期智',50,0,'2022-05-14 02:03:01',0,'2022-05-14 02:03:01',b'0'),
	(556686085472837632,'姚期智',50,0,'2022-05-14 02:04:43',0,'2022-05-14 02:04:43',b'0'),
	(556686676592877568,'姚期智',50,0,'2022-05-14 02:07:04',0,'2022-05-14 02:07:04',b'0'),
	(556689621925421056,'姚期智',50,0,'2022-05-14 02:18:46',0,'2022-05-14 02:18:46',b'0'),
	(556689908757094400,'姚期智',50,0,'2022-05-14 02:19:55',0,'2022-05-14 02:19:55',b'0'),
	(556790985770852352,'姚期智',50,0,'2022-05-14 09:01:33',0,'2022-05-14 09:01:33',b'0'),
	(556800203693416448,'姚期智',50,0,'2022-05-14 09:38:11',0,'2022-05-14 09:38:11',b'0'),
	(556806332691439616,'姚期智',50,0,'2022-05-14 10:02:32',0,'2022-05-14 10:02:32',b'0'),
	(556807622909681664,'姚期智',50,0,'2022-05-14 10:07:40',0,'2022-05-14 10:07:40',b'0'),
	(556808454388506624,'姚期智',50,0,'2022-05-14 10:10:58',0,'2022-05-14 10:10:58',b'0'),
	(556818167771619328,'姚期智',50,0,'2022-05-14 10:49:34',0,'2022-05-14 10:49:34',b'0'),
	(556825437955874816,'姚期智',50,0,'2022-05-14 11:18:28',0,'2022-05-14 11:18:28',b'0'),
	(556840102152822784,'姚期智',50,0,'2022-05-14 12:16:44',0,'2022-05-14 12:16:44',b'0'),
	(556840321707859968,'姚期智',50,0,'2022-05-14 12:17:36',0,'2022-05-14 12:17:36',b'0'),
	(556840460497379328,'姚期智',50,0,'2022-05-14 12:18:09',0,'2022-05-14 12:18:09',b'0'),
	(556840937377161216,'姚期智',50,0,'2022-05-14 12:20:03',0,'2022-05-14 12:20:03',b'0'),
	(556841352084774912,'姚期智',50,0,'2022-05-14 12:21:42',0,'2022-05-14 12:21:42',b'0'),
	(556843888841777152,'姚期智',50,0,'2022-05-14 12:31:47',0,'2022-05-14 12:31:47',b'0'),
	(556846103270711296,'姚期智',50,0,'2022-05-14 12:40:35',0,'2022-05-14 12:40:35',b'0'),
	(556846341767225344,'姚期智',50,0,'2022-05-14 12:41:31',0,'2022-05-14 12:41:31',b'0'),
	(556950494577352704,'姚期智',50,0,'2022-05-14 19:35:23',0,'2022-05-14 19:35:23',b'0'),
	(557558371352502272,'姚期智',50,0,'2022-05-16 11:50:52',0,'2022-05-16 11:50:52',b'0'),
	(557563442098266112,'姚期智',50,0,'2022-05-16 12:11:01',0,'2022-05-16 12:11:01',b'0'),
	(558653498657529856,'姚期智',50,0,'2022-05-19 12:22:31',0,'2022-05-19 12:22:31',b'0'),
	(558654534885498880,'姚期智',50,0,'2022-05-19 12:26:38',0,'2022-05-19 12:26:38',b'0'),
	(558654956798926848,'姚期智',50,0,'2022-05-19 12:28:19',0,'2022-05-19 12:28:19',b'0'),
	(558666757531951104,'姚期智',50,0,'2022-05-19 13:15:12',0,'2022-05-19 13:15:12',b'0'),
	(558725655093764096,'姚期智',50,0,'2022-05-19 17:09:15',0,'2022-05-19 17:09:15',b'0'),
	(559022563611828224,'姚期智',50,0,'2022-05-20 12:49:03',0,'2022-05-20 12:49:03',b'0'),
	(559205670474407936,'姚期智',50,0,'2022-05-21 00:56:39',0,'2022-05-21 00:56:39',b'0'),
	(565859493255241728,'姚期智',50,0,'2022-06-08 09:36:34',0,'2022-06-08 09:36:34',b'0'),
	(567027449230188544,'姚期智',50,0,'2022-06-11 14:57:37',0,'2022-06-11 14:57:37',b'0'),
	(568230304234528768,'姚期智',50,0,'2022-06-14 22:37:20',0,'2022-06-14 22:37:20',b'0'),
	(568256686092115968,'姚期智',50,0,'2022-06-15 00:22:09',0,'2022-06-15 00:22:09',b'0'),
	(568257121716723712,'姚期智',50,0,'2022-06-15 00:23:53',0,'2022-06-15 00:23:53',b'0'),
	(568258152202690560,'姚期智',50,0,'2022-06-15 00:27:59',0,'2022-06-15 00:27:59',b'0'),
	(568263334147842048,'姚期智',50,0,'2022-06-15 00:48:34',0,'2022-06-15 00:48:34',b'0'),
	(568273329912471552,'姚期智',50,0,'2022-06-15 01:28:18',0,'2022-06-15 01:28:18',b'0'),
	(568273489577041920,'姚期智',50,0,'2022-06-15 01:28:56',0,'2022-06-15 01:28:56',b'0'),
	(568273872890290176,'姚期智',50,0,'2022-06-15 01:30:27',0,'2022-06-15 01:30:27',b'0'),
	(568274128126271488,'姚期智',50,0,'2022-06-15 01:31:28',0,'2022-06-15 01:31:28',b'0'),
	(568274611981180928,'姚期智',50,0,'2022-06-15 01:33:23',0,'2022-06-15 01:33:23',b'0'),
	(568275717301919744,'姚期智',50,0,'2022-06-15 01:37:47',0,'2022-06-15 01:37:47',b'0'),
	(568275815826120704,'姚期智',50,0,'2022-06-15 01:38:10',0,'2022-06-15 01:38:10',b'0'),
	(568275955462889472,'姚期智',50,0,'2022-06-15 01:38:44',0,'2022-06-15 01:38:44',b'0'),
	(568276168118296576,'姚期智',50,0,'2022-06-15 01:39:34',0,'2022-06-15 01:39:34',b'0'),
	(568276578866487296,'姚期智',50,0,'2022-06-15 01:41:12',0,'2022-06-15 01:41:12',b'0'),
	(568280577720115200,'姚期智',50,0,'2022-06-15 01:57:06',0,'2022-06-15 01:57:06',b'0'),
	(568280738907217920,'姚期智',50,0,'2022-06-15 01:57:44',0,'2022-06-15 01:57:44',b'0'),
	(568281205494177792,'姚期智',50,0,'2022-06-15 01:59:35',0,'2022-06-15 01:59:35',b'0'),
	(568281438131249152,'姚期智',50,0,'2022-06-15 02:00:31',0,'2022-06-15 02:00:31',b'0'),
	(568281638186967040,'姚期智',50,0,'2022-06-15 02:01:19',0,'2022-06-15 02:01:19',b'0'),
	(568285153789665280,'姚期智',50,0,'2022-06-15 02:15:17',0,'2022-06-15 02:15:17',b'0'),
	(568285349680439296,'姚期智',50,0,'2022-06-15 02:16:03',0,'2022-06-15 02:16:03',b'0'),
	(568285547961966592,'姚期智',50,0,'2022-06-15 02:16:51',0,'2022-06-15 02:16:51',b'0'),
	(568285662147698688,'姚期智',50,0,'2022-06-15 02:17:18',0,'2022-06-15 02:17:18',b'0'),
	(568286857914408960,'姚期智',50,0,'2022-06-15 02:22:03',0,'2022-06-15 02:22:03',b'0'),
	(614259255406682112,'姚期智',50,0,'2022-10-19 22:59:57',0,'2022-10-19 22:59:57',b'0'),
	(616355663928369152,'姚期智',50,0,'2022-10-25 17:50:19',0,'2022-10-25 17:50:19',b'0'),
	(616358901520015360,'姚期智',50,0,'2022-10-25 18:03:11',0,'2022-10-25 18:03:11',b'0'),
	(616730679962509312,'姚期智',50,0,'2022-10-26 18:40:30',0,'2022-10-26 18:40:30',b'0'),
	(616982309354086400,'姚期智',50,0,'2022-10-27 11:20:23',0,'2022-10-27 11:20:23',b'0'),
	(617326481260945408,'姚期智',50,0,'2022-10-28 10:08:00',0,'2022-10-28 10:08:00',b'0'),
	(617327235753320448,'姚期智',50,0,'2022-10-28 10:11:00',0,'2022-10-28 10:11:00',b'0'),
	(617329102919049216,'姚期智',50,0,'2022-10-28 10:18:25',0,'2022-10-28 10:18:25',b'0'),
	(617329735923408896,'姚期智',50,0,'2022-10-28 10:20:56',0,'2022-10-28 10:20:56',b'0'),
	(617340809540280320,'姚期智',50,0,'2022-10-28 11:04:56',0,'2022-10-28 11:04:56',b'0'),
	(617352745304727552,'姚期智',50,0,'2022-10-28 11:52:22',0,'2022-10-28 11:52:22',b'0'),
	(617354932802035712,'姚期智',50,0,'2022-10-28 12:01:04',0,'2022-10-28 12:01:04',b'0'),
	(617496509725990912,'姚期智',50,0,'2022-10-28 21:23:38',0,'2022-10-28 21:23:38',b'0'),
	(617498996684021760,'姚期智',50,0,'2022-10-28 21:33:31',0,'2022-10-28 21:33:31',b'0'),
	(617499175638196224,'姚期智',50,0,'2022-10-28 21:34:14',0,'2022-10-28 21:34:14',b'0'),
	(617500560647708672,'姚期智',50,0,'2022-10-28 21:39:44',0,'2022-10-28 21:39:44',b'0'),
	(617501394261434368,'姚期智',50,0,'2022-10-28 21:43:03',0,'2022-10-28 21:43:03',b'0'),
	(617502089119195136,'姚期智',50,0,'2022-10-28 21:45:48',0,'2022-10-28 21:45:48',b'0'),
	(617504271482675200,'姚期智',50,0,'2022-10-28 21:54:29',0,'2022-10-28 21:54:29',b'0'),
	(617508966641098752,'姚期智',50,0,'2022-10-28 22:13:08',0,'2022-10-28 22:13:08',b'0'),
	(617517714407350272,'姚期智',50,0,'2022-10-28 22:47:54',0,'2022-10-28 22:47:54',b'0'),
	(617517937854701568,'姚期智',50,0,'2022-10-28 22:48:47',0,'2022-10-28 22:48:47',b'0'),
	(617518791164878848,'姚期智',50,0,'2022-10-28 22:52:11',0,'2022-10-28 22:52:11',b'0'),
	(617533921453858816,'姚期智',50,0,'2022-10-28 23:52:18',0,'2022-10-28 23:52:18',b'0'),
	(617539170033917952,'姚期智',50,0,'2022-10-29 00:13:09',0,'2022-10-29 00:13:09',b'0'),
	(617539899536629760,'姚期智',50,0,'2022-10-29 00:16:03',0,'2022-10-29 00:16:03',b'0'),
	(617540367381880832,'姚期智',50,0,'2022-10-29 00:17:55',0,'2022-10-29 00:17:55',b'0'),
	(617540675252183040,'姚期智',50,0,'2022-10-29 00:19:08',0,'2022-10-29 00:19:08',b'0'),
	(617541058112446464,'姚期智',50,0,'2022-10-29 00:20:39',0,'2022-10-29 00:20:39',b'0'),
	(617541503711109120,'姚期智',50,0,'2022-10-29 00:22:26',0,'2022-10-29 00:22:26',b'0'),
	(617550625038852096,'姚期智',50,0,'2022-10-29 00:58:40',0,'2022-10-29 00:58:40',b'0'),
	(617550975917547520,'姚期智',50,0,'2022-10-29 01:00:04',0,'2022-10-29 01:00:04',b'0'),
	(617551181635575808,'姚期智',50,0,'2022-10-29 01:00:53',0,'2022-10-29 01:00:53',b'0'),
	(617551385558441984,'姚期智',50,0,'2022-10-29 01:01:42',0,'2022-10-29 01:01:42',b'0'),
	(617551637707415552,'姚期智',50,0,'2022-10-29 01:02:42',0,'2022-10-29 01:02:42',b'0'),
	(617553045131288576,'姚期智',50,0,'2022-10-29 01:08:17',0,'2022-10-29 01:08:17',b'0'),
	(617759015698620416,'姚期智',50,0,'2022-10-29 14:46:45',0,'2022-10-29 14:46:45',b'0'),
	(617759558856794112,'姚期智',50,0,'2022-10-29 14:48:54',0,'2022-10-29 14:48:54',b'0'),
	(617760109371777024,'姚期智',50,0,'2022-10-29 14:51:05',0,'2022-10-29 14:51:05',b'0'),
	(617760597337104384,'姚期智',50,0,'2022-10-29 14:53:02',0,'2022-10-29 14:53:02',b'0'),
	(617765999323832320,'姚期智',50,0,'2022-10-29 15:14:30',0,'2022-10-29 15:14:30',b'0'),
	(617766531480346624,'姚期智',50,0,'2022-10-29 15:16:36',0,'2022-10-29 15:16:36',b'0'),
	(617771757553770496,'姚期智',50,0,'2022-10-29 15:37:22',0,'2022-10-29 15:37:22',b'0'),
	(617771977163333632,'姚期智',50,0,'2022-10-29 15:38:15',0,'2022-10-29 15:38:15',b'0'),
	(617777157732753408,'姚期智',50,0,'2022-10-29 15:58:50',0,'2022-10-29 15:58:50',b'0'),
	(617835472600883200,'姚期智',50,0,'2022-10-29 19:50:33',0,'2022-10-29 19:50:33',b'0'),
	(617835880173985792,'姚期智',50,0,'2022-10-29 19:52:10',0,'2022-10-29 19:52:10',b'0'),
	(617859246389911552,'姚期智',50,0,'2022-10-29 21:25:01',0,'2022-10-29 21:25:01',b'0'),
	(617867237319172096,'姚期智',50,0,'2022-10-29 21:56:47',0,'2022-10-29 21:56:47',b'0'),
	(617867404210528256,'姚期智',50,0,'2022-10-29 21:57:26',0,'2022-10-29 21:57:26',b'0'),
	(617907903231352832,'姚期智',50,0,'2022-10-30 00:38:22',0,'2022-10-30 00:38:22',b'0'),
	(619302907300470784,'姚期智',50,0,'2022-11-02 21:01:37',0,'2022-11-02 21:01:37',b'0'),
	(619308538552049664,'姚期智',50,0,'2022-11-02 21:24:00',0,'2022-11-02 21:24:00',b'0'),
	(619308930199379968,'姚期智',50,0,'2022-11-02 21:25:33',0,'2022-11-02 21:25:33',b'0'),
	(619315179796226048,'姚期智',50,0,'2022-11-02 21:50:23',0,'2022-11-02 21:50:23',b'0'),
	(619907491332890624,'姚期智',50,0,'2022-11-04 13:04:01',0,'2022-11-04 13:04:01',b'0'),
	(622028857423355904,'姚期智',50,0,'2022-11-10 09:33:34',0,'2022-11-10 09:33:34',b'0'),
	(622131291013439488,'姚期智',50,0,'2022-11-10 16:20:36',0,'2022-11-10 16:20:36',b'0'),
	(626173812186050560,'姚期智',50,0,'2022-11-21 20:04:08',0,'2022-11-21 20:04:08',b'0'),
	(627206588582612992,'姚期智',50,0,'2022-11-24 16:28:01',0,'2022-11-24 16:28:01',b'0'),
	(627549158638637056,'姚期智',50,0,'2022-11-25 15:09:17',0,'2022-11-25 15:09:17',b'0'),
	(627550890022162432,'姚期智',50,0,'2022-11-25 15:16:09',0,'2022-11-25 15:16:09',b'0'),
	(627581000519536640,'姚期智',50,0,'2022-11-25 17:15:48',0,'2022-11-25 17:15:48',b'0'),
	(627601749091307520,'姚期智',50,0,'2022-11-25 18:38:15',0,'2022-11-25 18:38:15',b'0'),
	(627602767795474432,'姚期智',50,0,'2022-11-25 18:42:18',0,'2022-11-25 18:42:18',b'0'),
	(627604473518247936,'姚期智',50,0,'2022-11-25 18:49:05',0,'2022-11-25 18:49:05',b'0'),
	(659196328538042368,'姚期智',50,0,'2023-02-20 23:03:50',0,'2023-02-20 23:03:50',b'0'),
	(659921218132013056,'姚期智',50,0,'2023-02-22 23:04:17',0,'2023-02-22 23:04:17',b'0'),
	(660275243830493184,'姚期智',50,0,'2023-02-23 22:31:03',0,'2023-02-23 22:31:03',b'0'),
	(660457839818457088,'姚期智',50,0,'2023-02-24 10:36:38',0,'2023-02-24 10:36:38',b'0'),
	(660617698585100288,'姚期智',50,0,'2023-02-24 21:11:51',0,'2023-02-24 21:11:51',b'0'),
	(663184007147565056,'姚期智',50,0,'2023-03-03 23:09:26',0,'2023-03-03 23:09:26',b'0'),
	(664155754638356480,'姚期智',50,0,'2023-03-06 15:30:49',0,'2023-03-06 15:30:49',b'0'),
	(664178791395897344,'姚期智',50,0,'2023-03-06 17:02:22',0,'2023-03-06 17:02:22',b'0'),
	(664187111351529472,'姚期智',50,0,'2023-03-06 17:35:25',0,'2023-03-06 17:35:25',b'0'),
	(664190410121293824,'姚期智',50,0,'2023-03-06 17:48:32',0,'2023-03-06 17:48:32',b'0'),
	(664191355630661632,'姚期智',50,0,'2023-03-06 17:52:17',0,'2023-03-06 17:52:17',b'0'),
	(664191550930038784,'姚期智',50,0,'2023-03-06 17:53:04',0,'2023-03-06 17:53:04',b'0'),
	(664268080045633536,'姚期智',50,0,'2023-03-06 22:57:10',0,'2023-03-06 22:57:10',b'0'),
	(664988576706002944,'姚期智',50,0,'2023-03-08 22:40:09',0,'2023-03-08 22:40:09',b'0'),
	(664989083415674880,'姚期智',50,0,'2023-03-08 22:42:10',0,'2023-03-08 22:42:10',b'0'),
	(665284807214788608,'姚期智',50,0,'2023-03-09 18:17:16',0,'2023-03-09 18:17:16',b'0'),
	(665291336437493760,'姚期智',50,0,'2023-03-09 18:43:13',0,'2023-03-09 18:43:13',b'0'),
	(665298009436745728,'姚期智',50,0,'2023-03-09 19:09:44',0,'2023-03-09 19:09:44',b'0'),
	(665307276738850816,'姚期智',50,0,'2023-03-09 19:46:33',0,'2023-03-09 19:46:33',b'0'),
	(665308639354974208,'姚期智',50,0,'2023-03-09 19:51:58',0,'2023-03-09 19:51:58',b'0'),
	(665357295214948352,'姚期智',50,0,'2023-03-09 23:05:19',0,'2023-03-09 23:05:19',b'0'),
	(665359707405316096,'姚期智',50,0,'2023-03-09 23:14:54',0,'2023-03-09 23:14:54',b'0'),
	(665360716324171776,'姚期智',50,0,'2023-03-09 23:18:54',0,'2023-03-09 23:18:54',b'0'),
	(665362159017947136,'姚期智',50,0,'2023-03-09 23:24:38',0,'2023-03-09 23:24:38',b'0'),
	(665363114945966080,'姚期智',50,0,'2023-03-09 23:28:26',0,'2023-03-09 23:28:26',b'0'),
	(665364350059442176,'姚期智',50,0,'2023-03-09 23:33:21',0,'2023-03-09 23:33:21',b'0'),
	(665368050794524672,'姚期智',50,0,'2023-03-09 23:48:03',0,'2023-03-09 23:48:03',b'0'),
	(665369434898067456,'姚期智',50,0,'2023-03-09 23:53:33',0,'2023-03-09 23:53:33',b'0'),
	(665370865713573888,'姚期智',50,0,'2023-03-09 23:59:14',0,'2023-03-09 23:59:14',b'0'),
	(665373354391269376,'姚期智',50,0,'2023-03-10 00:09:08',0,'2023-03-10 00:09:08',b'0'),
	(665384563354136576,'姚期智',50,0,'2023-03-10 00:53:40',0,'2023-03-10 00:53:40',b'0'),
	(665385252574752768,'姚期智',50,0,'2023-03-10 00:56:24',0,'2023-03-10 00:56:24',b'0'),
	(665390281729798144,'姚期智',50,0,'2023-03-10 01:16:23',0,'2023-03-10 01:16:23',b'0'),
	(665506584033521664,'姚期智',50,0,'2023-03-10 08:58:32',0,'2023-03-10 08:58:32',b'0'),
	(665507848075112448,'姚期智',50,0,'2023-03-10 09:03:33',0,'2023-03-10 09:03:33',b'0'),
	(665531029536141312,'姚期智',50,0,'2023-03-10 10:35:40',0,'2023-03-10 10:35:40',b'0'),
	(665532542857801728,'姚期智',50,0,'2023-03-10 10:41:41',0,'2023-03-10 10:41:41',b'0'),
	(665533090927505408,'姚期智',50,0,'2023-03-10 10:43:52',0,'2023-03-10 10:43:52',b'0'),
	(665533219646500864,'姚期智',50,0,'2023-03-10 10:44:22',0,'2023-03-10 10:44:22',b'0'),
	(665533409644277760,'姚期智',50,0,'2023-03-10 10:45:08',0,'2023-03-10 10:45:08',b'0'),
	(665533555115323392,'姚期智',50,0,'2023-03-10 10:45:42',0,'2023-03-10 10:45:42',b'0'),
	(665534668040335360,'姚期智',50,0,'2023-03-10 10:50:08',0,'2023-03-10 10:50:08',b'0'),
	(665535011251843072,'姚期智',50,0,'2023-03-10 10:51:30',0,'2023-03-10 10:51:30',b'0'),
	(665535357072207872,'姚期智',50,0,'2023-03-10 10:52:52',0,'2023-03-10 10:52:52',b'0'),
	(665536415152500736,'姚期智',50,0,'2023-03-10 10:57:04',0,'2023-03-10 10:57:04',b'0'),
	(665538815418462208,'姚期智',50,0,'2023-03-10 11:06:37',0,'2023-03-10 11:06:37',b'0'),
	(665551746830987264,'姚期智',50,0,'2023-03-10 11:58:00',0,'2023-03-10 11:58:00',b'0'),
	(665552240043388928,'姚期智',50,0,'2023-03-10 11:59:57',0,'2023-03-10 11:59:57',b'0'),
	(665555126546624512,'姚期智',50,0,'2023-03-10 12:11:25',0,'2023-03-10 12:11:25',b'0'),
	(665558230004428800,'姚期智',50,0,'2023-03-10 12:23:45',0,'2023-03-10 12:23:45',b'0'),
	(665561511770484736,'姚期智',50,0,'2023-03-10 12:36:48',0,'2023-03-10 12:36:48',b'0'),
	(665561817128398848,'姚期智',50,0,'2023-03-10 12:38:01',0,'2023-03-10 12:38:01',b'0'),
	(665562708850012160,'姚期智',50,0,'2023-03-10 12:41:33',0,'2023-03-10 12:41:33',b'0'),
	(665578037248552960,'姚期智',50,0,'2023-03-10 13:42:28',0,'2023-03-10 13:42:28',b'0'),
	(665578229901324288,'姚期智',50,0,'2023-03-10 13:43:14',0,'2023-03-10 13:43:14',b'0'),
	(665579104451457024,'姚期智',50,0,'2023-03-10 13:46:42',0,'2023-03-10 13:46:42',b'0'),
	(665582012349837312,'姚期智',50,0,'2023-03-10 13:58:15',0,'2023-03-10 13:58:15',b'0'),
	(665591366834745344,'姚期智',50,0,'2023-03-10 14:35:26',0,'2023-03-10 14:35:26',b'0'),
	(665664283052371968,'姚期智',50,0,'2023-03-10 19:25:10',0,'2023-03-10 19:25:10',b'0'),
	(665668589310734336,'姚期智',50,0,'2023-03-10 19:42:17',0,'2023-03-10 19:42:17',b'0'),
	(665670083632197632,'姚期智',50,0,'2023-03-10 19:48:13',0,'2023-03-10 19:48:13',b'0'),
	(665671452304896000,'姚期智',50,0,'2023-03-10 19:53:40',0,'2023-03-10 19:53:40',b'0'),
	(665673863903866880,'姚期智',50,0,'2023-03-10 20:03:15',0,'2023-03-10 20:03:15',b'0'),
	(665675970774069248,'姚期智',50,0,'2023-03-10 20:11:37',0,'2023-03-10 20:11:37',b'0'),
	(665677968172937216,'姚期智',50,0,'2023-03-10 20:19:33',0,'2023-03-10 20:19:33',b'0'),
	(665689623426527232,'姚期智',50,0,'2023-03-10 21:05:52',0,'2023-03-10 21:05:52',b'0'),
	(665726155201998848,'姚期智',50,0,'2023-03-10 23:31:02',0,'2023-03-10 23:31:02',b'0'),
	(665731918330884096,'姚期智',50,0,'2023-03-10 23:53:56',0,'2023-03-10 23:53:56',b'0'),
	(665733023131529216,'姚期智',50,0,'2023-03-10 23:58:19',0,'2023-03-10 23:58:19',b'0'),
	(666031608037404672,'姚期智',50,0,'2023-03-11 19:44:47',0,'2023-03-11 19:44:47',b'0'),
	(666036511661125632,'姚期智',50,0,'2023-03-11 20:04:17',0,'2023-03-11 20:04:17',b'0'),
	(666637238825684992,'姚期智',50,0,'2023-03-13 11:51:21',0,'2023-03-13 11:51:21',b'0'),
	(666643808024301568,'姚期智',50,0,'2023-03-13 12:17:27',0,'2023-03-13 12:17:27',b'0'),
	(666693288631242752,'姚期智',50,0,'2023-03-13 15:34:04',0,'2023-03-13 15:34:04',b'0'),
	(666788400233222144,'姚期智',50,0,'2023-03-13 21:52:01',0,'2023-03-13 21:52:01',b'0'),
	(666800821442220032,'姚期智',50,0,'2023-03-13 22:41:22',0,'2023-03-13 22:41:22',b'0'),
	(666801990629625856,'姚期智',50,0,'2023-03-13 22:46:01',0,'2023-03-13 22:46:01',b'0'),
	(666810782574481408,'姚期智',50,0,'2023-03-13 23:20:57',0,'2023-03-13 23:20:57',b'0'),
	(666816494067290112,'姚期智',50,0,'2023-03-13 23:43:39',0,'2023-03-13 23:43:39',b'0'),
	(666817115633782784,'姚期智',50,0,'2023-03-13 23:46:07',0,'2023-03-13 23:46:07',b'0'),
	(667040191445233664,'姚期智',50,0,'2023-03-14 14:32:32',0,'2023-03-14 14:32:32',b'0'),
	(667042390053253120,'姚期智',50,0,'2023-03-14 14:41:17',0,'2023-03-14 14:41:17',b'0'),
	(667043214108160000,'姚期智',50,0,'2023-03-14 14:44:33',0,'2023-03-14 14:44:33',b'0'),
	(667043493155205120,'姚期智',50,0,'2023-03-14 14:45:40',0,'2023-03-14 14:45:40',b'0'),
	(667043614467059712,'姚期智',50,0,'2023-03-14 14:46:09',0,'2023-03-14 14:46:09',b'0'),
	(667045660133978112,'姚期智',50,0,'2023-03-14 14:54:16',0,'2023-03-14 14:54:16',b'0'),
	(667046085453180928,'姚期智',50,0,'2023-03-14 14:55:58',0,'2023-03-14 14:55:58',b'0'),
	(667046318094446592,'姚期智',50,0,'2023-03-14 14:56:53',0,'2023-03-14 14:56:53',b'0'),
	(667057258835767296,'哈哈',50,0,'2023-03-14 15:40:22',0,'2023-03-14 15:40:22',b'0'),
	(667112089457815552,'姚期智',50,0,'2023-03-14 19:18:14',0,'2023-03-14 19:18:14',b'0'),
	(667112601175486464,'姚期智',50,0,'2023-03-14 19:20:16',0,'2023-03-14 19:20:16',b'0'),
	(667113226453938176,'姚期智',50,0,'2023-03-14 19:22:45',0,'2023-03-14 19:22:45',b'0'),
	(667113347447025664,'姚期智',50,0,'2023-03-14 19:23:14',0,'2023-03-14 19:23:14',b'0'),
	(667113488212062208,'姚期智',50,0,'2023-03-14 19:23:48',0,'2023-03-14 19:23:48',b'0'),
	(667195371881000960,'姚期智',50,0,'2023-03-15 00:49:10',0,'2023-03-15 00:49:10',b'0'),
	(667228124483710976,'姚期智',50,0,'2023-03-15 02:59:19',0,'2023-03-15 02:59:19',b'0'),
	(667440660852273152,'姚期智',50,0,'2023-03-15 17:03:52',0,'2023-03-15 17:03:52',b'0'),
	(667473124211585024,'姚期智',50,0,'2023-03-15 19:12:52',0,'2023-03-15 19:12:52',b'0'),
	(667477279424671744,'姚期智',50,0,'2023-03-15 19:29:22',0,'2023-03-15 19:29:22',b'0'),
	(667684130875572224,'姚期智',50,0,'2023-03-16 09:11:20',0,'2023-03-16 09:11:20',b'0'),
	(667700917511979008,'姚期智',50,0,'2023-03-16 10:18:02',0,'2023-03-16 10:18:02',b'0'),
	(667718808412160000,'姚期智',50,0,'2023-03-16 11:29:07',0,'2023-03-16 11:29:07',b'0'),
	(667743900567404544,'姚期智',50,0,'2023-03-16 13:08:50',0,'2023-03-16 13:08:50',b'0'),
	(667744635065532416,'姚期智',50,0,'2023-03-16 13:11:45',0,'2023-03-16 13:11:45',b'0'),
	(667744978126045184,'姚期智',50,0,'2023-03-16 13:13:07',0,'2023-03-16 13:13:07',b'0'),
	(667751927911612416,'姚期智',50,0,'2023-03-16 13:40:44',0,'2023-03-16 13:40:44',b'0'),
	(667766289179148288,'姚期智',50,0,'2023-03-16 14:37:48',0,'2023-03-16 14:37:48',b'0'),
	(670488904893251584,'姚期智',50,0,'2023-03-24 02:56:30',0,'2023-03-24 02:56:30',b'0'),
	(670596405349367808,'姚期智',50,0,'2023-03-24 10:03:40',0,'2023-03-24 10:03:40',b'0'),
	(670599882922311680,'姚期智',50,0,'2023-03-24 10:17:29',0,'2023-03-24 10:17:29',b'0'),
	(670600223294275584,'姚期智',50,0,'2023-03-24 10:18:50',0,'2023-03-24 10:18:50',b'0'),
	(670600354739568640,'姚期智',50,0,'2023-03-24 10:19:22',0,'2023-03-24 10:19:22',b'0'),
	(670600690296471552,'姚期智',50,0,'2023-03-24 10:20:42',0,'2023-03-24 10:20:42',b'0'),
	(670601640021114880,'姚期智',50,0,'2023-03-24 10:24:28',0,'2023-03-24 10:24:28',b'0'),
	(670610105099665408,'姚期智',50,0,'2023-03-24 10:58:06',0,'2023-03-24 10:58:06',b'0'),
	(670613244183887872,'姚期智',50,0,'2023-03-24 11:10:35',0,'2023-03-24 11:10:35',b'0'),
	(670613619133693952,'姚期智',50,0,'2023-03-24 11:12:04',0,'2023-03-24 11:12:04',b'0'),
	(670620512610729984,'姚期智',50,0,'2023-03-24 11:39:28',0,'2023-03-24 11:39:28',b'0'),
	(671154151127826432,'姚期智',50,0,'2023-03-25 22:59:57',0,'2023-03-25 22:59:57',b'0'),
	(671530411704238080,'姚期智',50,0,'2023-03-26 23:55:04',0,'2023-03-26 23:55:04',b'0'),
	(671545901608648704,'姚期智',50,0,'2023-03-27 00:56:37',0,'2023-03-27 00:56:37',b'0'),
	(671741056596885504,'姚期智',50,0,'2023-03-27 13:52:06',0,'2023-03-27 13:52:06',b'0'),
	(672163054590410752,'姚期智',50,0,'2023-03-28 17:48:58',0,'2023-03-28 17:48:58',b'0'),
	(672213022638391296,'姚期智',50,0,'2023-03-28 21:07:32',0,'2023-03-28 21:07:32',b'0'),
	(681911659341574144,'姚期智',50,0,'2023-04-24 15:26:27',0,'2023-04-24 15:26:27',b'0'),
	(681916740715704320,'姚期智',50,0,'2023-04-24 15:46:38',0,'2023-04-24 15:46:38',b'0'),
	(681917481224269824,'姚期智',50,0,'2023-04-24 15:49:35',0,'2023-04-24 15:49:35',b'0'),
	(681966732520222720,'姚期智',50,0,'2023-04-24 19:05:17',0,'2023-04-24 19:05:17',b'0'),
	(682371245659942912,'姚期智',50,0,'2023-04-25 21:52:41',0,'2023-04-25 21:52:41',b'0'),
	(688447942310260736,'姚期智',50,0,'2023-05-12 16:19:18',0,'2023-05-12 16:19:18',b'0'),
	(688448700946608128,'姚期智',50,0,'2023-05-12 16:22:19',0,'2023-05-12 16:22:19',b'0'),
	(688450938448408576,'姚期智',50,0,'2023-05-12 16:31:12',0,'2023-05-12 16:31:12',b'0'),
	(688460011461963776,'姚期智',50,0,'2023-05-12 17:07:16',0,'2023-05-12 17:07:16',b'0'),
	(688957535259987968,'姚期智',50,0,'2023-05-14 02:04:14',0,'2023-05-14 02:04:14',b'0'),
	(688960463957921792,'姚期智',50,0,'2023-05-14 02:15:53',0,'2023-05-14 02:15:53',b'0'),
	(688968438768472064,'姚期智',50,NULL,'2023-05-14 02:47:34',NULL,'2023-05-14 02:47:34',b'0'),
	(688968812086693888,'姚期智',50,NULL,'2023-05-14 02:49:03',NULL,'2023-05-14 02:49:03',b'0'),
	(688969593548443648,'姚期智',50,0,'2023-05-14 02:52:09',0,'2023-05-14 02:52:09',b'0'),
	(688975787109388288,'姚期智',50,0,'2023-05-14 03:16:46',0,'2023-05-14 03:16:46',b'0'),
	(689548015031029760,'姚期智',50,0,'2023-05-15 17:10:36',0,'2023-05-15 17:10:36',b'0'),
	(689559275512532992,'姚期智',50,0,'2023-05-15 17:55:20',0,'2023-05-15 17:55:20',b'0'),
	(689582000910110720,'姚期智',50,0,'2023-05-15 19:25:39',0,'2023-05-15 19:25:39',b'0'),
	(689586460860354560,'姚期智',50,0,'2023-05-15 19:43:22',0,'2023-05-15 19:43:22',b'0'),
	(689639124327493632,'姚期智',50,0,'2023-05-15 23:12:38',0,'2023-05-15 23:12:38',b'0'),
	(695366930571247616,'姚期智',50,0,'2023-05-31 18:32:53',0,'2023-05-31 18:32:53',b'0'),
	(695439135632048128,'姚期智',50,0,'2023-05-31 23:19:48',0,'2023-05-31 23:19:48',b'0'),
	(695440113680826368,'姚期智',50,0,'2023-05-31 23:23:42',0,'2023-05-31 23:23:42',b'0'),
	(695440284456108032,'姚期智',50,0,'2023-05-31 23:24:22',0,'2023-05-31 23:24:22',b'0'),
	(695440823512252416,'姚期智',50,0,'2023-05-31 23:26:31',0,'2023-05-31 23:26:31',b'0'),
	(695441144745607168,'姚期智',50,0,'2023-05-31 23:27:47',0,'2023-05-31 23:27:47',b'0'),
	(695441383502168064,'姚期智',50,0,'2023-05-31 23:28:44',0,'2023-05-31 23:28:44',b'0'),
	(695441908213792768,'姚期智',50,0,'2023-05-31 23:30:49',0,'2023-05-31 23:30:49',b'0'),
	(695790152475246592,'姚期智',50,0,'2023-06-01 22:34:37',0,'2023-06-01 22:34:37',b'0'),
	(696077629391900672,'姚期智',50,0,'2023-06-02 17:36:57',0,'2023-06-02 17:36:57',b'0'),
	(699097441433059328,'姚期智',50,0,'2023-06-11 01:36:36',0,'2023-06-11 01:36:36',b'0'),
	(699098254159151104,'姚期智',50,0,'2023-06-11 01:39:50',0,'2023-06-11 01:39:50',b'0'),
	(699098481003888640,'姚期智',50,0,'2023-06-11 01:40:44',0,'2023-06-11 01:40:44',b'0'),
	(699098851864248320,'姚期智',50,0,'2023-06-11 01:42:13',0,'2023-06-11 01:42:13',b'0'),
	(699959118525399040,'姚期智',50,0,'2023-06-13 10:40:36',0,'2023-06-13 10:40:36',b'0'),
	(705488386898550784,'姚期智',50,0,'2023-06-28 16:51:57',0,'2023-06-28 16:51:57',b'0'),
	(706177192345767936,'姚期智',50,0,'2023-06-30 14:29:01',0,'2023-06-30 14:29:01',b'0'),
	(706178257204056064,'姚期智',50,0,'2023-06-30 14:33:14',0,'2023-06-30 14:33:14',b'0'),
	(706193871675101184,'姚期智',50,0,'2023-06-30 15:35:17',0,'2023-06-30 15:35:17',b'0'),
	(706224234115928064,'姚期智',50,0,'2023-06-30 17:35:56',0,'2023-06-30 17:35:56',b'0'),
	(706399744640978944,'姚期智',50,0,'2023-07-01 05:13:21',0,'2023-07-01 05:13:21',b'0'),
	(706552994929348608,'姚期智',50,0,'2023-07-01 15:22:19',0,'2023-07-01 15:22:19',b'0'),
	(706554874136924160,'姚期智',50,0,'2023-07-01 15:29:47',0,'2023-07-01 15:29:47',b'0'),
	(707296670634774528,'姚期智',50,0,'2023-07-03 16:37:25',0,'2023-07-03 16:37:25',b'0'),
	(707297485848088576,'姚期智',50,0,'2023-07-03 16:40:39',0,'2023-07-03 16:40:39',b'0'),
	(707297847535505408,'姚期智',50,0,'2023-07-03 16:42:06',0,'2023-07-03 16:42:06',b'0'),
	(707378789058908160,'姚期智',50,0,'2023-07-03 22:03:44',0,'2023-07-03 22:03:44',b'0'),
	(707379005321416704,'姚期智',50,0,'2023-07-03 22:04:35',0,'2023-07-03 22:04:35',b'0'),
	(707379144853327872,'姚期智',50,0,'2023-07-03 22:05:08',0,'2023-07-03 22:05:08',b'0'),
	(707586228106596352,'姚期智',50,0,'2023-07-04 11:48:01',0,'2023-07-04 11:48:01',b'0'),
	(708015854717014016,'姚期智',50,0,'2023-07-05 16:15:12',0,'2023-07-05 16:15:12',b'0'),
	(708016782383812608,'姚期智',50,0,'2023-07-05 16:18:53',0,'2023-07-05 16:18:53',b'0'),
	(708085358855753728,'姚期智',50,0,'2023-07-05 20:51:23',0,'2023-07-05 20:51:23',b'0'),
	(708828120974626816,'姚期智',50,0,'2023-07-07 22:02:51',0,'2023-07-07 22:02:51',b'0'),
	(708829273586143232,'姚期智',50,0,'2023-07-07 22:07:26',0,'2023-07-07 22:07:26',b'0'),
	(708882178208985088,'姚期智',50,0,'2023-07-08 01:37:39',0,'2023-07-08 01:37:39',b'0'),
	(708883600874958848,'姚期智',50,0,'2023-07-08 01:43:19',0,'2023-07-08 01:43:19',b'0'),
	(708883908434882560,'姚期智',50,0,'2023-07-08 01:44:32',0,'2023-07-08 01:44:32',b'0'),
	(710570752918687744,'姚期智',50,0,'2023-07-12 17:27:27',0,'2023-07-12 17:27:27',b'0'),
	(711293558434304000,'姚期智',50,0,'2023-07-14 17:19:37',0,'2023-07-14 17:19:37',b'0'),
	(711296951089369088,'姚期智',50,0,'2023-07-14 17:33:06',0,'2023-07-14 17:33:06',b'0'),
	(712508002531282944,'姚期智',50,0,'2023-07-18 01:45:23',0,'2023-07-18 01:45:23',b'0'),
	(715398487696498688,'姚期智',50,0,'2023-07-26 01:11:09',0,'2023-07-26 01:11:09',b'0'),
	(716076940045344768,'姚期智',50,0,'2023-07-27 22:07:04',0,'2023-07-27 22:07:04',b'0'),
	(716106642072035328,'姚期智',50,0,'2023-07-28 00:05:06',0,'2023-07-28 00:05:06',b'0'),
	(716119626001440768,'姚期智',50,0,'2023-07-28 00:56:42',0,'2023-07-28 00:56:42',b'0'),
	(716123444462247936,'姚期智',50,0,'2023-07-28 01:11:52',0,'2023-07-28 01:11:52',b'0'),
	(716127357034848256,'姚期智',50,0,'2023-07-28 01:27:25',0,'2023-07-28 01:27:25',b'0'),
	(716133633865310208,'姚期智',50,0,'2023-07-28 01:52:21',0,'2023-07-28 01:52:21',b'0'),
	(716146033272315904,'姚期智',50,0,'2023-07-28 02:41:37',0,'2023-07-28 02:41:37',b'0'),
	(716788772783546368,'姚期智',50,0,'2023-07-29 21:15:39',0,'2023-07-29 21:15:39',b'0'),
	(717757262008946688,'姚期智',50,0,'2023-08-01 13:24:04',0,'2023-08-01 13:24:04',b'0'),
	(717759064980852736,'姚期智',50,0,'2023-08-01 13:31:14',0,'2023-08-01 13:31:14',b'0'),
	(718652999450251264,'姚期智',50,0,'2023-08-04 00:43:25',0,'2023-08-04 00:43:25',b'0'),
	(718653524132515840,'姚期智',50,0,'2023-08-04 00:45:30',0,'2023-08-04 00:45:30',b'0'),
	(721395143948636160,'姚期智',50,0,'2023-08-11 14:19:43',0,'2023-08-11 14:19:43',b'0'),
	(723281752516214784,'姚期智',50,0,'2023-08-16 19:16:26',0,'2023-08-16 19:16:26',b'0'),
	(729133044241276928,'姚期智',50,0,'2023-09-01 22:47:22',0,'2023-09-01 22:47:22',b'0'),
	(729559404055105536,'姚期智',50,0,'2023-09-03 03:01:34',0,'2023-09-03 03:01:34',b'0'),
	(736413908163641344,'姚期智',50,0,'2023-09-22 00:58:55',0,'2023-09-22 00:58:55',b'0'),
	(736415255025958912,'姚期智',50,0,'2023-09-22 01:04:17',0,'2023-09-22 01:04:17',b'0'),
	(736416074966253568,'姚期智',50,0,'2023-09-22 01:07:32',0,'2023-09-22 01:07:32',b'0'),
	(736418376536047616,'姚期智',50,0,'2023-09-22 01:16:41',0,'2023-09-22 01:16:41',b'0'),
	(736418712877285376,'姚期智',50,0,'2023-09-22 01:18:01',0,'2023-09-22 01:18:01',b'0'),
	(784653805550571520,'姚期智',50,0,'2024-02-02 03:47:03',0,'2024-02-02 03:47:03',b'0');

/*!40000 ALTER TABLE `t_school_teacher` ENABLE KEYS */;
UNLOCK TABLES;


# Dump of table t_school_teacher_related
# ------------------------------------------------------------

CREATE TABLE `t_school_teacher_related` (
  `school_id` bigint NOT NULL,
  `teacher_id` bigint NOT NULL,
  `is_deleted` bit(1) NOT NULL DEFAULT b'0',
  UNIQUE KEY `t_school_teacher_related_pk` (`school_id`,`teacher_id`),
  KEY `t_school_teacher_related_t_school_teacher_id_fk` (`teacher_id`),
  CONSTRAINT `t_school_teacher_related_t_school_id_fk` FOREIGN KEY (`school_id`) REFERENCES `t_school` (`id`),
  CONSTRAINT `t_school_teacher_related_t_school_teacher_id_fk` FOREIGN KEY (`teacher_id`) REFERENCES `t_school_teacher` (`id`)
) ENGINE=InnoDB DEFAULT CHARSET=utf8mb4 COLLATE=utf8mb4_0900_ai_ci;

LOCK TABLES `t_school_teacher_related` WRITE;
/*!40000 ALTER TABLE `t_school_teacher_related` DISABLE KEYS */;

INSERT INTO `t_school_teacher_related` (`school_id`, `teacher_id`, `is_deleted`)
VALUES
	(552173736070144000,552173736518934528,b'0'),
	(552181593272410112,552181594115465216,b'0'),
	(552190661475098624,552190662150381568,b'0'),
	(552209760301277184,552209760611655680,b'0'),
	(552215222295912448,552215222740508672,b'0'),
	(552257373503414272,552257374027702272,b'0'),
	(552257637878784000,552257638528901120,b'0'),
	(552259812554104832,552259812843511808,b'0'),
	(554013078023495680,554013078375817216,b'0'),
	(554016042414956544,554016042897301504,b'0'),
	(554016445240107008,554016445865058304,b'0'),
	(554016914201042944,554016914524004352,b'0'),
	(554056065680072704,554056065990451200,b'0'),
	(554064101417082880,554064101853290496,b'0'),
	(556602158892638208,556602159190433792,b'0'),
	(556615272472174592,556615272811913216,b'0'),
	(556620947512287232,556620948569251840,b'0'),
	(556676482672549888,556676483154894848,b'0'),
	(556676682975731712,556676683617460224,b'0'),
	(556681496405139456,556681496686157824,b'0'),
	(556683183563923456,556683183949799424,b'0'),
	(556683567284019200,556683567623757824,b'0'),
	(556683766035308544,556683766471516160,b'0'),
	(556684018280751104,556684018658238464,b'0'),
	(556684168650743808,556684169049202688,b'0'),
	(556684504459304960,556684504815820800,b'0'),
	(556685421598400512,556685421980082176,b'0'),
	(556685656034828288,556685656512978944,b'0'),
	(556686085053407232,556686085472837632,b'0'),
	(556686676186030080,556686676592877568,b'0'),
	(556689621535350784,556689621925421056,b'0'),
	(556689908471881728,556689908757094400,b'0'),
	(556790985464668160,556790985770852352,b'0'),
	(556800203303346176,556800203693416448,b'0'),
	(556806332251037696,556806332691439616,b'0'),
	(556807622498639872,556807622909681664,b'0'),
	(556808454044573696,556808454388506624,b'0'),
	(556818167436075008,556818167771619328,b'0'),
	(556825437553221632,556825437955874816,b'0'),
	(556840101871804416,556840102152822784,b'0'),
	(556840321133240320,556840321707859968,b'0'),
	(556840460224749568,556840460497379328,b'0'),
	(556840936911593472,556840937377161216,b'0'),
	(556841351585652736,556841352084774912,b'0'),
	(556843888254574592,556843888841777152,b'0'),
	(556846102918389760,556846103270711296,b'0'),
	(556846341402320896,556846341767225344,b'0'),
	(556950494292140032,556950494577352704,b'0'),
	(557558371100844032,557558371352502272,b'0'),
	(557563441829830656,557563442098266112,b'0'),
	(558653498321985536,558653498657529856,b'0'),
	(558654534587703296,558654534885498880,b'0'),
	(558654956522102784,558654956798926848,b'0'),
	(558666757250932736,558666757531951104,b'0'),
	(558725654762414080,558725655093764096,b'0'),
	(559022563259506688,559022563611828224,b'0'),
	(559205670193389568,559205670474407936,b'0'),
	(565859492999389184,565859493255241728,b'0'),
	(567027448974336000,567027449230188544,b'0'),
	(568230303903178752,568230304234528768,b'0'),
	(568256685723017216,568256686092115968,b'0'),
	(568257104918536192,568257121716723712,b'0'),
	(568258151812620288,568258152202690560,b'0'),
	(568263333879406592,568263334147842048,b'0'),
	(568273329342046208,568273329912471552,b'0'),
	(568273489304412160,568273489577041920,b'0'),
	(568273872596688896,568273872890290176,b'0'),
	(568274127878807552,568274128126271488,b'0'),
	(568274611708551168,568274611981180928,b'0'),
	(568275717046067200,568275717301919744,b'0'),
	(568275815507353600,568275815826120704,b'0'),
	(568275955223814144,568275955462889472,b'0'),
	(568276167875026944,568276168118296576,b'0'),
	(568276578564497408,568276578866487296,b'0'),
	(568280577439096832,568280577720115200,b'0'),
	(568280738529730560,568280738907217920,b'0'),
	(568281205192187904,568281205494177792,b'0'),
	(568281437837647872,568281438131249152,b'0'),
	(568281637897560064,568281638186967040,b'0'),
	(568285153504452608,568285153789665280,b'0'),
	(568285349445558272,568285349680439296,b'0'),
	(568285547664171008,568285547961966592,b'0'),
	(568285661858291712,568285662147698688,b'0'),
	(568286857662750720,568286857914408960,b'0'),
	(614259255087915008,614259255406682112,b'0'),
	(616355663584436224,616355663928369152,b'0'),
	(616358901213831168,616358901520015360,b'0'),
	(616730679610187776,616730679962509312,b'0'),
	(616982309073068032,616982309354086400,b'0'),
	(617326480988315648,617326481260945408,b'0'),
	(617327235472302080,617327235753320448,b'0'),
	(617329102612865024,617329102919049216,b'0'),
	(617329735545921536,617329735923408896,b'0'),
	(617340809267650560,617340809540280320,b'0'),
	(617352744839159808,617352745304727552,b'0'),
	(617354932395188224,617354932802035712,b'0'),
	(617496509440778240,617496509725990912,b'0'),
	(617498996407197696,617498996684021760,b'0'),
	(617499175323623424,617499175638196224,b'0'),
	(617500560333135872,617500560647708672,b'0'),
	(617501393963638784,617501394261434368,b'0'),
	(617502088846565376,617502089119195136,b'0'),
	(617504271201656832,617504271482675200,b'0'),
	(617508966330720256,617508966641098752,b'0'),
	(617517714063417344,617517714407350272,b'0'),
	(617517937598849024,617517937854701568,b'0'),
	(617518790720282624,617518791164878848,b'0'),
	(617533921156063232,617533921453858816,b'0'),
	(617539169769676800,617539170033917952,b'0'),
	(617539899247222784,617539899536629760,b'0'),
	(617540367100862464,617540367381880832,b'0'),
	(617540674887278592,617540675252183040,b'0'),
	(617541057831428096,617541058112446464,b'0'),
	(617541503262318592,617541503711109120,b'0'),
	(617550624757833728,617550625038852096,b'0'),
	(617550975636529152,617550975917547520,b'0'),
	(617551181128065024,617551181635575808,b'0'),
	(617551385252257792,617551385558441984,b'0'),
	(617551637418008576,617551637707415552,b'0'),
	(617553044837687296,617553045131288576,b'0'),
	(617759015295967232,617759015698620416,b'0'),
	(617759558504472576,617759558856794112,b'0'),
	(617760109094952960,617760109371777024,b'0'),
	(617760597064474624,617760597337104384,b'0'),
	(617765999017648128,617765999323832320,b'0'),
	(617766531190939648,617766531480346624,b'0'),
	(617771757063036928,617771757553770496,b'0'),
	(617771976861343744,617771977163333632,b'0'),
	(617777157409792000,617777157732753408,b'0'),
	(617835472227590144,617835472600883200,b'0'),
	(617835879897161728,617835880173985792,b'0'),
	(617859245899177984,617859246389911552,b'0'),
	(617867237021376512,617867237319172096,b'0'),
	(617867403921121280,617867404210528256,b'0'),
	(617907902757396480,617907903231352832,b'0'),
	(619302907032035328,619302907300470784,b'0'),
	(619308538233282560,619308538552049664,b'0'),
	(619308929893195776,619308930199379968,b'0'),
	(619315179452293120,619315179796226048,b'0'),
	(619907491001540608,619907491332890624,b'0'),
	(622028857016508416,622028857423355904,b'0'),
	(622131290610786304,622131291013439488,b'0'),
	(626173811854700544,626173812186050560,b'0'),
	(627206588289011712,627206588582612992,b'0'),
	(627549158378590208,627549158638637056,b'0'),
	(627550889715978240,627550890022162432,b'0'),
	(627581000246906880,627581000519536640,b'0'),
	(627601748638322688,627601749091307520,b'0'),
	(627602767392821248,627602767795474432,b'0'),
	(627604473258201088,627604473518247936,b'0'),
	(659196328152166400,659196328538042368,b'0'),
	(659921217771302912,659921218132013056,b'0'),
	(660275243515920384,660275243830493184,b'0'),
	(660457839482912768,660457839818457088,b'0'),
	(660617698287304704,660617698585100288,b'0'),
	(663184006853963776,663184007147565056,b'0'),
	(664155754302812160,664155754638356480,b'0'),
	(664178791102296064,664178791395897344,b'0'),
	(664187110999207936,664187111351529472,b'0'),
	(664190409781555200,664190410121293824,b'0'),
	(664191355358031872,664191355630661632,b'0'),
	(664191550636437504,664191550930038784,b'0'),
	(664268079760420864,664268080045633536,b'0'),
	(664988576362070016,664988576706002944,b'0'),
	(664989083130462208,664989083415674880,b'0'),
	(665284806849884160,665284807214788608,b'0'),
	(665291336106143744,665291336437493760,b'0'),
	(665298009092812800,665298009436745728,b'0'),
	(665307276424278016,665307276738850816,b'0'),
	(665308639073955840,665308639354974208,b'0'),
	(665357294925541376,665357295214948352,b'0'),
	(665359707019440128,665359707405316096,b'0'),
	(665360715732774912,665360716324171776,b'0'),
	(665362158741123072,665362159017947136,b'0'),
	(665363114606227456,665363114945966080,b'0'),
	(665364349820366848,665364350059442176,b'0'),
	(665368050526089216,665368050794524672,b'0'),
	(665369434600271872,665369434898067456,b'0'),
	(665370865457721344,665370865713573888,b'0'),
	(665373353997004800,665373354391269376,b'0'),
	(665384562917928960,665384563354136576,b'0'),
	(665385252222431232,665385252574752768,b'0'),
	(665390281432002560,665390281729798144,b'0'),
	(665506583697977344,665506584033521664,b'0'),
	(665507847630516224,665507848075112448,b'0'),
	(665531029271900160,665531029536141312,b'0'),
	(665532542547423232,665532542857801728,b'0'),
	(665533090604544000,665533090927505408,b'0'),
	(665533219365482496,665533219646500864,b'0'),
	(665533409279373312,665533409644277760,b'0'),
	(665533554796556288,665533555115323392,b'0'),
	(665534667679625216,665534668040335360,b'0'),
	(665535010933075968,665535011251843072,b'0'),
	(665535356799578112,665535357072207872,b'0'),
	(665536414783401984,665536415152500736,b'0'),
	(665538815145832448,665538815418462208,b'0'),
	(665551746558357504,665551746830987264,b'0'),
	(665552239582015488,665552240043388928,b'0'),
	(665555126177525760,665555126546624512,b'0'),
	(665558229710827520,665558230004428800,b'0'),
	(665561511506243584,665561511770484736,b'0'),
	(665561816687996928,665561817128398848,b'0'),
	(665562708493496320,665562708850012160,b'0'),
	(665578037009477632,665578037248552960,b'0'),
	(665578229553197056,665578229901324288,b'0'),
	(665579103860060160,665579104451457024,b'0'),
	(665582012052041728,665582012349837312,b'0'),
	(665591366562115584,665591366834745344,b'0'),
	(665664282658107392,665664283052371968,b'0'),
	(665668588920664064,665668589310734336,b'0'),
	(665670083338596352,665670083632197632,b'0'),
	(665671451885465600,665671452304896000,b'0'),
	(665673862989508608,665673863903866880,b'0'),
	(665675970442719232,665675970774069248,b'0'),
	(665677967812227072,665677968172937216,b'0'),
	(665689623007096832,665689623426527232,b'0'),
	(665726154925174784,665726155201998848,b'0'),
	(665731918049865728,665731918330884096,b'0'),
	(665733022657572864,665733023131529216,b'0'),
	(666031607559254016,666031608037404672,b'0'),
	(666036511346552832,666036511661125632,b'0'),
	(666637238578221056,666637238825684992,b'0'),
	(666643807772643328,666643808024301568,b'0'),
	(666693288249561088,666693288631242752,b'0'),
	(666788399906066432,666788400233222144,b'0'),
	(666800821006012416,666800821442220032,b'0'),
	(666801990327635968,666801990629625856,b'0'),
	(666810782301851648,666810782574481408,b'0'),
	(666816493765300224,666816494067290112,b'0'),
	(666817115197575168,666817115633782784,b'0'),
	(667040191084523520,667040191445233664,b'0'),
	(667042389583491072,667042390053253120,b'0'),
	(667043213684535296,667043214108160000,b'0'),
	(667043492777717760,667043493155205120,b'0'),
	(667043614144098304,667043614467059712,b'0'),
	(667045659706159104,667045660133978112,b'0'),
	(667046085033750528,667046085453180928,b'0'),
	(667046317800845312,667046318094446592,b'0'),
	(667112089063550976,667112089457815552,b'0'),
	(667112600785416192,667112601175486464,b'0'),
	(667113226114199552,667113226453938176,b'0'),
	(667113347002429440,667113347447025664,b'0'),
	(667113487947821056,667113488212062208,b'0'),
	(667195371541262336,667195371881000960,b'0'),
	(667228124227858432,667228124483710976,b'0'),
	(667384786154713088,667057258835767296,b'0'),
	(667384786154713088,667112089457815552,b'0'),
	(667384936147218432,667057258835767296,b'0'),
	(667384936147218432,667112089457815552,b'0'),
	(667385360648531968,667057258835767296,b'0'),
	(667385360648531968,667112089457815552,b'0'),
	(667385604354371584,667057258835767296,b'0'),
	(667385604354371584,667112089457815552,b'0'),
	(667397147397746688,667057258835767296,b'0'),
	(667397147397746688,667112089457815552,b'0'),
	(667397318256914432,667057258835767296,b'0'),
	(667397318256914432,667112089457815552,b'0'),
	(667397352134307840,667057258835767296,b'0'),
	(667397352134307840,667112089457815552,b'0'),
	(667397458434748416,667057258835767296,b'0'),
	(667397458434748416,667112089457815552,b'0'),
	(667397671874490368,667057258835767296,b'0'),
	(667397671874490368,667112089457815552,b'0'),
	(667401803532365824,667057258835767296,b'0'),
	(667401803532365824,667112089457815552,b'0'),
	(667440660474785792,667440660852273152,b'0'),
	(667473123863457792,667473124211585024,b'0'),
	(667477279022018560,667477279424671744,b'0'),
	(667684130623913984,667684130875572224,b'0'),
	(667700917163851776,667700917511979008,b'0'),
	(667718807942397952,667718808412160000,b'0'),
	(667743900164751360,667743900567404544,b'0'),
	(667744634637713408,667744635065532416,b'0'),
	(667744977664671744,667744978126045184,b'0'),
	(667751927555096576,667751927911612416,b'0'),
	(667766288843603968,667766289179148288,b'0'),
	(670488904754839552,670488904893251584,b'0'),
	(670596405189984256,670596405349367808,b'0'),
	(670599882800676864,670599882922311680,b'0'),
	(670600223181029376,670600223294275584,b'0'),
	(670600354626322432,670600354739568640,b'0'),
	(670600690187419648,670600690296471552,b'0'),
	(670601639903674368,670601640021114880,b'0'),
	(670610104961253376,670610105099665408,b'0'),
	(670613244074835968,670613244183887872,b'0'),
	(670613618995281920,670613619133693952,b'0'),
	(670620512505872384,670620512610729984,b'0'),
	(671154150972637184,671154151127826432,b'0'),
	(671530411574214656,671530411704238080,b'0'),
	(671545901478625280,671545901608648704,b'0'),
	(671741056483639296,671741056596885504,b'0'),
	(672163054489747456,672163054590410752,b'0'),
	(672213022420287488,672213022638391296,b'0'),
	(681911659228327936,681911659341574144,b'0'),
	(681916740510183424,681916740715704320,b'0'),
	(681917481136189440,681917481224269824,b'0'),
	(681966732427948032,681966732520222720,b'0'),
	(682371245542502400,682371245659942912,b'0'),
	(688447942209597440,688447942310260736,b'0'),
	(688448700829167616,688448700946608128,b'0'),
	(688450938326773760,688450938448408576,b'0'),
	(688460011361300480,688460011461963776,b'0'),
	(688957535146741760,688957535259987968,b'0'),
	(688960463857258496,688960463957921792,b'0'),
	(688968438663614464,688968438768472064,b'0'),
	(688968811969253376,688968812086693888,b'0'),
	(688969593447780352,688969593548443648,b'0'),
	(688975787021307904,688975787109388288,b'0'),
	(689548014913589248,689548015031029760,b'0'),
	(689559275390898176,689559275512532992,b'0'),
	(689582000834613248,689582000910110720,b'0'),
	(689586460780662784,689586460860354560,b'0'),
	(689639124210053120,689639124327493632,b'0'),
	(695366930424446976,695366930571247616,b'0'),
	(695439135518801920,695439135632048128,b'0'),
	(695440113580163072,695440113680826368,b'0'),
	(695440284246392832,695440284456108032,b'0'),
	(695440823319314432,695440823512252416,b'0'),
	(695441144590417920,695441144745607168,b'0'),
	(695441383367950336,695441383502168064,b'0'),
	(695441908083769344,695441908213792768,b'0'),
	(695790152353611776,695790152475246592,b'0'),
	(696077629261877248,696077629391900672,b'0'),
	(699097441214955520,699097441433059328,b'0'),
	(699098254033321984,699098254159151104,b'0'),
	(699098480852893696,699098481003888640,b'0'),
	(699098851742613504,699098851864248320,b'0'),
	(699959118386987008,699959118525399040,b'0'),
	(705488386747555840,705488386898550784,b'0'),
	(706177192232521728,706177192345767936,b'0'),
	(706178257065644032,706178257204056064,b'0'),
	(706193871540883456,706193871675101184,b'0'),
	(706224233994293248,706224234115928064,b'0'),
	(706399744531927040,706399744640978944,b'0'),
	(706552994803519488,706552994929348608,b'0'),
	(706554874027872256,706554874136924160,b'0'),
	(707296670479585280,707296670634774528,b'0'),
	(707297485751619584,707297485848088576,b'0'),
	(707297847401287680,707297847535505408,b'0'),
	(707378788949856256,707378789058908160,b'0'),
	(707379005208170496,707379005321416704,b'0'),
	(707379144744275968,707379144853327872,b'0'),
	(707586227984961536,707586228106596352,b'0'),
	(708015854595379200,708015854717014016,b'0'),
	(708016782245400576,708016782383812608,b'0'),
	(708085358729924608,708085358855753728,b'0'),
	(708828120865574912,708828120974626816,b'0'),
	(708829273443536896,708829273586143232,b'0'),
	(708882178083155968,708882178208985088,b'0'),
	(708883600774295552,708883600874958848,b'0'),
	(708883908330024960,708883908434882560,b'0'),
	(710570752797052928,710570752918687744,b'0'),
	(711293558321057792,711293558434304000,b'0'),
	(711296950967734272,711296951089369088,b'0'),
	(712508002401259520,712508002531282944,b'0'),
	(715398487574863872,715398487696498688,b'0'),
	(716076939923709952,716076940045344768,b'0'),
	(716106641958789120,716106642072035328,b'0'),
	(716119625879805952,716119626001440768,b'0'),
	(716123444336418816,716123444462247936,b'0'),
	(716127356883853312,716127357034848256,b'0'),
	(716133633655595008,716133633865310208,b'0'),
	(716146033154875392,716146033272315904,b'0'),
	(716788772632551424,716788772783546368,b'0'),
	(717757261870534656,717757262008946688,b'0'),
	(717759064867606528,717759064980852736,b'0'),
	(718652999299256320,718652999450251264,b'0'),
	(718653523964743680,718653524132515840,b'0'),
	(721395143814418432,721395143948636160,b'0'),
	(723281752373608448,723281752516214784,b'0'),
	(729133044081893376,729133044241276928,b'0'),
	(729559403933470720,729559404055105536,b'0'),
	(736413908042006528,736413908163641344,b'0'),
	(736415254874963968,736415255025958912,b'0'),
	(736416074815258624,736416074966253568,b'0'),
	(736418376414412800,736418376536047616,b'0'),
	(736418712709513216,736418712877285376,b'0'),
	(784653805366022144,784653805550571520,b'0');

/*!40000 ALTER TABLE `t_school_teacher_related` ENABLE KEYS */;
UNLOCK TABLES;


# Dump of table t_tag
# ------------------------------------------------------------

CREATE TABLE `t_tag` (
  `id` bigint NOT NULL COMMENT '主键',
  `title` varchar(32) DEFAULT NULL,
  `create_by` bigint DEFAULT NULL,
  `create_time` datetime DEFAULT NULL,
  `update_by` bigint DEFAULT NULL,
  `update_time` datetime DEFAULT NULL,
  `is_deleted` bit(1) DEFAULT NULL,
  PRIMARY KEY (`id`)
) ENGINE=InnoDB DEFAULT CHARSET=utf8mb4 COLLATE=utf8mb4_0900_ai_ci COMMENT='tag';

LOCK TABLES `t_tag` WRITE;
/*!40000 ALTER TABLE `t_tag` DISABLE KEYS */;

INSERT INTO `t_tag` (`id`, `title`, `create_by`, `create_time`, `update_by`, `update_time`, `is_deleted`)
VALUES
	(617320872469864448,'文学',0,'2022-10-28 09:45:43',0,'2024-02-02 03:47:03',b'0'),
	(617320872469864449,'科技',0,'2022-10-28 09:45:43',0,'2024-02-02 03:47:03',b'0'),
	(617320872469864450,'欧美',0,'2022-10-28 09:45:43',0,'2024-02-02 03:47:03',b'0');

/*!40000 ALTER TABLE `t_tag` ENABLE KEYS */;
UNLOCK TABLES;


# Dump of table t_task
# ------------------------------------------------------------

CREATE TABLE `t_task` (
  `id` bigint NOT NULL COMMENT '主键',
  `task_name` varchar(32) NOT NULL COMMENT '任务名称',
  `complete_time` datetime DEFAULT NULL COMMENT '完成时间',
  `cost_hours` int DEFAULT NULL,
  `complete` bit(1) DEFAULT NULL,
  `assign_user_id` bigint DEFAULT NULL,
  `address` json DEFAULT NULL,
  `status` varchar(16) DEFAULT NULL COMMENT '用户状态',
  `list` json DEFAULT NULL,
  `phone_number` varchar(32) DEFAULT NULL,
  `map` json DEFAULT NULL,
  `list_map` json DEFAULT NULL,
  `num_list` json DEFAULT NULL,
  `str_list` json DEFAULT NULL,
  `dept` text NOT NULL,
  `create_by` bigint DEFAULT NULL,
  `create_time` datetime DEFAULT NULL,
  `update_by` bigint DEFAULT NULL,
  `update_time` datetime DEFAULT NULL,
  `is_deleted` bit(1) DEFAULT NULL,
  PRIMARY KEY (`id`)
) ENGINE=InnoDB DEFAULT CHARSET=utf8mb4 COLLATE=utf8mb4_0900_ai_ci COMMENT='任务表';

LOCK TABLES `t_task` WRITE;
/*!40000 ALTER TABLE `t_task` DISABLE KEYS */;

INSERT INTO `t_task` (`id`, `task_name`, `complete_time`, `cost_hours`, `complete`, `assign_user_id`, `address`, `status`, `list`, `phone_number`, `map`, `list_map`, `num_list`, `str_list`, `dept`, `create_by`, `create_time`, `update_by`, `update_time`, `is_deleted`)
VALUES
	(551578750790328320,'task A','2022-04-29 23:50:00',10,b'1',1,'{\"code\": \"001\", \"detail\": \"苏州\"}','NORMAL','[{\"code\": \"001\", \"detail\": \"苏州\"}]','816-18888888888','{\"hello\": \"world\"}','[{\"hello\": \"world\"}]','[1, 2]','[\"hello\", \"world\"]','id=1&name=Rick.Xu&parentId=0',0,'2022-04-29 23:50:00',0,'2022-04-29 23:50:00',b'0'),
	(551579523028803584,'task A','2022-04-29 23:53:04',10,b'1',1,'{\"code\": \"001\", \"detail\": \"苏州\"}','NORMAL','[{\"code\": \"001\", \"detail\": \"苏州\"}]','816-18888888888','{\"hello\": \"world\"}','[{\"hello\": \"world\"}]','[1, 2]','[\"hello\", \"world\"]','id=1&name=Rick.Xu&parentId=0',0,'2022-04-29 23:53:04',0,'2022-04-29 23:53:04',b'0'),
	(551755064751087616,'task A','2022-04-30 11:30:36',10,b'1',1,'{\"code\": \"001\", \"detail\": \"苏州\"}','NORMAL','[{\"code\": \"001\", \"detail\": \"苏州\"}]','816-18888888888','{\"hello\": \"world\"}','[{\"hello\": \"world\"}]','[1, 2]','[\"hello\", \"world\"]','id=1&name=Rick.Xu&parentId=0',0,'2022-04-30 11:30:36',0,'2022-04-30 11:30:36',b'0'),
	(551755673772417024,'task A','2022-04-30 11:33:02',10,b'1',1,'{\"code\": \"001\", \"detail\": \"苏州\"}','NORMAL','[{\"code\": \"001\", \"detail\": \"苏州\"}]','816-18888888888','{\"hello\": \"world\"}','[{\"hello\": \"world\"}]','[1, 2]','[\"hello\", \"world\"]','id=1&name=Rick.Xu&parentId=0',0,'2022-04-30 11:33:02',0,'2022-04-30 11:33:02',b'0'),
	(551767966237253632,'task A','2022-04-30 12:21:52',10,b'1',1,'{\"code\": \"001\", \"detail\": \"苏州\"}','NORMAL','[{\"code\": \"001\", \"detail\": \"苏州\"}]','816-18888888888','{\"hello\": \"world\"}','[{\"hello\": \"world\"}]','[1, 2]','[\"hello\", \"world\"]','id=1&name=Rick.Xu&parentId=0',0,'2022-04-30 12:21:52',0,'2022-04-30 12:21:52',b'0'),
	(551771475712073728,'task A','2022-04-30 12:35:49',10,b'1',1,'{\"code\": \"001\", \"detail\": \"苏州\"}','NORMAL','[{\"code\": \"001\", \"detail\": \"苏州\"}]','816-18888888888','{\"hello\": \"world\"}','[{\"hello\": \"world\"}]','[1, 2]','[\"hello\", \"world\"]','id=1&name=Rick.Xu&parentId=0',0,'2022-04-30 12:35:49',0,'2022-04-30 12:35:49',b'0'),
	(551773353619415040,'task A','2022-04-30 12:43:17',10,b'1',1,'{\"code\": \"001\", \"detail\": \"苏州\"}','NORMAL','[{\"code\": \"001\", \"detail\": \"苏州\"}]','816-18888888888','{\"hello\": \"world\"}','[{\"hello\": \"world\"}]','[1, 2]','[\"hello\", \"world\"]','id=1&name=Rick.Xu&parentId=0',0,'2022-04-30 12:43:17',0,'2022-04-30 12:43:17',b'0'),
	(551797045736955904,'task A','2022-04-30 14:17:25',10,b'1',1,'{\"code\": \"001\", \"detail\": \"苏州\"}','NORMAL','[{\"code\": \"001\", \"detail\": \"苏州\"}]','816-18888888888','{\"hello\": \"world\"}','[{\"hello\": \"world\"}]','[1, 2]','[\"hello\", \"world\"]','id=1&name=Rick.Xu&parentId=0',0,'2022-04-30 14:17:25',0,'2022-04-30 14:17:25',b'0'),
	(551798906271490048,'task A','2022-04-30 14:24:49',10,b'1',1,'{\"code\": \"001\", \"detail\": \"苏州\"}','NORMAL','[{\"code\": \"001\", \"detail\": \"苏州\"}]','816-18888888888','{\"hello\": \"world\"}','[{\"hello\": \"world\"}]','[1, 2]','[\"hello\", \"world\"]','id=1&name=Rick.Xu&parentId=0',0,'2022-04-30 14:24:49',0,'2022-04-30 14:24:49',b'0'),
	(551801076584734720,'task A','2022-04-30 14:33:26',10,b'1',1,'{\"code\": \"001\", \"detail\": \"苏州\"}','NORMAL','[{\"code\": \"001\", \"detail\": \"苏州\"}]','816-18888888888','{\"hello\": \"world\"}','[{\"hello\": \"world\"}]','[1, 2]','[\"hello\", \"world\"]','id=1&name=Rick.Xu&parentId=0',0,'2022-04-30 14:33:26',0,'2022-04-30 14:33:26',b'0'),
	(551887911373692928,'task A','2022-04-30 20:18:29',10,b'1',1,'{\"code\": \"001\", \"detail\": \"苏州\"}','NORMAL','[{\"code\": \"001\", \"detail\": \"苏州\"}]','816-18888888888','{\"hello\": \"world\"}','[{\"hello\": \"world\"}]','[1, 2]','[\"hello\", \"world\"]','id=1&name=Rick.Xu&parentId=0',0,'2022-04-30 20:18:29',0,'2022-04-30 20:18:29',b'0'),
	(551888664880406528,'task A','2022-04-30 20:21:29',10,b'1',1,'{\"code\": \"001\", \"detail\": \"苏州\"}','NORMAL','[{\"code\": \"001\", \"detail\": \"苏州\"}]','816-18888888888','{\"hello\": \"world\"}','[{\"hello\": \"world\"}]','[1, 2]','[\"hello\", \"world\"]','id=1&name=Rick.Xu&parentId=0',0,'2022-04-30 20:21:29',0,'2022-04-30 20:21:29',b'0'),
	(552082602086031360,'task A','2022-05-01 09:12:07',10,b'1',1,'{\"code\": \"001\", \"detail\": \"苏州\"}','NORMAL','[{\"code\": \"001\", \"detail\": \"苏州\"}]','816-18888888888','{\"hello\": \"world\"}','[{\"hello\": \"world\"}]','[1, 2]','[\"hello\", \"world\"]','id=1&name=Rick.Xu&parentId=0',0,'2022-05-01 09:12:07',0,'2022-05-01 09:12:07',b'0'),
	(552098445167616000,'task A','2022-05-01 10:15:05',10,b'1',1,'{\"code\": \"001\", \"detail\": \"苏州\"}','NORMAL','[{\"code\": \"001\", \"detail\": \"苏州\"}]','816-18888888888','{\"hello\": \"world\"}','[{\"hello\": \"world\"}]','[1, 2]','[\"hello\", \"world\"]','id=1&name=Rick.Xu&parentId=0',0,'2022-05-01 10:15:05',0,'2022-05-01 10:15:05',b'0'),
	(552098728715149312,'task A','2022-05-01 10:16:12',10,b'1',1,'{\"code\": \"001\", \"detail\": \"苏州\"}','NORMAL','[{\"code\": \"001\", \"detail\": \"苏州\"}]','816-18888888888','{\"hello\": \"world\"}','[{\"hello\": \"world\"}]','[1, 2]','[\"hello\", \"world\"]','id=1&name=Rick.Xu&parentId=0',0,'2022-05-01 10:16:12',0,'2022-05-01 10:16:12',b'0'),
	(552100593896972288,'task A','2022-05-01 10:23:37',10,b'1',1,'{\"code\": \"001\", \"detail\": \"苏州\"}','NORMAL','[{\"code\": \"001\", \"detail\": \"苏州\"}]','816-18888888888','{\"hello\": \"world\"}','[{\"hello\": \"world\"}]','[1, 2]','[\"hello\", \"world\"]','id=1&name=Rick.Xu&parentId=0',0,'2022-05-01 10:23:37',0,'2022-05-01 10:23:37',b'0'),
	(552101308732203008,'task A','2022-05-01 10:26:27',10,b'1',1,'{\"code\": \"001\", \"detail\": \"苏州\"}','NORMAL','[{\"code\": \"001\", \"detail\": \"苏州\"}]','816-18888888888','{\"hello\": \"world\"}','[{\"hello\": \"world\"}]','[1, 2]','[\"hello\", \"world\"]','id=1&name=Rick.Xu&parentId=0',0,'2022-05-01 10:26:27',0,'2022-05-01 10:26:27',b'0'),
	(552181579598979072,'task A','2022-05-01 15:45:25',10,b'1',1,'{\"code\": \"001\", \"detail\": \"苏州\"}','NORMAL','[{\"code\": \"001\", \"detail\": \"苏州\"}]','816-18888888888','{\"hello\": \"world\"}','[{\"hello\": \"world\"}]','[1, 2]','[\"hello\", \"world\"]','id=1&name=Rick.Xu&parentId=0',0,'2022-05-01 15:45:25',0,'2022-05-01 15:45:25',b'0'),
	(552190641657012224,'task A','2022-05-01 16:21:26',10,b'1',1,'{\"code\": \"001\", \"detail\": \"苏州\"}','NORMAL','[{\"code\": \"001\", \"detail\": \"苏州\"}]','816-18888888888','{\"hello\": \"world\"}','[{\"hello\": \"world\"}]','[1, 2]','[\"hello\", \"world\"]','id=1&name=Rick.Xu&parentId=0',0,'2022-05-01 16:21:26',0,'2022-05-01 16:21:26',b'0'),
	(552209747789668352,'task A','2022-05-01 17:37:21',10,b'1',1,'{\"code\": \"001\", \"detail\": \"苏州\"}','NORMAL','[{\"code\": \"001\", \"detail\": \"苏州\"}]','816-18888888888','{\"hello\": \"world\"}','[{\"hello\": \"world\"}]','[1, 2]','[\"hello\", \"world\"]','id=1&name=Rick.Xu&parentId=0',0,'2022-05-01 17:37:21',0,'2022-05-01 17:37:21',b'0'),
	(552215205371895808,'task A','2022-05-01 17:59:02',10,b'1',1,'{\"code\": \"001\", \"detail\": \"苏州\"}','NORMAL','[{\"code\": \"001\", \"detail\": \"苏州\"}]','816-18888888888','{\"hello\": \"world\"}','[{\"hello\": \"world\"}]','[1, 2]','[\"hello\", \"world\"]','id=1&name=Rick.Xu&parentId=0',0,'2022-05-01 17:59:02',0,'2022-05-01 17:59:02',b'0'),
	(552257360392019968,'task A','2022-05-01 20:46:33',10,b'1',1,'{\"code\": \"001\", \"detail\": \"苏州\"}','NORMAL','[{\"code\": \"001\", \"detail\": \"苏州\"}]','816-18888888888','{\"hello\": \"world\"}','[{\"hello\": \"world\"}]','[1, 2]','[\"hello\", \"world\"]','id=1&name=Rick.Xu&parentId=0',0,'2022-05-01 20:46:33',0,'2022-05-01 20:46:33',b'0'),
	(552257617163116544,'task A','2022-05-01 20:47:34',10,b'1',1,'{\"code\": \"001\", \"detail\": \"苏州\"}','NORMAL','[{\"code\": \"001\", \"detail\": \"苏州\"}]','816-18888888888','{\"hello\": \"world\"}','[{\"hello\": \"world\"}]','[1, 2]','[\"hello\", \"world\"]','id=1&name=Rick.Xu&parentId=0',0,'2022-05-01 20:47:34',0,'2022-05-01 20:47:34',b'0'),
	(552259800306737152,'task A','2022-05-01 20:56:15',10,b'1',1,'{\"code\": \"001\", \"detail\": \"苏州\"}','NORMAL','[{\"code\": \"001\", \"detail\": \"苏州\"}]','816-18888888888','{\"hello\": \"world\"}','[{\"hello\": \"world\"}]','[1, 2]','[\"hello\", \"world\"]','id=1&name=Rick.Xu&parentId=0',0,'2022-05-01 20:56:15',0,'2022-05-01 20:56:15',b'0'),
	(554013064446533632,'task A','2022-05-06 17:03:05',10,b'1',1,'{\"code\": \"001\", \"detail\": \"苏州\"}','NORMAL','[{\"code\": \"001\", \"detail\": \"苏州\"}]','816-18888888888','{\"hello\": \"world\"}','[{\"hello\": \"world\"}]','[1, 2]','[\"hello\", \"world\"]','id=1&name=Rick.Xu&parentId=0',0,'2022-05-06 17:03:05',0,'2022-05-06 17:03:05',b'0'),
	(554016027365793792,'task A','2022-05-06 17:14:52',10,b'1',1,'{\"code\": \"001\", \"detail\": \"苏州\"}','NORMAL','[{\"code\": \"001\", \"detail\": \"苏州\"}]','816-18888888888','{\"hello\": \"world\"}','[{\"hello\": \"world\"}]','[1, 2]','[\"hello\", \"world\"]','id=1&name=Rick.Xu&parentId=0',0,'2022-05-06 17:14:52',0,'2022-05-06 17:14:52',b'0'),
	(554016431352766464,'task A','2022-05-06 17:16:28',10,b'1',1,'{\"code\": \"001\", \"detail\": \"苏州\"}','NORMAL','[{\"code\": \"001\", \"detail\": \"苏州\"}]','816-18888888888','{\"hello\": \"world\"}','[{\"hello\": \"world\"}]','[1, 2]','[\"hello\", \"world\"]','id=1&name=Rick.Xu&parentId=0',0,'2022-05-06 17:16:28',0,'2022-05-06 17:16:28',b'0'),
	(554016884903829504,'task A','2022-05-06 17:18:16',10,b'1',1,'{\"code\": \"001\", \"detail\": \"苏州\"}','NORMAL','[{\"code\": \"001\", \"detail\": \"苏州\"}]','816-18888888888','{\"hello\": \"world\"}','[{\"hello\": \"world\"}]','[1, 2]','[\"hello\", \"world\"]','id=1&name=Rick.Xu&parentId=0',0,'2022-05-06 17:18:16',0,'2022-05-06 17:18:16',b'0'),
	(554056051960504320,'task A','2022-05-06 19:53:54',10,b'1',1,'{\"code\": \"001\", \"detail\": \"苏州\"}','NORMAL','[{\"code\": \"001\", \"detail\": \"苏州\"}]','816-18888888888','{\"hello\": \"world\"}','[{\"hello\": \"world\"}]','[1, 2]','[\"hello\", \"world\"]','id=1&name=Rick.Xu&parentId=0',0,'2022-05-06 19:53:54',0,'2022-05-06 19:53:54',b'0'),
	(554064087441661952,'task A','2022-05-06 20:25:50',10,b'1',1,'{\"code\": \"001\", \"detail\": \"苏州\"}','NORMAL','[{\"code\": \"001\", \"detail\": \"苏州\"}]','816-18888888888','{\"hello\": \"world\"}','[{\"hello\": \"world\"}]','[1, 2]','[\"hello\", \"world\"]','id=1&name=Rick.Xu&parentId=0',0,'2022-05-06 20:25:50',0,'2022-05-06 20:25:50',b'0'),
	(556602143793143808,'task A','2022-05-13 20:31:10',10,b'1',1,'{\"code\": \"001\", \"detail\": \"苏州\"}','NORMAL','[{\"code\": \"001\", \"detail\": \"苏州\"}]','816-18888888888','{\"hello\": \"world\"}','[{\"hello\": \"world\"}]','[1, 2]','[\"hello\", \"world\"]','id=1&name=Rick.Xu&parentId=0',0,'2022-05-13 20:31:10',0,'2022-05-13 20:31:10',b'0'),
	(556615258387701760,'task A','2022-05-13 21:23:17',10,b'1',1,'{\"code\": \"001\", \"detail\": \"苏州\"}','NORMAL','[{\"code\": \"001\", \"detail\": \"苏州\"}]','816-18888888888','{\"hello\": \"world\"}','[{\"hello\": \"world\"}]','[1, 2]','[\"hello\", \"world\"]','id=1&name=Rick.Xu&parentId=0',0,'2022-05-13 21:23:17',0,'2022-05-13 21:23:17',b'0'),
	(556620927518040064,'task A','2022-05-13 21:45:48',10,b'1',1,'{\"code\": \"001\", \"detail\": \"苏州\"}','NORMAL','[{\"code\": \"001\", \"detail\": \"苏州\"}]','816-18888888888','{\"hello\": \"world\"}','[{\"hello\": \"world\"}]','[1, 2]','[\"hello\", \"world\"]','id=1&name=Rick.Xu&parentId=0',0,'2022-05-13 21:45:48',0,'2022-05-13 21:45:48',b'0'),
	(556676154485039104,'task A','2022-05-14 01:25:16',10,b'1',1,'{\"code\": \"001\", \"detail\": \"苏州\"}','NORMAL','[{\"code\": \"001\", \"detail\": \"苏州\"}]','816-18888888888','{\"hello\": \"world\"}','[{\"hello\": \"world\"}]','[1, 2]','[\"hello\", \"world\"]','id=1&name=Rick.Xu&parentId=0',0,'2022-05-14 01:25:16',0,'2022-05-14 01:25:16',b'0'),
	(556676320139075584,'task A','2022-05-14 01:25:55',10,b'1',1,'{\"code\": \"001\", \"detail\": \"苏州\"}','NORMAL','[{\"code\": \"001\", \"detail\": \"苏州\"}]','816-18888888888','{\"hello\": \"world\"}','[{\"hello\": \"world\"}]','[1, 2]','[\"hello\", \"world\"]','id=1&name=Rick.Xu&parentId=0',0,'2022-05-14 01:25:55',0,'2022-05-14 01:25:55',b'0'),
	(556676511843934208,'task A','2022-05-14 01:26:41',10,b'1',1,'{\"code\": \"001\", \"detail\": \"苏州\"}','NORMAL','[{\"code\": \"001\", \"detail\": \"苏州\"}]','816-18888888888','{\"hello\": \"world\"}','[{\"hello\": \"world\"}]','[1, 2]','[\"hello\", \"world\"]','id=1&name=Rick.Xu&parentId=0',0,'2022-05-14 01:26:41',0,'2022-05-14 01:26:41',b'0'),
	(556676718941888512,'task A','2022-05-14 01:27:30',10,b'1',1,'{\"code\": \"001\", \"detail\": \"苏州\"}','NORMAL','[{\"code\": \"001\", \"detail\": \"苏州\"}]','816-18888888888','{\"hello\": \"world\"}','[{\"hello\": \"world\"}]','[1, 2]','[\"hello\", \"world\"]','id=1&name=Rick.Xu&parentId=0',0,'2022-05-14 01:27:30',0,'2022-05-14 01:27:30',b'0'),
	(556681524213374976,'task A','2022-05-14 01:46:36',10,b'1',1,'{\"code\": \"001\", \"detail\": \"苏州\"}','NORMAL','[{\"code\": \"001\", \"detail\": \"苏州\"}]','816-18888888888','{\"hello\": \"world\"}','[{\"hello\": \"world\"}]','[1, 2]','[\"hello\", \"world\"]','id=1&name=Rick.Xu&parentId=0',0,'2022-05-14 01:46:36',0,'2022-05-14 01:46:36',b'0'),
	(556683169013882880,'task A','2022-05-14 01:53:08',10,b'1',1,'{\"code\": \"001\", \"detail\": \"苏州\"}','NORMAL','[{\"code\": \"001\", \"detail\": \"苏州\"}]','816-18888888888','{\"hello\": \"world\"}','[{\"hello\": \"world\"}]','[1, 2]','[\"hello\", \"world\"]','id=1&name=Rick.Xu&parentId=0',0,'2022-05-14 01:53:08',0,'2022-05-14 01:53:08',b'0'),
	(556683553010802688,'task A','2022-05-14 01:54:40',10,b'1',1,'{\"code\": \"001\", \"detail\": \"苏州\"}','NORMAL','[{\"code\": \"001\", \"detail\": \"苏州\"}]','816-18888888888','{\"hello\": \"world\"}','[{\"hello\": \"world\"}]','[1, 2]','[\"hello\", \"world\"]','id=1&name=Rick.Xu&parentId=0',0,'2022-05-14 01:54:40',0,'2022-05-14 01:54:40',b'0'),
	(556683793520582656,'task A','2022-05-14 01:55:37',10,b'1',1,'{\"code\": \"001\", \"detail\": \"苏州\"}','NORMAL','[{\"code\": \"001\", \"detail\": \"苏州\"}]','816-18888888888','{\"hello\": \"world\"}','[{\"hello\": \"world\"}]','[1, 2]','[\"hello\", \"world\"]','id=1&name=Rick.Xu&parentId=0',0,'2022-05-14 01:55:37',0,'2022-05-14 01:55:37',b'0'),
	(556684004510851072,'task A','2022-05-14 01:56:27',10,b'1',1,'{\"code\": \"001\", \"detail\": \"苏州\"}','NORMAL','[{\"code\": \"001\", \"detail\": \"苏州\"}]','816-18888888888','{\"hello\": \"world\"}','[{\"hello\": \"world\"}]','[1, 2]','[\"hello\", \"world\"]','id=1&name=Rick.Xu&parentId=0',0,'2022-05-14 01:56:27',0,'2022-05-14 01:56:27',b'0'),
	(556684196534476800,'task A','2022-05-14 01:57:13',10,b'1',1,'{\"code\": \"001\", \"detail\": \"苏州\"}','NORMAL','[{\"code\": \"001\", \"detail\": \"苏州\"}]','816-18888888888','{\"hello\": \"world\"}','[{\"hello\": \"world\"}]','[1, 2]','[\"hello\", \"world\"]','id=1&name=Rick.Xu&parentId=0',0,'2022-05-14 01:57:13',0,'2022-05-14 01:57:13',b'0'),
	(556684490379026432,'task A','2022-05-14 01:58:23',10,b'1',1,'{\"code\": \"001\", \"detail\": \"苏州\"}','NORMAL','[{\"code\": \"001\", \"detail\": \"苏州\"}]','816-18888888888','{\"hello\": \"world\"}','[{\"hello\": \"world\"}]','[1, 2]','[\"hello\", \"world\"]','id=1&name=Rick.Xu&parentId=0',0,'2022-05-14 01:58:23',0,'2022-05-14 01:58:23',b'0'),
	(556685407996272640,'task A','2022-05-14 02:02:02',10,b'1',1,'{\"code\": \"001\", \"detail\": \"苏州\"}','NORMAL','[{\"code\": \"001\", \"detail\": \"苏州\"}]','816-18888888888','{\"hello\": \"world\"}','[{\"hello\": \"world\"}]','[1, 2]','[\"hello\", \"world\"]','id=1&name=Rick.Xu&parentId=0',0,'2022-05-14 02:02:02',0,'2022-05-14 02:02:02',b'0'),
	(556685685323653120,'task A','2022-05-14 02:03:08',10,b'1',1,'{\"code\": \"001\", \"detail\": \"苏州\"}','NORMAL','[{\"code\": \"001\", \"detail\": \"苏州\"}]','816-18888888888','{\"hello\": \"world\"}','[{\"hello\": \"world\"}]','[1, 2]','[\"hello\", \"world\"]','id=1&name=Rick.Xu&parentId=0',0,'2022-05-14 02:03:08',0,'2022-05-14 02:03:08',b'0'),
	(556686071837155328,'task A','2022-05-14 02:04:40',10,b'1',1,'{\"code\": \"001\", \"detail\": \"苏州\"}','NORMAL','[{\"code\": \"001\", \"detail\": \"苏州\"}]','816-18888888888','{\"hello\": \"world\"}','[{\"hello\": \"world\"}]','[1, 2]','[\"hello\", \"world\"]','id=1&name=Rick.Xu&parentId=0',0,'2022-05-14 02:04:40',0,'2022-05-14 02:04:40',b'0'),
	(556686662734897152,'task A','2022-05-14 02:07:01',10,b'1',1,'{\"code\": \"001\", \"detail\": \"苏州\"}','NORMAL','[{\"code\": \"001\", \"detail\": \"苏州\"}]','816-18888888888','{\"hello\": \"world\"}','[{\"hello\": \"world\"}]','[1, 2]','[\"hello\", \"world\"]','id=1&name=Rick.Xu&parentId=0',0,'2022-05-14 02:07:01',0,'2022-05-14 02:07:01',b'0'),
	(556689608092606464,'task A','2022-05-14 02:18:43',10,b'1',1,'{\"code\": \"001\", \"detail\": \"苏州\"}','NORMAL','[{\"code\": \"001\", \"detail\": \"苏州\"}]','816-18888888888','{\"hello\": \"world\"}','[{\"hello\": \"world\"}]','[1, 2]','[\"hello\", \"world\"]','id=1&name=Rick.Xu&parentId=0',0,'2022-05-14 02:18:43',0,'2022-05-14 02:18:43',b'0'),
	(556689893926035456,'task A','2022-05-14 02:19:51',10,b'1',1,'{\"code\": \"001\", \"detail\": \"苏州\"}','NORMAL','[{\"code\": \"001\", \"detail\": \"苏州\"}]','816-18888888888','{\"hello\": \"world\"}','[{\"hello\": \"world\"}]','[1, 2]','[\"hello\", \"world\"]','id=1&name=Rick.Xu&parentId=0',0,'2022-05-14 02:19:51',0,'2022-05-14 02:19:51',b'0'),
	(556790462644674560,'task A','2022-05-14 08:59:29',10,b'1',1,'{\"code\": \"001\", \"detail\": \"苏州\"}','NORMAL','[{\"code\": \"001\", \"detail\": \"苏州\"}]','816-18888888888','{\"hello\": \"world\"}','[{\"hello\": \"world\"}]','[1, 2]','[\"hello\", \"world\"]','id=1&name=Rick.Xu&parentId=0',0,'2022-05-14 08:59:29',0,'2022-05-14 08:59:29',b'0'),
	(556790972105809920,'task A','2022-05-14 09:01:30',10,b'1',1,'{\"code\": \"001\", \"detail\": \"苏州\"}','NORMAL','[{\"code\": \"001\", \"detail\": \"苏州\"}]','816-18888888888','{\"hello\": \"world\"}','[{\"hello\": \"world\"}]','[1, 2]','[\"hello\", \"world\"]','id=1&name=Rick.Xu&parentId=0',0,'2022-05-14 09:01:30',0,'2022-05-14 09:01:30',b'0'),
	(556800188644253696,'task A','2022-05-14 09:38:08',10,b'1',1,'{\"code\": \"001\", \"detail\": \"苏州\"}','NORMAL','[{\"code\": \"001\", \"detail\": \"苏州\"}]','816-18888888888','{\"hello\": \"world\"}','[{\"hello\": \"world\"}]','[1, 2]','[\"hello\", \"world\"]','id=1&name=Rick.Xu&parentId=0',0,'2022-05-14 09:38:08',0,'2022-05-14 09:38:08',b'0'),
	(556806317839409152,'task A','2022-05-14 10:02:29',10,b'1',1,'{\"code\": \"001\", \"detail\": \"苏州\"}','NORMAL','[{\"code\": \"001\", \"detail\": \"苏州\"}]','816-18888888888','{\"hello\": \"world\"}','[{\"hello\": \"world\"}]','[1, 2]','[\"hello\", \"world\"]','id=1&name=Rick.Xu&parentId=0',0,'2022-05-14 10:02:29',0,'2022-05-14 10:02:29',b'0'),
	(556807608980398080,'task A','2022-05-14 10:07:37',10,b'1',1,'{\"code\": \"001\", \"detail\": \"苏州\"}','NORMAL','[{\"code\": \"001\", \"detail\": \"苏州\"}]','816-18888888888','{\"hello\": \"world\"}','[{\"hello\": \"world\"}]','[1, 2]','[\"hello\", \"world\"]','id=1&name=Rick.Xu&parentId=0',0,'2022-05-14 10:07:37',0,'2022-05-14 10:07:37',b'0'),
	(556808440664743936,'task A','2022-05-14 10:10:55',10,b'1',1,'{\"code\": \"001\", \"detail\": \"苏州\"}','NORMAL','[{\"code\": \"001\", \"detail\": \"苏州\"}]','816-18888888888','{\"hello\": \"world\"}','[{\"hello\": \"world\"}]','[1, 2]','[\"hello\", \"world\"]','id=1&name=Rick.Xu&parentId=0',0,'2022-05-14 10:10:55',0,'2022-05-14 10:10:55',b'0'),
	(556818152600821760,'task A','2022-05-14 10:49:31',10,b'1',1,'{\"code\": \"001\", \"detail\": \"苏州\"}','NORMAL','[{\"code\": \"001\", \"detail\": \"苏州\"}]','816-18888888888','{\"hello\": \"world\"}','[{\"hello\": \"world\"}]','[1, 2]','[\"hello\", \"world\"]','id=1&name=Rick.Xu&parentId=0',0,'2022-05-14 10:49:31',0,'2022-05-14 10:49:31',b'0'),
	(556825423376474112,'task A','2022-05-14 11:18:24',10,b'1',1,'{\"code\": \"001\", \"detail\": \"苏州\"}','NORMAL','[{\"code\": \"001\", \"detail\": \"苏州\"}]','816-18888888888','{\"hello\": \"world\"}','[{\"hello\": \"world\"}]','[1, 2]','[\"hello\", \"world\"]','id=1&name=Rick.Xu&parentId=0',0,'2022-05-14 11:18:24',0,'2022-05-14 11:18:24',b'0'),
	(556840087783137280,'task A','2022-05-14 12:16:40',10,b'1',1,'{\"code\": \"001\", \"detail\": \"苏州\"}','NORMAL','[{\"code\": \"001\", \"detail\": \"苏州\"}]','816-18888888888','{\"hello\": \"world\"}','[{\"hello\": \"world\"}]','[1, 2]','[\"hello\", \"world\"]','id=1&name=Rick.Xu&parentId=0',0,'2022-05-14 12:16:40',0,'2022-05-14 12:16:40',b'0'),
	(556840307770187776,'task A','2022-05-14 12:17:33',10,b'1',1,'{\"code\": \"001\", \"detail\": \"苏州\"}','NORMAL','[{\"code\": \"001\", \"detail\": \"苏州\"}]','816-18888888888','{\"hello\": \"world\"}','[{\"hello\": \"world\"}]','[1, 2]','[\"hello\", \"world\"]','id=1&name=Rick.Xu&parentId=0',0,'2022-05-14 12:17:33',0,'2022-05-14 12:17:33',b'0'),
	(556840446811365376,'task A','2022-05-14 12:18:06',10,b'1',1,'{\"code\": \"001\", \"detail\": \"苏州\"}','NORMAL','[{\"code\": \"001\", \"detail\": \"苏州\"}]','816-18888888888','{\"hello\": \"world\"}','[{\"hello\": \"world\"}]','[1, 2]','[\"hello\", \"world\"]','id=1&name=Rick.Xu&parentId=0',0,'2022-05-14 12:18:06',0,'2022-05-14 12:18:06',b'0'),
	(556840921560440832,'task A','2022-05-14 12:19:59',10,b'1',1,'{\"code\": \"001\", \"detail\": \"苏州\"}','NORMAL','[{\"code\": \"001\", \"detail\": \"苏州\"}]','816-18888888888','{\"hello\": \"world\"}','[{\"hello\": \"world\"}]','[1, 2]','[\"hello\", \"world\"]','id=1&name=Rick.Xu&parentId=0',0,'2022-05-14 12:19:59',0,'2022-05-14 12:19:59',b'0'),
	(556841337392128000,'task A','2022-05-14 12:21:38',10,b'1',1,'{\"code\": \"001\", \"detail\": \"苏州\"}','NORMAL','[{\"code\": \"001\", \"detail\": \"苏州\"}]','816-18888888888','{\"hello\": \"world\"}','[{\"hello\": \"world\"}]','[1, 2]','[\"hello\", \"world\"]','id=1&name=Rick.Xu&parentId=0',0,'2022-05-14 12:21:38',0,'2022-05-14 12:21:38',b'0'),
	(556843874266570752,'task A','2022-05-14 12:31:43',10,b'1',1,'{\"code\": \"001\", \"detail\": \"苏州\"}','NORMAL','[{\"code\": \"001\", \"detail\": \"苏州\"}]','816-18888888888','{\"hello\": \"world\"}','[{\"hello\": \"world\"}]','[1, 2]','[\"hello\", \"world\"]','id=1&name=Rick.Xu&parentId=0',0,'2022-05-14 12:31:43',0,'2022-05-14 12:31:43',b'0'),
	(556846089907658752,'task A','2022-05-14 12:40:31',10,b'1',1,'{\"code\": \"001\", \"detail\": \"苏州\"}','NORMAL','[{\"code\": \"001\", \"detail\": \"苏州\"}]','816-18888888888','{\"hello\": \"world\"}','[{\"hello\": \"world\"}]','[1, 2]','[\"hello\", \"world\"]','id=1&name=Rick.Xu&parentId=0',0,'2022-05-14 12:40:31',0,'2022-05-14 12:40:31',b'0'),
	(556846327716306944,'task A','2022-05-14 12:41:28',10,b'1',1,'{\"code\": \"001\", \"detail\": \"苏州\"}','NORMAL','[{\"code\": \"001\", \"detail\": \"苏州\"}]','816-18888888888','{\"hello\": \"world\"}','[{\"hello\": \"world\"}]','[1, 2]','[\"hello\", \"world\"]','id=1&name=Rick.Xu&parentId=0',0,'2022-05-14 12:41:28',0,'2022-05-14 12:41:28',b'0'),
	(556950473492586496,'task A','2022-05-14 19:35:18',10,b'1',1,'{\"code\": \"001\", \"detail\": \"苏州\"}','NORMAL','[{\"code\": \"001\", \"detail\": \"苏州\"}]','816-18888888888','{\"hello\": \"world\"}','[{\"hello\": \"world\"}]','[1, 2]','[\"hello\", \"world\"]','id=1&name=Rick.Xu&parentId=0',0,'2022-05-14 19:35:18',0,'2022-05-14 19:35:18',b'0'),
	(557558356991205376,'task A','2022-05-16 11:50:49',10,b'1',1,'{\"code\": \"001\", \"detail\": \"苏州\"}','NORMAL','[{\"code\": \"001\", \"detail\": \"苏州\"}]','816-18888888888','{\"hello\": \"world\"}','[{\"hello\": \"world\"}]','[1, 2]','[\"hello\", \"world\"]','id=1&name=Rick.Xu&parentId=0',0,'2022-05-16 11:50:49',0,'2022-05-16 11:50:49',b'0'),
	(557563426206048256,'task A','2022-05-16 12:10:58',10,b'1',1,'{\"code\": \"001\", \"detail\": \"苏州\"}','NORMAL','[{\"code\": \"001\", \"detail\": \"苏州\"}]','816-18888888888','{\"hello\": \"world\"}','[{\"hello\": \"world\"}]','[1, 2]','[\"hello\", \"world\"]','id=1&name=Rick.Xu&parentId=0',0,'2022-05-16 12:10:58',0,'2022-05-16 12:10:58',b'0'),
	(558653485294477312,'task A','2022-05-19 12:22:28',10,b'1',1,'{\"code\": \"001\", \"detail\": \"苏州\"}','NORMAL','[{\"code\": \"001\", \"detail\": \"苏州\"}]','816-18888888888','{\"hello\": \"world\"}','[{\"hello\": \"world\"}]','[1, 2]','[\"hello\", \"world\"]','id=1&name=Rick.Xu&parentId=0',0,'2022-05-19 12:22:28',0,'2022-05-19 12:22:28',b'0'),
	(558654521451143168,'task A','2022-05-19 12:26:35',10,b'1',1,'{\"code\": \"001\", \"detail\": \"苏州\"}','NORMAL','[{\"code\": \"001\", \"detail\": \"苏州\"}]','816-18888888888','{\"hello\": \"world\"}','[{\"hello\": \"world\"}]','[1, 2]','[\"hello\", \"world\"]','id=1&name=Rick.Xu&parentId=0',0,'2022-05-19 12:26:35',0,'2022-05-19 12:26:35',b'0'),
	(558654945839210496,'task A','2022-05-19 12:28:16',10,b'1',1,'{\"code\": \"001\", \"detail\": \"苏州\"}','NORMAL','[{\"code\": \"001\", \"detail\": \"苏州\"}]','816-18888888888','{\"hello\": \"world\"}','[{\"hello\": \"world\"}]','[1, 2]','[\"hello\", \"world\"]','id=1&name=Rick.Xu&parentId=0',0,'2022-05-19 12:28:16',0,'2022-05-19 12:28:16',b'0'),
	(558666742147244032,'task A','2022-05-19 13:15:09',10,b'1',1,'{\"code\": \"001\", \"detail\": \"苏州\"}','NORMAL','[{\"code\": \"001\", \"detail\": \"苏州\"}]','816-18888888888','{\"hello\": \"world\"}','[{\"hello\": \"world\"}]','[1, 2]','[\"hello\", \"world\"]','id=1&name=Rick.Xu&parentId=0',0,'2022-05-19 13:15:09',0,'2022-05-19 13:15:09',b'0'),
	(558725643077083136,'task A','2022-05-19 17:09:12',10,b'1',1,'{\"code\": \"001\", \"detail\": \"苏州\"}','NORMAL','[{\"code\": \"001\", \"detail\": \"苏州\"}]','816-18888888888','{\"hello\": \"world\"}','[{\"hello\": \"world\"}]','[1, 2]','[\"hello\", \"world\"]','id=1&name=Rick.Xu&parentId=0',0,'2022-05-19 17:09:12',0,'2022-05-19 17:09:12',b'0'),
	(559022549330223104,'task A','2022-05-20 12:49:00',10,b'1',1,'{\"code\": \"001\", \"detail\": \"苏州\"}','NORMAL','[{\"code\": \"001\", \"detail\": \"苏州\"}]','816-18888888888','{\"hello\": \"world\"}','[{\"hello\": \"world\"}]','[1, 2]','[\"hello\", \"world\"]','id=1&name=Rick.Xu&parentId=0',0,'2022-05-20 12:49:00',0,'2022-05-20 12:49:00',b'0'),
	(559205658537418752,'task A','2022-05-21 00:56:36',10,b'1',1,'{\"code\": \"001\", \"detail\": \"苏州\"}','NORMAL','[{\"code\": \"001\", \"detail\": \"苏州\"}]','816-18888888888','{\"hello\": \"world\"}','[{\"hello\": \"world\"}]','[1, 2]','[\"hello\", \"world\"]','id=1&name=Rick.Xu&parentId=0',0,'2022-05-21 00:56:36',0,'2022-05-21 00:56:36',b'0'),
	(565859479661502464,'task A','2022-06-08 09:36:31',10,b'1',1,'{\"code\": \"001\", \"detail\": \"苏州\"}','NORMAL','[{\"code\": \"001\", \"detail\": \"苏州\"}]','816-18888888888','{\"hello\": \"world\"}','[{\"hello\": \"world\"}]','[1, 2]','[\"hello\", \"world\"]','id=1&name=Rick.Xu&parentId=0',0,'2022-06-08 09:36:31',0,'2022-06-08 09:36:31',b'0'),
	(567027439008669696,'task A','2022-06-11 14:57:34',10,b'1',1,'{\"code\": \"001\", \"detail\": \"苏州\"}','NORMAL','[{\"code\": \"001\", \"detail\": \"苏州\"}]','816-18888888888','{\"hello\": \"world\"}','[{\"hello\": \"world\"}]','[1, 2]','[\"hello\", \"world\"]','id=1&name=Rick.Xu&parentId=0',0,'2022-06-11 14:57:34',0,'2022-06-11 14:57:34',b'0'),
	(568230291227992064,'task A','2022-06-14 22:37:16',10,b'1',1,'{\"code\": \"001\", \"detail\": \"苏州\"}','NORMAL','[{\"code\": \"001\", \"detail\": \"苏州\"}]','816-18888888888','{\"hello\": \"world\"}','[{\"hello\": \"world\"}]','[1, 2]','[\"hello\", \"world\"]','id=1&name=Rick.Xu&parentId=0',0,'2022-06-14 22:37:16',0,'2022-06-14 22:37:16',b'0'),
	(568256711153082368,'task A','2022-06-15 00:22:15',10,b'1',1,'{\"code\": \"001\", \"detail\": \"苏州\"}','NORMAL','[{\"code\": \"001\", \"detail\": \"苏州\"}]','816-18888888888','{\"hello\": \"world\"}','[{\"hello\": \"world\"}]','[1, 2]','[\"hello\", \"world\"]','id=1&name=Rick.Xu&parentId=0',0,'2022-06-15 00:22:15',0,'2022-06-15 00:22:15',b'0'),
	(568258176206692352,'task A','2022-06-15 00:28:05',10,b'1',1,'{\"code\": \"001\", \"detail\": \"苏州\"}','NORMAL','[{\"code\": \"001\", \"detail\": \"苏州\"}]','816-18888888888','{\"hello\": \"world\"}','[{\"hello\": \"world\"}]','[1, 2]','[\"hello\", \"world\"]','id=1&name=Rick.Xu&parentId=0',0,'2022-06-15 00:28:05',0,'2022-06-15 00:28:05',b'0'),
	(568263360399990784,'task A','2022-06-15 00:48:41',10,b'1',1,'{\"code\": \"001\", \"detail\": \"苏州\"}','NORMAL','[{\"code\": \"001\", \"detail\": \"苏州\"}]','816-18888888888','{\"hello\": \"world\"}','[{\"hello\": \"world\"}]','[1, 2]','[\"hello\", \"world\"]','id=1&name=Rick.Xu&parentId=0',0,'2022-06-15 00:48:41',0,'2022-06-15 00:48:41',b'0'),
	(568273351458611200,'task A','2022-06-15 01:28:23',10,b'1',1,'{\"code\": \"001\", \"detail\": \"苏州\"}','NORMAL','[{\"code\": \"001\", \"detail\": \"苏州\"}]','816-18888888888','{\"hello\": \"world\"}','[{\"hello\": \"world\"}]','[1, 2]','[\"hello\", \"world\"]','id=1&name=Rick.Xu&parentId=0',0,'2022-06-15 01:28:23',0,'2022-06-15 01:28:23',b'0'),
	(568273510036856832,'task A','2022-06-15 01:29:01',10,b'1',1,'{\"code\": \"001\", \"detail\": \"苏州\"}','NORMAL','[{\"code\": \"001\", \"detail\": \"苏州\"}]','816-18888888888','{\"hello\": \"world\"}','[{\"hello\": \"world\"}]','[1, 2]','[\"hello\", \"world\"]','id=1&name=Rick.Xu&parentId=0',0,'2022-06-15 01:29:01',0,'2022-06-15 01:29:01',b'0'),
	(568273866921795584,'task A','2022-06-15 01:30:26',10,b'1',1,'{\"code\": \"001\", \"detail\": \"苏州\"}','NORMAL','[{\"code\": \"001\", \"detail\": \"苏州\"}]','816-18888888888','{\"hello\": \"world\"}','[{\"hello\": \"world\"}]','[1, 2]','[\"hello\", \"world\"]','id=1&name=Rick.Xu&parentId=0',0,'2022-06-15 01:30:26',0,'2022-06-15 01:30:26',b'0'),
	(568274124363980800,'task A','2022-06-15 01:31:27',10,b'1',1,'{\"code\": \"001\", \"detail\": \"苏州\"}','NORMAL','[{\"code\": \"001\", \"detail\": \"苏州\"}]','816-18888888888','{\"hello\": \"world\"}','[{\"hello\": \"world\"}]','[1, 2]','[\"hello\", \"world\"]','id=1&name=Rick.Xu&parentId=0',0,'2022-06-15 01:31:27',0,'2022-06-15 01:31:27',b'0'),
	(568274605664559104,'task A','2022-06-15 01:33:22',10,b'1',1,'{\"code\": \"001\", \"detail\": \"苏州\"}','NORMAL','[{\"code\": \"001\", \"detail\": \"苏州\"}]','816-18888888888','{\"hello\": \"world\"}','[{\"hello\": \"world\"}]','[1, 2]','[\"hello\", \"world\"]','id=1&name=Rick.Xu&parentId=0',0,'2022-06-15 01:33:22',0,'2022-06-15 01:33:22',b'0'),
	(568275711048212480,'task A','2022-06-15 01:37:45',10,b'1',1,'{\"code\": \"001\", \"detail\": \"苏州\"}','NORMAL','[{\"code\": \"001\", \"detail\": \"苏州\"}]','816-18888888888','{\"hello\": \"world\"}','[{\"hello\": \"world\"}]','[1, 2]','[\"hello\", \"world\"]','id=1&name=Rick.Xu&parentId=0',0,'2022-06-15 01:37:45',0,'2022-06-15 01:37:45',b'0'),
	(568275809564024832,'task A','2022-06-15 01:38:09',10,b'1',1,'{\"code\": \"001\", \"detail\": \"苏州\"}','NORMAL','[{\"code\": \"001\", \"detail\": \"苏州\"}]','816-18888888888','{\"hello\": \"world\"}','[{\"hello\": \"world\"}]','[1, 2]','[\"hello\", \"world\"]','id=1&name=Rick.Xu&parentId=0',0,'2022-06-15 01:38:09',0,'2022-06-15 01:38:09',b'0'),
	(568275949196599296,'task A','2022-06-15 01:38:42',10,b'1',1,'{\"code\": \"001\", \"detail\": \"苏州\"}','NORMAL','[{\"code\": \"001\", \"detail\": \"苏州\"}]','816-18888888888','{\"hello\": \"world\"}','[{\"hello\": \"world\"}]','[1, 2]','[\"hello\", \"world\"]','id=1&name=Rick.Xu&parentId=0',0,'2022-06-15 01:38:42',0,'2022-06-15 01:38:42',b'0'),
	(568276170701987840,'task A','2022-06-15 01:39:35',10,b'1',1,'{\"code\": \"001\", \"detail\": \"苏州\"}','NORMAL','[{\"code\": \"001\", \"detail\": \"苏州\"}]','816-18888888888','{\"hello\": \"world\"}','[{\"hello\": \"world\"}]','[1, 2]','[\"hello\", \"world\"]','id=1&name=Rick.Xu&parentId=0',0,'2022-06-15 01:39:35',0,'2022-06-15 01:39:35',b'0'),
	(568276574424719360,'task A','2022-06-15 01:41:11',10,b'1',1,'{\"code\": \"001\", \"detail\": \"苏州\"}','NORMAL','[{\"code\": \"001\", \"detail\": \"苏州\"}]','816-18888888888','{\"hello\": \"world\"}','[{\"hello\": \"world\"}]','[1, 2]','[\"hello\", \"world\"]','id=1&name=Rick.Xu&parentId=0',0,'2022-06-15 01:41:11',0,'2022-06-15 01:41:11',b'0'),
	(568280564646469632,'task A','2022-06-15 01:57:03',10,b'1',1,'{\"code\": \"001\", \"detail\": \"苏州\"}','NORMAL','[{\"code\": \"001\", \"detail\": \"苏州\"}]','816-18888888888','{\"hello\": \"world\"}','[{\"hello\": \"world\"}]','[1, 2]','[\"hello\", \"world\"]','id=1&name=Rick.Xu&parentId=0',0,'2022-06-15 01:57:03',0,'2022-06-15 01:57:03',b'0'),
	(568280725791629312,'task A','2022-06-15 01:57:41',10,b'1',1,'{\"code\": \"001\", \"detail\": \"苏州\"}','NORMAL','[{\"code\": \"001\", \"detail\": \"苏州\"}]','816-18888888888','{\"hello\": \"world\"}','[{\"hello\": \"world\"}]','[1, 2]','[\"hello\", \"world\"]','id=1&name=Rick.Xu&parentId=0',0,'2022-06-15 01:57:41',0,'2022-06-15 01:57:41',b'0'),
	(568281226272759808,'task A','2022-06-15 01:59:40',10,b'1',1,'{\"code\": \"001\", \"detail\": \"苏州\"}','NORMAL','[{\"code\": \"001\", \"detail\": \"苏州\"}]','816-18888888888','{\"hello\": \"world\"}','[{\"hello\": \"world\"}]','[1, 2]','[\"hello\", \"world\"]','id=1&name=Rick.Xu&parentId=0',0,'2022-06-15 01:59:40',0,'2022-06-15 01:59:40',b'0'),
	(568281458796584960,'task A','2022-06-15 02:00:36',10,b'1',1,'{\"code\": \"001\", \"detail\": \"苏州\"}','NORMAL','[{\"code\": \"001\", \"detail\": \"苏州\"}]','816-18888888888','{\"hello\": \"world\"}','[{\"hello\": \"world\"}]','[1, 2]','[\"hello\", \"world\"]','id=1&name=Rick.Xu&parentId=0',0,'2022-06-15 02:00:36',0,'2022-06-15 02:00:36',b'0'),
	(568281658051190784,'task A','2022-06-15 02:01:23',10,b'1',1,'{\"code\": \"001\", \"detail\": \"苏州\"}','NORMAL','[{\"code\": \"001\", \"detail\": \"苏州\"}]','816-18888888888','{\"hello\": \"world\"}','[{\"hello\": \"world\"}]','[1, 2]','[\"hello\", \"world\"]','id=1&name=Rick.Xu&parentId=0',0,'2022-06-15 02:01:23',0,'2022-06-15 02:01:23',b'0'),
	(568285175394525184,'task A','2022-06-15 02:15:22',10,b'1',1,'{\"code\": \"001\", \"detail\": \"苏州\"}','NORMAL','[{\"code\": \"001\", \"detail\": \"苏州\"}]','816-18888888888','{\"hello\": \"world\"}','[{\"hello\": \"world\"}]','[1, 2]','[\"hello\", \"world\"]','id=1&name=Rick.Xu&parentId=0',0,'2022-06-15 02:15:22',0,'2022-06-15 02:15:22',b'0'),
	(568285372484870144,'task A','2022-06-15 02:16:09',10,b'1',1,'{\"code\": \"001\", \"detail\": \"苏州\"}','NORMAL','[{\"code\": \"001\", \"detail\": \"苏州\"}]','816-18888888888','{\"hello\": \"world\"}','[{\"hello\": \"world\"}]','[1, 2]','[\"hello\", \"world\"]','id=1&name=Rick.Xu&parentId=0',0,'2022-06-15 02:16:09',0,'2022-06-15 02:16:09',b'0'),
	(568285567796830208,'task A','2022-06-15 02:16:55',10,b'1',1,'{\"code\": \"001\", \"detail\": \"苏州\"}','NORMAL','[{\"code\": \"001\", \"detail\": \"苏州\"}]','816-18888888888','{\"hello\": \"world\"}','[{\"hello\": \"world\"}]','[1, 2]','[\"hello\", \"world\"]','id=1&name=Rick.Xu&parentId=0',0,'2022-06-15 02:16:55',0,'2022-06-15 02:16:55',b'0'),
	(568285682464907264,'task A','2022-06-15 02:17:23',10,b'1',1,'{\"code\": \"001\", \"detail\": \"苏州\"}','NORMAL','[{\"code\": \"001\", \"detail\": \"苏州\"}]','816-18888888888','{\"hello\": \"world\"}','[{\"hello\": \"world\"}]','[1, 2]','[\"hello\", \"world\"]','id=1&name=Rick.Xu&parentId=0',0,'2022-06-15 02:17:23',0,'2022-06-15 02:17:23',b'0'),
	(568286874305748992,'task A','2022-06-15 02:22:07',10,b'1',1,'{\"code\": \"001\", \"detail\": \"苏州\"}','NORMAL','[{\"code\": \"001\", \"detail\": \"苏州\"}]','816-18888888888','{\"hello\": \"world\"}','[{\"hello\": \"world\"}]','[1, 2]','[\"hello\", \"world\"]','id=1&name=Rick.Xu&parentId=0',0,'2022-06-15 02:22:07',0,'2022-06-15 02:22:07',b'0'),
	(614259273131810816,'task A','2022-10-19 23:00:01',10,b'1',1,'{\"code\": \"001\", \"detail\": \"苏州\"}','NORMAL','[{\"code\": \"001\", \"detail\": \"苏州\"}]','816-18888888888','{\"hello\": \"world\"}','[{\"hello\": \"world\"}]','[1, 2]','[\"hello\", \"world\"]','id=1&name=Rick.Xu&parentId=0',0,'2022-10-19 23:00:01',0,'2022-10-19 23:00:01',b'0'),
	(616355690276986880,'task A','2022-10-25 17:50:26',10,b'1',1,'{\"code\": \"001\", \"detail\": \"苏州\"}','NORMAL','[{\"code\": \"001\", \"detail\": \"苏州\"}]','816-18888888888','{\"hello\": \"world\"}','[{\"hello\": \"world\"}]','[1, 2]','[\"hello\", \"world\"]','id=1&name=Rick.Xu&parentId=0',0,'2022-10-25 17:50:26',0,'2022-10-25 17:50:26',b'0'),
	(616358922520895488,'task A','2022-10-25 18:03:16',10,b'1',1,'{\"code\": \"001\", \"detail\": \"苏州\"}','NORMAL','[{\"code\": \"001\", \"detail\": \"苏州\"}]','816-18888888888','{\"hello\": \"world\"}','[{\"hello\": \"world\"}]','[1, 2]','[\"hello\", \"world\"]','id=1&name=Rick.Xu&parentId=0',0,'2022-10-25 18:03:16',0,'2022-10-25 18:03:16',b'0'),
	(616730700657205248,'task A','2022-10-26 18:40:35',10,b'1',1,'{\"code\": \"001\", \"detail\": \"苏州\"}','NORMAL','[{\"code\": \"001\", \"detail\": \"苏州\"}]','816-18888888888','{\"hello\": \"world\"}','[{\"hello\": \"world\"}]','[1, 2]','[\"hello\", \"world\"]','id=1&name=Rick.Xu&parentId=0',0,'2022-10-26 18:40:35',0,'2022-10-26 18:40:35',b'0'),
	(616982332640862208,'task A','2022-10-27 11:20:29',10,b'1',1,'{\"code\": \"001\", \"detail\": \"苏州\"}','NORMAL','[{\"code\": \"001\", \"detail\": \"苏州\"}]','816-18888888888','{\"hello\": \"world\"}','[{\"hello\": \"world\"}]','[1, 2]','[\"hello\", \"world\"]','id=1&name=Rick.Xu&parentId=0',0,'2022-10-27 11:20:29',0,'2022-10-27 11:20:29',b'0'),
	(617326504681938944,'task A','2022-10-28 10:08:06',10,b'1',1,'{\"code\": \"001\", \"detail\": \"苏州\"}','NORMAL','[{\"code\": \"001\", \"detail\": \"苏州\"}]','816-18888888888','{\"hello\": \"world\"}','[{\"hello\": \"world\"}]','[1, 2]','[\"hello\", \"world\"]','id=1&name=Rick.Xu&parentId=0',0,'2022-10-28 10:08:06',0,'2022-10-28 10:08:06',b'0'),
	(617327257345597440,'task A','2022-10-28 10:11:05',10,b'1',1,'{\"code\": \"001\", \"detail\": \"苏州\"}','NORMAL','[{\"code\": \"001\", \"detail\": \"苏州\"}]','816-18888888888','{\"hello\": \"world\"}','[{\"hello\": \"world\"}]','[1, 2]','[\"hello\", \"world\"]','id=1&name=Rick.Xu&parentId=0',0,'2022-10-28 10:11:05',0,'2022-10-28 10:11:05',b'0'),
	(617329095847452672,'task A','2022-10-28 10:18:24',10,b'1',1,'{\"code\": \"001\", \"detail\": \"苏州\"}','NORMAL','[{\"code\": \"001\", \"detail\": \"苏州\"}]','816-18888888888','{\"hello\": \"world\"}','[{\"hello\": \"world\"}]','[1, 2]','[\"hello\", \"world\"]','id=1&name=Rick.Xu&parentId=0',0,'2022-10-28 10:18:24',0,'2022-10-28 10:18:24',b'0'),
	(617329757142392832,'task A','2022-10-28 10:21:01',10,b'1',1,'{\"code\": \"001\", \"detail\": \"苏州\"}','NORMAL','[{\"code\": \"001\", \"detail\": \"苏州\"}]','816-18888888888','{\"hello\": \"world\"}','[{\"hello\": \"world\"}]','[1, 2]','[\"hello\", \"world\"]','id=1&name=Rick.Xu&parentId=0',0,'2022-10-28 10:21:01',0,'2022-10-28 10:21:01',b'0'),
	(617340832109830144,'task A','2022-10-28 11:05:02',10,b'1',1,'{\"code\": \"001\", \"detail\": \"苏州\"}','NORMAL','[{\"code\": \"001\", \"detail\": \"苏州\"}]','816-18888888888','{\"hello\": \"world\"}','[{\"hello\": \"world\"}]','[1, 2]','[\"hello\", \"world\"]','id=1&name=Rick.Xu&parentId=0',0,'2022-10-28 11:05:02',0,'2022-10-28 11:05:02',b'0'),
	(617352778456506368,'task A','2022-10-28 11:52:30',10,b'1',1,'{\"code\": \"001\", \"detail\": \"苏州\"}','NORMAL','[{\"code\": \"001\", \"detail\": \"苏州\"}]','816-18888888888','{\"hello\": \"world\"}','[{\"hello\": \"world\"}]','[1, 2]','[\"hello\", \"world\"]','id=1&name=Rick.Xu&parentId=0',0,'2022-10-28 11:52:30',0,'2022-10-28 11:52:30',b'0'),
	(617354953022775296,'task A','2022-10-28 12:01:08',10,b'1',1,'{\"code\": \"001\", \"detail\": \"苏州\"}','NORMAL','[{\"code\": \"001\", \"detail\": \"苏州\"}]','816-18888888888','{\"hello\": \"world\"}','[{\"hello\": \"world\"}]','[1, 2]','[\"hello\", \"world\"]','id=1&name=Rick.Xu&parentId=0',0,'2022-10-28 12:01:09',0,'2022-10-28 12:01:09',b'0'),
	(617496532224237568,'task A','2022-10-28 21:23:44',10,b'1',1,'{\"code\": \"001\", \"detail\": \"苏州\"}','NORMAL','[{\"code\": \"001\", \"detail\": \"苏州\"}]','816-18888888888','{\"hello\": \"world\"}','[{\"hello\": \"world\"}]','[1, 2]','[\"hello\", \"world\"]','id=1&name=Rick.Xu&parentId=0',0,'2022-10-28 21:23:44',0,'2022-10-28 21:23:44',b'0'),
	(617498989465624576,'task A','2022-10-28 21:33:29',10,b'1',1,'{\"code\": \"001\", \"detail\": \"苏州\"}','NORMAL','[{\"code\": \"001\", \"detail\": \"苏州\"}]','816-18888888888','{\"hello\": \"world\"}','[{\"hello\": \"world\"}]','[1, 2]','[\"hello\", \"world\"]','id=1&name=Rick.Xu&parentId=0',0,'2022-10-28 21:33:29',0,'2022-10-28 21:33:29',b'0'),
	(617499197528268800,'task A','2022-10-28 21:34:19',10,b'1',1,'{\"code\": \"001\", \"detail\": \"苏州\"}','NORMAL','[{\"code\": \"001\", \"detail\": \"苏州\"}]','816-18888888888','{\"hello\": \"world\"}','[{\"hello\": \"world\"}]','[1, 2]','[\"hello\", \"world\"]','id=1&name=Rick.Xu&parentId=0',0,'2022-10-28 21:34:19',0,'2022-10-28 21:34:19',b'0'),
	(617500581401124864,'task A','2022-10-28 21:39:49',10,b'1',1,'{\"code\": \"001\", \"detail\": \"苏州\"}','NORMAL','[{\"code\": \"001\", \"detail\": \"苏州\"}]','816-18888888888','{\"hello\": \"world\"}','[{\"hello\": \"world\"}]','[1, 2]','[\"hello\", \"world\"]','id=1&name=Rick.Xu&parentId=0',0,'2022-10-28 21:39:49',0,'2022-10-28 21:39:49',b'0'),
	(617501413743976448,'task A','2022-10-28 21:43:07',10,b'1',1,'{\"code\": \"001\", \"detail\": \"苏州\"}','NORMAL','[{\"code\": \"001\", \"detail\": \"苏州\"}]','816-18888888888','{\"hello\": \"world\"}','[{\"hello\": \"world\"}]','[1, 2]','[\"hello\", \"world\"]','id=1&name=Rick.Xu&parentId=0',0,'2022-10-28 21:43:07',0,'2022-10-28 21:43:07',b'0'),
	(617502111336423424,'task A','2022-10-28 21:45:54',10,b'1',1,'{\"code\": \"001\", \"detail\": \"苏州\"}','NORMAL','[{\"code\": \"001\", \"detail\": \"苏州\"}]','816-18888888888','{\"hello\": \"world\"}','[{\"hello\": \"world\"}]','[1, 2]','[\"hello\", \"world\"]','id=1&name=Rick.Xu&parentId=0',0,'2022-10-28 21:45:54',0,'2022-10-28 21:45:54',b'0'),
	(617504292198342656,'task A','2022-10-28 21:54:34',10,b'1',1,'{\"code\": \"001\", \"detail\": \"苏州\"}','NORMAL','[{\"code\": \"001\", \"detail\": \"苏州\"}]','816-18888888888','{\"hello\": \"world\"}','[{\"hello\": \"world\"}]','[1, 2]','[\"hello\", \"world\"]','id=1&name=Rick.Xu&parentId=0',0,'2022-10-28 21:54:34',0,'2022-10-28 21:54:34',b'0'),
	(617508986937335808,'task A','2022-10-28 22:13:13',10,b'1',1,'{\"code\": \"001\", \"detail\": \"苏州\"}','NORMAL','[{\"code\": \"001\", \"detail\": \"苏州\"}]','816-18888888888','{\"hello\": \"world\"}','[{\"hello\": \"world\"}]','[1, 2]','[\"hello\", \"world\"]','id=1&name=Rick.Xu&parentId=0',0,'2022-10-28 22:13:13',0,'2022-10-28 22:13:13',b'0'),
	(617517735135600640,'task A','2022-10-28 22:47:59',10,b'1',1,'{\"code\": \"001\", \"detail\": \"苏州\"}','NORMAL','[{\"code\": \"001\", \"detail\": \"苏州\"}]','816-18888888888','{\"hello\": \"world\"}','[{\"hello\": \"world\"}]','[1, 2]','[\"hello\", \"world\"]','id=1&name=Rick.Xu&parentId=0',0,'2022-10-28 22:47:59',0,'2022-10-28 22:47:59',b'0'),
	(617517965771988992,'task A','2022-10-28 22:48:54',10,b'1',1,'{\"code\": \"001\", \"detail\": \"苏州\"}','NORMAL','[{\"code\": \"001\", \"detail\": \"苏州\"}]','816-18888888888','{\"hello\": \"world\"}','[{\"hello\": \"world\"}]','[1, 2]','[\"hello\", \"world\"]','id=1&name=Rick.Xu&parentId=0',0,'2022-10-28 22:48:54',0,'2022-10-28 22:48:54',b'0'),
	(617518812237062144,'task A','2022-10-28 22:52:16',10,b'1',1,'{\"code\": \"001\", \"detail\": \"苏州\"}','NORMAL','[{\"code\": \"001\", \"detail\": \"苏州\"}]','816-18888888888','{\"hello\": \"world\"}','[{\"hello\": \"world\"}]','[1, 2]','[\"hello\", \"world\"]','id=1&name=Rick.Xu&parentId=0',0,'2022-10-28 22:52:16',0,'2022-10-28 22:52:16',b'0'),
	(617533943377485824,'task A','2022-10-28 23:52:23',10,b'1',1,'{\"code\": \"001\", \"detail\": \"苏州\"}','NORMAL','[{\"code\": \"001\", \"detail\": \"苏州\"}]','816-18888888888','{\"hello\": \"world\"}','[{\"hello\": \"world\"}]','[1, 2]','[\"hello\", \"world\"]','id=1&name=Rick.Xu&parentId=0',0,'2022-10-28 23:52:23',0,'2022-10-28 23:52:23',b'0'),
	(617539190200131584,'task A','2022-10-29 00:13:14',10,b'1',1,'{\"code\": \"001\", \"detail\": \"苏州\"}','NORMAL','[{\"code\": \"001\", \"detail\": \"苏州\"}]','816-18888888888','{\"hello\": \"world\"}','[{\"hello\": \"world\"}]','[1, 2]','[\"hello\", \"world\"]','id=1&name=Rick.Xu&parentId=0',0,'2022-10-29 00:13:14',0,'2022-10-29 00:13:14',b'0'),
	(617539919883198464,'task A','2022-10-29 00:16:08',10,b'1',1,'{\"code\": \"001\", \"detail\": \"苏州\"}','NORMAL','[{\"code\": \"001\", \"detail\": \"苏州\"}]','816-18888888888','{\"hello\": \"world\"}','[{\"hello\": \"world\"}]','[1, 2]','[\"hello\", \"world\"]','id=1&name=Rick.Xu&parentId=0',0,'2022-10-29 00:16:08',0,'2022-10-29 00:16:08',b'0'),
	(617550645830017024,'task A','2022-10-29 00:58:45',10,b'1',1,'{\"code\": \"001\", \"detail\": \"苏州\"}','NORMAL','[{\"code\": \"001\", \"detail\": \"苏州\"}]','816-18888888888','{\"hello\": \"world\"}','[{\"hello\": \"world\"}]','[1, 2]','[\"hello\", \"world\"]','id=1&name=Rick.Xu&parentId=0',0,'2022-10-29 00:58:45',0,'2022-10-29 00:58:45',b'0'),
	(617551210077151232,'task A','2022-10-29 01:01:00',10,b'1',1,'{\"code\": \"001\", \"detail\": \"苏州\"}','NORMAL','[{\"code\": \"001\", \"detail\": \"苏州\"}]','816-18888888888','{\"hello\": \"world\"}','[{\"hello\": \"world\"}]','[1, 2]','[\"hello\", \"world\"]','id=1&name=Rick.Xu&parentId=0',0,'2022-10-29 01:01:00',0,'2022-10-29 01:01:00',b'0'),
	(617551429409890304,'task A','2022-10-29 01:01:52',10,b'1',1,'{\"code\": \"001\", \"detail\": \"苏州\"}','NORMAL','[{\"code\": \"001\", \"detail\": \"苏州\"}]','816-18888888888','{\"hello\": \"world\"}','[{\"hello\": \"world\"}]','[1, 2]','[\"hello\", \"world\"]','id=1&name=Rick.Xu&parentId=0',0,'2022-10-29 01:01:52',0,'2022-10-29 01:01:52',b'0'),
	(617551657823297536,'task A','2022-10-29 01:02:47',10,b'1',1,'{\"code\": \"001\", \"detail\": \"苏州\"}','NORMAL','[{\"code\": \"001\", \"detail\": \"苏州\"}]','816-18888888888','{\"hello\": \"world\"}','[{\"hello\": \"world\"}]','[1, 2]','[\"hello\", \"world\"]','id=1&name=Rick.Xu&parentId=0',0,'2022-10-29 01:02:47',0,'2022-10-29 01:02:47',b'0'),
	(617553064181817344,'task A','2022-10-29 01:08:22',10,b'1',1,'{\"code\": \"001\", \"detail\": \"苏州\"}','NORMAL','[{\"code\": \"001\", \"detail\": \"苏州\"}]','816-18888888888','{\"hello\": \"world\"}','[{\"hello\": \"world\"}]','[1, 2]','[\"hello\", \"world\"]','id=1&name=Rick.Xu&parentId=0',0,'2022-10-29 01:08:22',0,'2022-10-29 01:08:22',b'0'),
	(617759037496418304,'task A','2022-10-29 14:46:50',10,b'1',1,'{\"code\": \"001\", \"detail\": \"苏州\"}','NORMAL','[{\"code\": \"001\", \"detail\": \"苏州\"}]','816-18888888888','{\"hello\": \"world\"}','[{\"hello\": \"world\"}]','[1, 2]','[\"hello\", \"world\"]','id=1&name=Rick.Xu&parentId=0',0,'2022-10-29 14:46:50',0,'2022-10-29 14:46:50',b'0'),
	(617759580994330624,'task A','2022-10-29 14:48:59',10,b'1',1,'{\"code\": \"001\", \"detail\": \"苏州\"}','NORMAL','[{\"code\": \"001\", \"detail\": \"苏州\"}]','816-18888888888','{\"hello\": \"world\"}','[{\"hello\": \"world\"}]','[1, 2]','[\"hello\", \"world\"]','id=1&name=Rick.Xu&parentId=0',0,'2022-10-29 14:48:59',0,'2022-10-29 14:48:59',b'0'),
	(617760131836469248,'task A','2022-10-29 14:51:11',10,b'1',1,'{\"code\": \"001\", \"detail\": \"苏州\"}','NORMAL','[{\"code\": \"001\", \"detail\": \"苏州\"}]','816-18888888888','{\"hello\": \"world\"}','[{\"hello\": \"world\"}]','[1, 2]','[\"hello\", \"world\"]','id=1&name=Rick.Xu&parentId=0',0,'2022-10-29 14:51:11',0,'2022-10-29 14:51:11',b'0'),
	(617760618375733248,'task A','2022-10-29 14:53:07',10,b'1',1,'{\"code\": \"001\", \"detail\": \"苏州\"}','NORMAL','[{\"code\": \"001\", \"detail\": \"苏州\"}]','816-18888888888','{\"hello\": \"world\"}','[{\"hello\": \"world\"}]','[1, 2]','[\"hello\", \"world\"]','id=1&name=Rick.Xu&parentId=0',0,'2022-10-29 14:53:07',0,'2022-10-29 14:53:07',b'0'),
	(617766027706687488,'task A','2022-10-29 15:14:36',10,b'1',1,'{\"code\": \"001\", \"detail\": \"苏州\"}','NORMAL','[{\"code\": \"001\", \"detail\": \"苏州\"}]','816-18888888888','{\"hello\": \"world\"}','[{\"hello\": \"world\"}]','[1, 2]','[\"hello\", \"world\"]','id=1&name=Rick.Xu&parentId=0',0,'2022-10-29 15:14:36',0,'2022-10-29 15:14:36',b'0'),
	(617766554989420544,'task A','2022-10-29 15:16:42',10,b'1',1,'{\"code\": \"001\", \"detail\": \"苏州\"}','NORMAL','[{\"code\": \"001\", \"detail\": \"苏州\"}]','816-18888888888','{\"hello\": \"world\"}','[{\"hello\": \"world\"}]','[1, 2]','[\"hello\", \"world\"]','id=1&name=Rick.Xu&parentId=0',0,'2022-10-29 15:16:42',0,'2022-10-29 15:16:42',b'0'),
	(617771781725544448,'task A','2022-10-29 15:37:28',10,b'1',1,'{\"code\": \"001\", \"detail\": \"苏州\"}','NORMAL','[{\"code\": \"001\", \"detail\": \"苏州\"}]','816-18888888888','{\"hello\": \"world\"}','[{\"hello\": \"world\"}]','[1, 2]','[\"hello\", \"world\"]','id=1&name=Rick.Xu&parentId=0',0,'2022-10-29 15:37:28',0,'2022-10-29 15:37:28',b'0'),
	(617772001033117696,'task A','2022-10-29 15:38:20',10,b'1',1,'{\"code\": \"001\", \"detail\": \"苏州\"}','NORMAL','[{\"code\": \"001\", \"detail\": \"苏州\"}]','816-18888888888','{\"hello\": \"world\"}','[{\"hello\": \"world\"}]','[1, 2]','[\"hello\", \"world\"]','id=1&name=Rick.Xu&parentId=0',0,'2022-10-29 15:38:21',0,'2022-10-29 15:38:21',b'0'),
	(617777181774503936,'task A','2022-10-29 15:58:56',10,b'1',1,'{\"code\": \"001\", \"detail\": \"苏州\"}','NORMAL','[{\"code\": \"001\", \"detail\": \"苏州\"}]','816-18888888888','{\"hello\": \"world\"}','[{\"hello\": \"world\"}]','[1, 2]','[\"hello\", \"world\"]','id=1&name=Rick.Xu&parentId=0',0,'2022-10-29 15:58:56',0,'2022-10-29 15:58:56',b'0'),
	(617835494100885504,'task A','2022-10-29 19:50:38',10,b'1',1,'{\"code\": \"001\", \"detail\": \"苏州\"}','NORMAL','[{\"code\": \"001\", \"detail\": \"苏州\"}]','816-18888888888','{\"hello\": \"world\"}','[{\"hello\": \"world\"}]','[1, 2]','[\"hello\", \"world\"]','id=1&name=Rick.Xu&parentId=0',0,'2022-10-29 19:50:38',0,'2022-10-29 19:50:38',b'0'),
	(617835902814838784,'task A','2022-10-29 19:52:16',10,b'1',1,'{\"code\": \"001\", \"detail\": \"苏州\"}','NORMAL','[{\"code\": \"001\", \"detail\": \"苏州\"}]','816-18888888888','{\"hello\": \"world\"}','[{\"hello\": \"world\"}]','[1, 2]','[\"hello\", \"world\"]','id=1&name=Rick.Xu&parentId=0',0,'2022-10-29 19:52:16',0,'2022-10-29 19:52:16',b'0'),
	(617859268657471488,'task A','2022-10-29 21:25:07',10,b'1',1,'{\"code\": \"001\", \"detail\": \"苏州\"}','NORMAL','[{\"code\": \"001\", \"detail\": \"苏州\"}]','816-18888888888','{\"hello\": \"world\"}','[{\"hello\": \"world\"}]','[1, 2]','[\"hello\", \"world\"]','id=1&name=Rick.Xu&parentId=0',0,'2022-10-29 21:25:07',0,'2022-10-29 21:25:07',b'0'),
	(617867259586732032,'task A','2022-10-29 21:56:52',10,b'1',1,'{\"code\": \"001\", \"detail\": \"苏州\"}','NORMAL','[{\"code\": \"001\", \"detail\": \"苏州\"}]','816-18888888888','{\"hello\": \"world\"}','[{\"hello\": \"world\"}]','[1, 2]','[\"hello\", \"world\"]','id=1&name=Rick.Xu&parentId=0',0,'2022-10-29 21:56:52',0,'2022-10-29 21:56:52',b'0'),
	(617867427103039488,'task A','2022-10-29 21:57:32',10,b'1',1,'{\"code\": \"001\", \"detail\": \"苏州\"}','NORMAL','[{\"code\": \"001\", \"detail\": \"苏州\"}]','816-18888888888','{\"hello\": \"world\"}','[{\"hello\": \"world\"}]','[1, 2]','[\"hello\", \"world\"]','id=1&name=Rick.Xu&parentId=0',0,'2022-10-29 21:57:32',0,'2022-10-29 21:57:32',b'0'),
	(617907926203555840,'task A','2022-10-30 00:38:28',10,b'1',1,'{\"code\": \"001\", \"detail\": \"苏州\"}','NORMAL','[{\"code\": \"001\", \"detail\": \"苏州\"}]','816-18888888888','{\"hello\": \"world\"}','[{\"hello\": \"world\"}]','[1, 2]','[\"hello\", \"world\"]','id=1&name=Rick.Xu&parentId=0',0,'2022-10-30 00:38:28',0,'2022-10-30 00:38:28',b'0'),
	(619302925566664704,'task A','2022-11-02 21:01:41',10,b'1',1,'{\"code\": \"001\", \"detail\": \"苏州\"}','NORMAL','[{\"code\": \"001\", \"detail\": \"苏州\"}]','816-18888888888','{\"hello\": \"world\"}','[{\"hello\": \"world\"}]','[1, 2]','[\"hello\", \"world\"]','id=1&name=Rick.Xu&parentId=0',0,'2022-11-02 21:01:41',0,'2022-11-02 21:01:41',b'0'),
	(619308561582972928,'task A','2022-11-02 21:24:05',10,b'1',1,'{\"code\": \"001\", \"detail\": \"苏州\"}','NORMAL','[{\"code\": \"001\", \"detail\": \"苏州\"}]','816-18888888888','{\"hello\": \"world\"}','[{\"hello\": \"world\"}]','[1, 2]','[\"hello\", \"world\"]','id=1&name=Rick.Xu&parentId=0',0,'2022-11-02 21:24:05',0,'2022-11-02 21:24:05',b'0'),
	(619308955121934336,'task A','2022-11-02 21:25:39',10,b'1',1,'{\"code\": \"001\", \"detail\": \"苏州\"}','NORMAL','[{\"code\": \"001\", \"detail\": \"苏州\"}]','816-18888888888','{\"hello\": \"world\"}','[{\"hello\": \"world\"}]','[1, 2]','[\"hello\", \"world\"]','id=1&name=Rick.Xu&parentId=0',0,'2022-11-02 21:25:39',0,'2022-11-02 21:25:39',b'0'),
	(619315201191370752,'task A','2022-11-02 21:50:28',10,b'1',1,'{\"code\": \"001\", \"detail\": \"苏州\"}','NORMAL','[{\"code\": \"001\", \"detail\": \"苏州\"}]','816-18888888888','{\"hello\": \"world\"}','[{\"hello\": \"world\"}]','[1, 2]','[\"hello\", \"world\"]','id=1&name=Rick.Xu&parentId=0',0,'2022-11-02 21:50:28',0,'2022-11-02 21:50:28',b'0'),
	(619907515177508864,'task A','2022-11-04 13:04:07',10,b'1',1,'{\"code\": \"001\", \"detail\": \"苏州\"}','NORMAL','[{\"code\": \"001\", \"detail\": \"苏州\"}]','816-18888888888','{\"hello\": \"world\"}','[{\"hello\": \"world\"}]','[1, 2]','[\"hello\", \"world\"]','id=1&name=Rick.Xu&parentId=0',0,'2022-11-04 13:04:07',0,'2022-11-04 13:04:07',b'0'),
	(622028880160677888,'task A','2022-11-10 09:33:40',10,b'1',1,'{\"code\": \"001\", \"detail\": \"苏州\"}','NORMAL','[{\"code\": \"001\", \"detail\": \"苏州\"}]','816-18888888888','{\"hello\": \"world\"}','[{\"hello\": \"world\"}]','[1, 2]','[\"hello\", \"world\"]','id=1&name=Rick.Xu&parentId=0',0,'2022-11-10 09:33:40',0,'2022-11-10 09:33:40',b'0'),
	(622131313150976000,'task A','2022-11-10 16:20:41',10,b'1',1,'{\"code\": \"001\", \"detail\": \"苏州\"}','NORMAL','[{\"code\": \"001\", \"detail\": \"苏州\"}]','816-18888888888','{\"hello\": \"world\"}','[{\"hello\": \"world\"}]','[1, 2]','[\"hello\", \"world\"]','id=1&name=Rick.Xu&parentId=0',0,'2022-11-10 16:20:42',0,'2022-11-10 16:20:42',b'0'),
	(626173831848947712,'task A','2022-11-21 20:04:13',10,b'1',1,'{\"code\": \"001\", \"detail\": \"苏州\"}','NORMAL','[{\"code\": \"001\", \"detail\": \"苏州\"}]','816-18888888888','{\"hello\": \"world\"}','[{\"hello\": \"world\"}]','[1, 2]','[\"hello\", \"world\"]','id=1&name=Rick.Xu&parentId=0',0,'2022-11-21 20:04:13',0,'2022-11-21 20:04:13',b'0'),
	(627206609902260224,'task A','2022-11-24 16:28:07',10,b'1',1,'{\"code\": \"001\", \"detail\": \"苏州\"}','NORMAL','[{\"code\": \"001\", \"detail\": \"苏州\"}]','816-18888888888','{\"hello\": \"world\"}','[{\"hello\": \"world\"}]','[1, 2]','[\"hello\", \"world\"]','id=1&name=Rick.Xu&parentId=0',0,'2022-11-24 16:28:07',0,'2022-11-24 16:28:07',b'0'),
	(627549181627617280,'task A','2022-11-25 15:09:22',10,b'1',1,'{\"code\": \"001\", \"detail\": \"苏州\"}','NORMAL','[{\"code\": \"001\", \"detail\": \"苏州\"}]','816-18888888888','{\"hello\": \"world\"}','[{\"hello\": \"world\"}]','[1, 2]','[\"hello\", \"world\"]','id=1&name=Rick.Xu&parentId=0',0,'2022-11-25 15:09:22',0,'2022-11-25 15:09:22',b'0'),
	(627550911979343872,'task A','2022-11-25 15:16:15',10,b'1',1,'{\"code\": \"001\", \"detail\": \"苏州\"}','NORMAL','[{\"code\": \"001\", \"detail\": \"苏州\"}]','816-18888888888','{\"hello\": \"world\"}','[{\"hello\": \"world\"}]','[1, 2]','[\"hello\", \"world\"]','id=1&name=Rick.Xu&parentId=0',0,'2022-11-25 15:16:15',0,'2022-11-25 15:16:15',b'0'),
	(627581024791973888,'task A','2022-11-25 17:15:54',10,b'1',1,'{\"code\": \"001\", \"detail\": \"苏州\"}','NORMAL','[{\"code\": \"001\", \"detail\": \"苏州\"}]','816-18888888888','{\"hello\": \"world\"}','[{\"hello\": \"world\"}]','[1, 2]','[\"hello\", \"world\"]','id=1&name=Rick.Xu&parentId=0',0,'2022-11-25 17:15:54',0,'2022-11-25 17:15:54',b'0'),
	(627601779168661504,'task A','2022-11-25 18:38:22',10,b'1',1,'{\"code\": \"001\", \"detail\": \"苏州\"}','NORMAL','[{\"code\": \"001\", \"detail\": \"苏州\"}]','816-18888888888','{\"hello\": \"world\"}','[{\"hello\": \"world\"}]','[1, 2]','[\"hello\", \"world\"]','id=1&name=Rick.Xu&parentId=0',0,'2022-11-25 18:38:22',0,'2022-11-25 18:38:22',b'0'),
	(627602800888532992,'task A','2022-11-25 18:42:26',10,b'1',1,'{\"code\": \"001\", \"detail\": \"苏州\"}','NORMAL','[{\"code\": \"001\", \"detail\": \"苏州\"}]','816-18888888888','{\"hello\": \"world\"}','[{\"hello\": \"world\"}]','[1, 2]','[\"hello\", \"world\"]','id=1&name=Rick.Xu&parentId=0',0,'2022-11-25 18:42:26',0,'2022-11-25 18:42:26',b'0'),
	(627604497950068736,'task A','2022-11-25 18:49:10',10,b'1',1,'{\"code\": \"001\", \"detail\": \"苏州\"}','NORMAL','[{\"code\": \"001\", \"detail\": \"苏州\"}]','816-18888888888','{\"hello\": \"world\"}','[{\"hello\": \"world\"}]','[1, 2]','[\"hello\", \"world\"]','id=1&name=Rick.Xu&parentId=0',0,'2022-11-25 18:49:10',0,'2022-11-25 18:49:10',b'0'),
	(659196323819450368,'task A','2023-02-20 23:03:49',10,b'1',1,'{\"code\": \"001\", \"detail\": \"苏州\"}','NORMAL','[{\"code\": \"001\", \"detail\": \"苏州\"}]','816-18888888888','{\"hello\": \"world\"}','[{\"hello\": \"world\"}]','[1, 2]','[\"hello\", \"world\"]','id=1&name=Rick.Xu&parentId=0',0,'2023-02-20 23:03:49',0,'2023-02-20 23:03:49',b'0'),
	(659921210284470272,'task A','2023-02-22 23:04:15',10,b'1',1,'{\"code\": \"001\", \"detail\": \"苏州\"}','NORMAL','[{\"code\": \"001\", \"detail\": \"苏州\"}]','816-18888888888','{\"hello\": \"world\"}','[{\"hello\": \"world\"}]','[1, 2]','[\"hello\", \"world\"]','id=1&name=Rick.Xu&parentId=0',0,'2023-02-22 23:04:15',0,'2023-02-22 23:04:15',b'0'),
	(660275237060886528,'task A','2023-02-23 22:31:01',10,b'1',1,'{\"code\": \"001\", \"detail\": \"苏州\"}','NORMAL','[{\"code\": \"001\", \"detail\": \"苏州\"}]','816-18888888888','{\"hello\": \"world\"}','[{\"hello\": \"world\"}]','[1, 2]','[\"hello\", \"world\"]','id=1&name=Rick.Xu&parentId=0',0,'2023-02-23 22:31:02',0,'2023-02-23 22:31:02',b'0'),
	(660457831299825664,'task A','2023-02-24 10:36:35',10,b'1',1,'{\"code\": \"001\", \"detail\": \"苏州\"}','NORMAL','[{\"code\": \"001\", \"detail\": \"苏州\"}]','816-18888888888','{\"hello\": \"world\"}','[{\"hello\": \"world\"}]','[1, 2]','[\"hello\", \"world\"]','id=1&name=Rick.Xu&parentId=0',0,'2023-02-24 10:36:36',0,'2023-02-24 10:36:36',b'0'),
	(660617722622656512,'task A','2023-02-24 21:11:57',10,b'1',1,'{\"code\": \"001\", \"detail\": \"苏州\"}','NORMAL','[{\"code\": \"001\", \"detail\": \"苏州\"}]','816-18888888888','{\"hello\": \"world\"}','[{\"hello\": \"world\"}]','[1, 2]','[\"hello\", \"world\"]','id=1&name=Rick.Xu&parentId=0',0,'2023-02-24 21:11:57',0,'2023-02-24 21:11:57',b'0'),
	(663184001967599616,'task A','2023-03-03 23:09:25',10,b'1',1,'{\"code\": \"001\", \"detail\": \"苏州\"}','NORMAL','[{\"code\": \"001\", \"detail\": \"苏州\"}]','816-18888888888','{\"hello\": \"world\"}','[{\"hello\": \"world\"}]','[1, 2]','[\"hello\", \"world\"]','id=1&name=Rick.Xu&parentId=0',0,'2023-03-03 23:09:25',0,'2023-03-03 23:09:25',b'0'),
	(664155746681761792,'task A','2023-03-06 15:30:47',10,b'1',1,'{\"code\": \"001\", \"detail\": \"苏州\"}','NORMAL','[{\"code\": \"001\", \"detail\": \"苏州\"}]','816-18888888888','{\"hello\": \"world\"}','[{\"hello\": \"world\"}]','[1, 2]','[\"hello\", \"world\"]','id=1&name=Rick.Xu&parentId=0',0,'2023-03-06 15:30:47',0,'2023-03-06 15:30:47',b'0'),
	(664178784206860288,'task A','2023-03-06 17:02:20',10,b'1',1,'{\"code\": \"001\", \"detail\": \"苏州\"}','NORMAL','[{\"code\": \"001\", \"detail\": \"苏州\"}]','816-18888888888','{\"hello\": \"world\"}','[{\"hello\": \"world\"}]','[1, 2]','[\"hello\", \"world\"]','id=1&name=Rick.Xu&parentId=0',0,'2023-03-06 17:02:20',0,'2023-03-06 17:02:20',b'0'),
	(664187105387229184,'task A','2023-03-06 17:35:24',10,b'1',1,'{\"code\": \"001\", \"detail\": \"苏州\"}','NORMAL','[{\"code\": \"001\", \"detail\": \"苏州\"}]','816-18888888888','{\"hello\": \"world\"}','[{\"hello\": \"world\"}]','[1, 2]','[\"hello\", \"world\"]','id=1&name=Rick.Xu&parentId=0',0,'2023-03-06 17:35:24',0,'2023-03-06 17:35:24',b'0'),
	(664190402575740928,'task A','2023-03-06 17:48:30',10,b'1',1,'{\"code\": \"001\", \"detail\": \"苏州\"}','NORMAL','[{\"code\": \"001\", \"detail\": \"苏州\"}]','816-18888888888','{\"hello\": \"world\"}','[{\"hello\": \"world\"}]','[1, 2]','[\"hello\", \"world\"]','id=1&name=Rick.Xu&parentId=0',0,'2023-03-06 17:48:30',0,'2023-03-06 17:48:30',b'0'),
	(664191348248686592,'task A','2023-03-06 17:52:15',10,b'1',1,'{\"code\": \"001\", \"detail\": \"苏州\"}','NORMAL','[{\"code\": \"001\", \"detail\": \"苏州\"}]','816-18888888888','{\"hello\": \"world\"}','[{\"hello\": \"world\"}]','[1, 2]','[\"hello\", \"world\"]','id=1&name=Rick.Xu&parentId=0',0,'2023-03-06 17:52:15',0,'2023-03-06 17:52:15',b'0'),
	(664191577232519168,'task A','2023-03-06 17:53:10',10,b'1',1,'{\"code\": \"001\", \"detail\": \"苏州\"}','NORMAL','[{\"code\": \"001\", \"detail\": \"苏州\"}]','816-18888888888','{\"hello\": \"world\"}','[{\"hello\": \"world\"}]','[1, 2]','[\"hello\", \"world\"]','id=1&name=Rick.Xu&parentId=0',0,'2023-03-06 17:53:10',0,'2023-03-06 17:53:10',b'0'),
	(664268102606794752,'task A','2023-03-06 22:57:15',10,b'1',1,'{\"code\": \"001\", \"detail\": \"苏州\"}','NORMAL','[{\"code\": \"001\", \"detail\": \"苏州\"}]','816-18888888888','{\"hello\": \"world\"}','[{\"hello\": \"world\"}]','[1, 2]','[\"hello\", \"world\"]','id=1&name=Rick.Xu&parentId=0',0,'2023-03-06 22:57:15',0,'2023-03-06 22:57:15',b'0'),
	(664988602723270656,'task A','2023-03-08 22:40:16',10,b'1',1,'{\"code\": \"001\", \"detail\": \"苏州\"}','NORMAL','[{\"code\": \"001\", \"detail\": \"苏州\"}]','816-18888888888','{\"hello\": \"world\"}','[{\"hello\": \"world\"}]','[1, 2]','[\"hello\", \"world\"]','id=1&name=Rick.Xu&parentId=0',0,'2023-03-08 22:40:16',0,'2023-03-08 22:40:16',b'0'),
	(664989108434698240,'task A','2023-03-08 22:42:16',10,b'1',1,'{\"code\": \"001\", \"detail\": \"苏州\"}','NORMAL','[{\"code\": \"001\", \"detail\": \"苏州\"}]','816-18888888888','{\"hello\": \"world\"}','[{\"hello\": \"world\"}]','[1, 2]','[\"hello\", \"world\"]','id=1&name=Rick.Xu&parentId=0',0,'2023-03-08 22:42:16',0,'2023-03-08 22:42:16',b'0'),
	(665284799165919232,'task A','2023-03-09 18:17:14',10,b'1',1,'{\"code\": \"001\", \"detail\": \"苏州\"}','NORMAL','[{\"code\": \"001\", \"detail\": \"苏州\"}]','816-18888888888','{\"hello\": \"world\"}','[{\"hello\": \"world\"}]','[1, 2]','[\"hello\", \"world\"]','id=1&name=Rick.Xu&parentId=0',0,'2023-03-09 18:17:14',0,'2023-03-09 18:17:14',b'0'),
	(665291328673837056,'task A','2023-03-09 18:43:11',10,b'1',1,'{\"code\": \"001\", \"detail\": \"苏州\"}','NORMAL','[{\"code\": \"001\", \"detail\": \"苏州\"}]','816-18888888888','{\"hello\": \"world\"}','[{\"hello\": \"world\"}]','[1, 2]','[\"hello\", \"world\"]','id=1&name=Rick.Xu&parentId=0',0,'2023-03-09 18:43:11',0,'2023-03-09 18:43:11',b'0'),
	(665298001895387136,'task A','2023-03-09 19:09:42',10,b'1',1,'{\"code\": \"001\", \"detail\": \"苏州\"}','NORMAL','[{\"code\": \"001\", \"detail\": \"苏州\"}]','816-18888888888','{\"hello\": \"world\"}','[{\"hello\": \"world\"}]','[1, 2]','[\"hello\", \"world\"]','id=1&name=Rick.Xu&parentId=0',0,'2023-03-09 19:09:42',0,'2023-03-09 19:09:42',b'0'),
	(665307265888186368,'task A','2023-03-09 19:46:30',10,b'1',1,'{\"code\": \"001\", \"detail\": \"苏州\"}','NORMAL','[{\"code\": \"001\", \"detail\": \"苏州\"}]','816-18888888888','{\"hello\": \"world\"}','[{\"hello\": \"world\"}]','[1, 2]','[\"hello\", \"world\"]','id=1&name=Rick.Xu&parentId=0',0,'2023-03-09 19:46:31',0,'2023-03-09 19:46:31',b'0'),
	(665308633965293568,'task A','2023-03-09 19:51:57',10,b'1',1,'{\"code\": \"001\", \"detail\": \"苏州\"}','NORMAL','[{\"code\": \"001\", \"detail\": \"苏州\"}]','816-18888888888','{\"hello\": \"world\"}','[{\"hello\": \"world\"}]','[1, 2]','[\"hello\", \"world\"]','id=1&name=Rick.Xu&parentId=0',0,'2023-03-09 19:51:57',0,'2023-03-09 19:51:57',b'0'),
	(665341521767198720,'task A','2023-03-09 22:02:38',10,b'1',1,'{\"code\": \"001\", \"detail\": \"苏州\"}','NORMAL','[{\"code\": \"001\", \"detail\": \"苏州\"}]','816-18888888888','{\"hello\": \"world\"}','[{\"hello\": \"world\"}]','[1, 2]','[\"hello\", \"world\"]','id=1&name=Rick.Xu&parentId=0',0,'2023-03-09 22:02:38',0,'2023-03-09 22:02:38',b'0'),
	(665343862008475648,'task A','2023-03-09 22:11:56',10,b'1',1,'{\"code\": \"001\", \"detail\": \"苏州\"}','NORMAL','[{\"code\": \"001\", \"detail\": \"苏州\"}]','816-18888888888','{\"hello\": \"world\"}','[{\"hello\": \"world\"}]','[1, 2]','[\"hello\", \"world\"]','id=1&name=Rick.Xu&parentId=0',0,'2023-03-09 22:11:56',0,'2023-03-09 22:11:56',b'0'),
	(665357288231432192,'task A','2023-03-09 23:05:17',10,b'1',1,'{\"code\": \"001\", \"detail\": \"苏州\"}','NORMAL','[{\"code\": \"001\", \"detail\": \"苏州\"}]','816-18888888888','{\"hello\": \"world\"}','[{\"hello\": \"world\"}]','[1, 2]','[\"hello\", \"world\"]','id=1&name=Rick.Xu&parentId=0',0,'2023-03-09 23:05:17',0,'2023-03-09 23:05:17',b'0'),
	(665359699595522048,'task A','2023-03-09 23:14:52',10,b'1',1,'{\"code\": \"001\", \"detail\": \"苏州\"}','NORMAL','[{\"code\": \"001\", \"detail\": \"苏州\"}]','816-18888888888','{\"hello\": \"world\"}','[{\"hello\": \"world\"}]','[1, 2]','[\"hello\", \"world\"]','id=1&name=Rick.Xu&parentId=0',0,'2023-03-09 23:14:52',0,'2023-03-09 23:14:52',b'0'),
	(665360707939758080,'task A','2023-03-09 23:18:52',10,b'1',1,'{\"code\": \"001\", \"detail\": \"苏州\"}','NORMAL','[{\"code\": \"001\", \"detail\": \"苏州\"}]','816-18888888888','{\"hello\": \"world\"}','[{\"hello\": \"world\"}]','[1, 2]','[\"hello\", \"world\"]','id=1&name=Rick.Xu&parentId=0',0,'2023-03-09 23:18:52',0,'2023-03-09 23:18:52',b'0'),
	(665362150746779648,'task A','2023-03-09 23:24:36',10,b'1',1,'{\"code\": \"001\", \"detail\": \"苏州\"}','NORMAL','[{\"code\": \"001\", \"detail\": \"苏州\"}]','816-18888888888','{\"hello\": \"world\"}','[{\"hello\": \"world\"}]','[1, 2]','[\"hello\", \"world\"]','id=1&name=Rick.Xu&parentId=0',0,'2023-03-09 23:24:36',0,'2023-03-09 23:24:36',b'0'),
	(665363107463327744,'task A','2023-03-09 23:28:24',10,b'1',1,'{\"code\": \"001\", \"detail\": \"苏州\"}','NORMAL','[{\"code\": \"001\", \"detail\": \"苏州\"}]','816-18888888888','{\"hello\": \"world\"}','[{\"hello\": \"world\"}]','[1, 2]','[\"hello\", \"world\"]','id=1&name=Rick.Xu&parentId=0',0,'2023-03-09 23:28:24',0,'2023-03-09 23:28:24',b'0'),
	(665364345663811584,'task A','2023-03-09 23:33:20',10,b'1',1,'{\"code\": \"001\", \"detail\": \"苏州\"}','NORMAL','[{\"code\": \"001\", \"detail\": \"苏州\"}]','816-18888888888','{\"hello\": \"world\"}','[{\"hello\": \"world\"}]','[1, 2]','[\"hello\", \"world\"]','id=1&name=Rick.Xu&parentId=0',0,'2023-03-09 23:33:20',0,'2023-03-09 23:33:20',b'0'),
	(665368042510774272,'task A','2023-03-09 23:48:01',10,b'1',1,'{\"code\": \"001\", \"detail\": \"苏州\"}','NORMAL','[{\"code\": \"001\", \"detail\": \"苏州\"}]','816-18888888888','{\"hello\": \"world\"}','[{\"hello\": \"world\"}]','[1, 2]','[\"hello\", \"world\"]','id=1&name=Rick.Xu&parentId=0',0,'2023-03-09 23:48:01',0,'2023-03-09 23:48:01',b'0'),
	(665369427474149376,'task A','2023-03-09 23:53:31',10,b'1',1,'{\"code\": \"001\", \"detail\": \"苏州\"}','NORMAL','[{\"code\": \"001\", \"detail\": \"苏州\"}]','816-18888888888','{\"hello\": \"world\"}','[{\"hello\": \"world\"}]','[1, 2]','[\"hello\", \"world\"]','id=1&name=Rick.Xu&parentId=0',0,'2023-03-09 23:53:31',0,'2023-03-09 23:53:31',b'0'),
	(665370858222546944,'task A','2023-03-09 23:59:12',10,b'1',1,'{\"code\": \"001\", \"detail\": \"苏州\"}','NORMAL','[{\"code\": \"001\", \"detail\": \"苏州\"}]','816-18888888888','{\"hello\": \"world\"}','[{\"hello\": \"world\"}]','[1, 2]','[\"hello\", \"world\"]','id=1&name=Rick.Xu&parentId=0',0,'2023-03-09 23:59:12',0,'2023-03-09 23:59:12',b'0'),
	(665373345553870848,'task A','2023-03-10 00:09:05',10,b'1',1,'{\"code\": \"001\", \"detail\": \"苏州\"}','NORMAL','[{\"code\": \"001\", \"detail\": \"苏州\"}]','816-18888888888','{\"hello\": \"world\"}','[{\"hello\": \"world\"}]','[1, 2]','[\"hello\", \"world\"]','id=1&name=Rick.Xu&parentId=0',0,'2023-03-10 00:09:05',0,'2023-03-10 00:09:05',b'0'),
	(665384556068630528,'task A','2023-03-10 00:53:38',10,b'1',1,'{\"code\": \"001\", \"detail\": \"苏州\"}','NORMAL','[{\"code\": \"001\", \"detail\": \"苏州\"}]','816-18888888888','{\"hello\": \"world\"}','[{\"hello\": \"world\"}]','[1, 2]','[\"hello\", \"world\"]','id=1&name=Rick.Xu&parentId=0',0,'2023-03-10 00:53:38',0,'2023-03-10 00:53:38',b'0'),
	(665385283134451712,'task A','2023-03-10 00:56:32',10,b'1',1,'{\"code\": \"001\", \"detail\": \"苏州\"}','NORMAL','[{\"code\": \"001\", \"detail\": \"苏州\"}]','816-18888888888','{\"hello\": \"world\"}','[{\"hello\": \"world\"}]','[1, 2]','[\"hello\", \"world\"]','id=1&name=Rick.Xu&parentId=0',0,'2023-03-10 00:56:32',0,'2023-03-10 00:56:32',b'0'),
	(665390306505551872,'task A','2023-03-10 01:16:29',10,b'1',1,'{\"code\": \"001\", \"detail\": \"苏州\"}','NORMAL','[{\"code\": \"001\", \"detail\": \"苏州\"}]','816-18888888888','{\"hello\": \"world\"}','[{\"hello\": \"world\"}]','[1, 2]','[\"hello\", \"world\"]','id=1&name=Rick.Xu&parentId=0',0,'2023-03-10 01:16:29',0,'2023-03-10 01:16:29',b'0'),
	(665507879792439296,'task A','2023-03-10 09:03:41',10,b'1',1,'{\"code\": \"001\", \"detail\": \"苏州\"}','NORMAL','[{\"code\": \"001\", \"detail\": \"苏州\"}]','816-18888888888','{\"hello\": \"world\"}','[{\"hello\": \"world\"}]','[1, 2]','[\"hello\", \"world\"]','id=1&name=Rick.Xu&parentId=0',0,'2023-03-10 09:03:41',0,'2023-03-10 09:03:41',b'0'),
	(665531051816284160,'task A','2023-03-10 10:35:46',10,b'1',1,'{\"code\": \"001\", \"detail\": \"苏州\"}','NORMAL','[{\"code\": \"001\", \"detail\": \"苏州\"}]','816-18888888888','{\"hello\": \"world\"}','[{\"hello\": \"world\"}]','[1, 2]','[\"hello\", \"world\"]','id=1&name=Rick.Xu&parentId=0',0,'2023-03-10 10:35:46',0,'2023-03-10 10:35:46',b'0'),
	(665532560448712704,'task A','2023-03-10 10:41:45',10,b'1',1,'{\"code\": \"001\", \"detail\": \"苏州\"}','NORMAL','[{\"code\": \"001\", \"detail\": \"苏州\"}]','816-18888888888','{\"hello\": \"world\"}','[{\"hello\": \"world\"}]','[1, 2]','[\"hello\", \"world\"]','id=1&name=Rick.Xu&parentId=0',0,'2023-03-10 10:41:45',0,'2023-03-10 10:41:45',b'0'),
	(665533083935600640,'task A','2023-03-10 10:43:50',10,b'1',1,'{\"code\": \"001\", \"detail\": \"苏州\"}','NORMAL','[{\"code\": \"001\", \"detail\": \"苏州\"}]','816-18888888888','{\"hello\": \"world\"}','[{\"hello\": \"world\"}]','[1, 2]','[\"hello\", \"world\"]','id=1&name=Rick.Xu&parentId=0',0,'2023-03-10 10:43:50',0,'2023-03-10 10:43:50',b'0'),
	(665533240353779712,'task A','2023-03-10 10:44:27',10,b'1',1,'{\"code\": \"001\", \"detail\": \"苏州\"}','NORMAL','[{\"code\": \"001\", \"detail\": \"苏州\"}]','816-18888888888','{\"hello\": \"world\"}','[{\"hello\": \"world\"}]','[1, 2]','[\"hello\", \"world\"]','id=1&name=Rick.Xu&parentId=0',0,'2023-03-10 10:44:27',0,'2023-03-10 10:44:27',b'0'),
	(665533402736259072,'task A','2023-03-10 10:45:06',10,b'1',1,'{\"code\": \"001\", \"detail\": \"苏州\"}','NORMAL','[{\"code\": \"001\", \"detail\": \"苏州\"}]','816-18888888888','{\"hello\": \"world\"}','[{\"hello\": \"world\"}]','[1, 2]','[\"hello\", \"world\"]','id=1&name=Rick.Xu&parentId=0',0,'2023-03-10 10:45:06',0,'2023-03-10 10:45:06',b'0'),
	(665533586585186304,'task A','2023-03-10 10:45:50',10,b'1',1,'{\"code\": \"001\", \"detail\": \"苏州\"}','NORMAL','[{\"code\": \"001\", \"detail\": \"苏州\"}]','816-18888888888','{\"hello\": \"world\"}','[{\"hello\": \"world\"}]','[1, 2]','[\"hello\", \"world\"]','id=1&name=Rick.Xu&parentId=0',0,'2023-03-10 10:45:50',0,'2023-03-10 10:45:50',b'0'),
	(665534690697965568,'task A','2023-03-10 10:50:13',10,b'1',1,'{\"code\": \"001\", \"detail\": \"苏州\"}','NORMAL','[{\"code\": \"001\", \"detail\": \"苏州\"}]','816-18888888888','{\"hello\": \"world\"}','[{\"hello\": \"world\"}]','[1, 2]','[\"hello\", \"world\"]','id=1&name=Rick.Xu&parentId=0',0,'2023-03-10 10:50:13',0,'2023-03-10 10:50:13',b'0'),
	(665535031002820608,'task A','2023-03-10 10:51:34',10,b'1',1,'{\"code\": \"001\", \"detail\": \"苏州\"}','NORMAL','[{\"code\": \"001\", \"detail\": \"苏州\"}]','816-18888888888','{\"hello\": \"world\"}','[{\"hello\": \"world\"}]','[1, 2]','[\"hello\", \"world\"]','id=1&name=Rick.Xu&parentId=0',0,'2023-03-10 10:51:34',0,'2023-03-10 10:51:34',b'0'),
	(665535379037777920,'task A','2023-03-10 10:52:57',10,b'1',1,'{\"code\": \"001\", \"detail\": \"苏州\"}','NORMAL','[{\"code\": \"001\", \"detail\": \"苏州\"}]','816-18888888888','{\"hello\": \"world\"}','[{\"hello\": \"world\"}]','[1, 2]','[\"hello\", \"world\"]','id=1&name=Rick.Xu&parentId=0',0,'2023-03-10 10:52:57',0,'2023-03-10 10:52:57',b'0'),
	(665536436212101120,'task A','2023-03-10 10:57:09',10,b'1',1,'{\"code\": \"001\", \"detail\": \"苏州\"}','NORMAL','[{\"code\": \"001\", \"detail\": \"苏州\"}]','816-18888888888','{\"hello\": \"world\"}','[{\"hello\": \"world\"}]','[1, 2]','[\"hello\", \"world\"]','id=1&name=Rick.Xu&parentId=0',0,'2023-03-10 10:57:09',0,'2023-03-10 10:57:09',b'0'),
	(665538836993961984,'task A','2023-03-10 11:06:42',10,b'1',1,'{\"code\": \"001\", \"detail\": \"苏州\"}','NORMAL','[{\"code\": \"001\", \"detail\": \"苏州\"}]','816-18888888888','{\"hello\": \"world\"}','[{\"hello\": \"world\"}]','[1, 2]','[\"hello\", \"world\"]','id=1&name=Rick.Xu&parentId=0',0,'2023-03-10 11:06:42',0,'2023-03-10 11:06:42',b'0'),
	(665551762836451328,'task A','2023-03-10 11:58:03',10,b'1',1,'{\"code\": \"001\", \"detail\": \"苏州\"}','NORMAL','[{\"code\": \"001\", \"detail\": \"苏州\"}]','816-18888888888','{\"hello\": \"world\"}','[{\"hello\": \"world\"}]','[1, 2]','[\"hello\", \"world\"]','id=1&name=Rick.Xu&parentId=0',0,'2023-03-10 11:58:03',0,'2023-03-10 11:58:03',b'0'),
	(665552260343820288,'task A','2023-03-10 12:00:02',10,b'1',1,'{\"code\": \"001\", \"detail\": \"苏州\"}','NORMAL','[{\"code\": \"001\", \"detail\": \"苏州\"}]','816-18888888888','{\"hello\": \"world\"}','[{\"hello\": \"world\"}]','[1, 2]','[\"hello\", \"world\"]','id=1&name=Rick.Xu&parentId=0',0,'2023-03-10 12:00:02',0,'2023-03-10 12:00:02',b'0'),
	(665555149099397120,'task A','2023-03-10 12:11:31',10,b'1',1,'{\"code\": \"001\", \"detail\": \"苏州\"}','NORMAL','[{\"code\": \"001\", \"detail\": \"苏州\"}]','816-18888888888','{\"hello\": \"world\"}','[{\"hello\": \"world\"}]','[1, 2]','[\"hello\", \"world\"]','id=1&name=Rick.Xu&parentId=0',0,'2023-03-10 12:11:31',0,'2023-03-10 12:11:31',b'0'),
	(665558254163619840,'task A','2023-03-10 12:23:51',10,b'1',1,'{\"code\": \"001\", \"detail\": \"苏州\"}','NORMAL','[{\"code\": \"001\", \"detail\": \"苏州\"}]','816-18888888888','{\"hello\": \"world\"}','[{\"hello\": \"world\"}]','[1, 2]','[\"hello\", \"world\"]','id=1&name=Rick.Xu&parentId=0',0,'2023-03-10 12:23:51',0,'2023-03-10 12:23:51',b'0'),
	(665561534344228864,'task A','2023-03-10 12:36:53',10,b'1',1,'{\"code\": \"001\", \"detail\": \"苏州\"}','NORMAL','[{\"code\": \"001\", \"detail\": \"苏州\"}]','816-18888888888','{\"hello\": \"world\"}','[{\"hello\": \"world\"}]','[1, 2]','[\"hello\", \"world\"]','id=1&name=Rick.Xu&parentId=0',0,'2023-03-10 12:36:53',0,'2023-03-10 12:36:53',b'0'),
	(665561840192876544,'task A','2023-03-10 12:38:06',10,b'1',1,'{\"code\": \"001\", \"detail\": \"苏州\"}','NORMAL','[{\"code\": \"001\", \"detail\": \"苏州\"}]','816-18888888888','{\"hello\": \"world\"}','[{\"hello\": \"world\"}]','[1, 2]','[\"hello\", \"world\"]','id=1&name=Rick.Xu&parentId=0',0,'2023-03-10 12:38:06',0,'2023-03-10 12:38:06',b'0'),
	(665562731486670848,'task A','2023-03-10 12:41:39',10,b'1',1,'{\"code\": \"001\", \"detail\": \"苏州\"}','NORMAL','[{\"code\": \"001\", \"detail\": \"苏州\"}]','816-18888888888','{\"hello\": \"world\"}','[{\"hello\": \"world\"}]','[1, 2]','[\"hello\", \"world\"]','id=1&name=Rick.Xu&parentId=0',0,'2023-03-10 12:41:39',0,'2023-03-10 12:41:39',b'0'),
	(665578056957587456,'task A','2023-03-10 13:42:32',10,b'1',1,'{\"code\": \"001\", \"detail\": \"苏州\"}','NORMAL','[{\"code\": \"001\", \"detail\": \"苏州\"}]','816-18888888888','{\"hello\": \"world\"}','[{\"hello\": \"world\"}]','[1, 2]','[\"hello\", \"world\"]','id=1&name=Rick.Xu&parentId=0',0,'2023-03-10 13:42:32',0,'2023-03-10 13:42:32',b'0'),
	(665578251816562688,'task A','2023-03-10 13:43:19',10,b'1',1,'{\"code\": \"001\", \"detail\": \"苏州\"}','NORMAL','[{\"code\": \"001\", \"detail\": \"苏州\"}]','816-18888888888','{\"hello\": \"world\"}','[{\"hello\": \"world\"}]','[1, 2]','[\"hello\", \"world\"]','id=1&name=Rick.Xu&parentId=0',0,'2023-03-10 13:43:19',0,'2023-03-10 13:43:19',b'0'),
	(665579136625963008,'task A','2023-03-10 13:46:50',10,b'1',1,'{\"code\": \"001\", \"detail\": \"苏州\"}','NORMAL','[{\"code\": \"001\", \"detail\": \"苏州\"}]','816-18888888888','{\"hello\": \"world\"}','[{\"hello\": \"world\"}]','[1, 2]','[\"hello\", \"world\"]','id=1&name=Rick.Xu&parentId=0',0,'2023-03-10 13:46:50',0,'2023-03-10 13:46:50',b'0'),
	(665582034550288384,'task A','2023-03-10 13:58:21',10,b'1',1,'{\"code\": \"001\", \"detail\": \"苏州\"}','NORMAL','[{\"code\": \"001\", \"detail\": \"苏州\"}]','816-18888888888','{\"hello\": \"world\"}','[{\"hello\": \"world\"}]','[1, 2]','[\"hello\", \"world\"]','id=1&name=Rick.Xu&parentId=0',0,'2023-03-10 13:58:21',0,'2023-03-10 13:58:21',b'0'),
	(665591389593038848,'task A','2023-03-10 14:35:31',10,b'1',1,'{\"code\": \"001\", \"detail\": \"苏州\"}','NORMAL','[{\"code\": \"001\", \"detail\": \"苏州\"}]','816-18888888888','{\"hello\": \"world\"}','[{\"hello\": \"world\"}]','[1, 2]','[\"hello\", \"world\"]','id=1&name=Rick.Xu&parentId=0',0,'2023-03-10 14:35:31',0,'2023-03-10 14:35:31',b'0'),
	(665664303977754624,'task A','2023-03-10 19:25:15',10,b'1',1,'{\"code\": \"001\", \"detail\": \"苏州\"}','NORMAL','[{\"code\": \"001\", \"detail\": \"苏州\"}]','816-18888888888','{\"hello\": \"world\"}','[{\"hello\": \"world\"}]','[1, 2]','[\"hello\", \"world\"]','id=1&name=Rick.Xu&parentId=0',0,'2023-03-10 19:25:15',0,'2023-03-10 19:25:15',b'0'),
	(665668609632137216,'task A','2023-03-10 19:42:22',10,b'1',1,'{\"code\": \"001\", \"detail\": \"苏州\"}','NORMAL','[{\"code\": \"001\", \"detail\": \"苏州\"}]','816-18888888888','{\"hello\": \"world\"}','[{\"hello\": \"world\"}]','[1, 2]','[\"hello\", \"world\"]','id=1&name=Rick.Xu&parentId=0',0,'2023-03-10 19:42:22',0,'2023-03-10 19:42:22',b'0'),
	(665670104037486592,'task A','2023-03-10 19:48:18',10,b'1',1,'{\"code\": \"001\", \"detail\": \"苏州\"}','NORMAL','[{\"code\": \"001\", \"detail\": \"苏州\"}]','816-18888888888','{\"hello\": \"world\"}','[{\"hello\": \"world\"}]','[1, 2]','[\"hello\", \"world\"]','id=1&name=Rick.Xu&parentId=0',0,'2023-03-10 19:48:18',0,'2023-03-10 19:48:18',b'0'),
	(665671472781488128,'task A','2023-03-10 19:53:44',10,b'1',1,'{\"code\": \"001\", \"detail\": \"苏州\"}','NORMAL','[{\"code\": \"001\", \"detail\": \"苏州\"}]','816-18888888888','{\"hello\": \"world\"}','[{\"hello\": \"world\"}]','[1, 2]','[\"hello\", \"world\"]','id=1&name=Rick.Xu&parentId=0',0,'2023-03-10 19:53:44',0,'2023-03-10 19:53:44',b'0'),
	(665675994547384320,'task A','2023-03-10 20:11:43',10,b'1',1,'{\"code\": \"001\", \"detail\": \"苏州\"}','NORMAL','[{\"code\": \"001\", \"detail\": \"苏州\"}]','816-18888888888','{\"hello\": \"world\"}','[{\"hello\": \"world\"}]','[1, 2]','[\"hello\", \"world\"]','id=1&name=Rick.Xu&parentId=0',0,'2023-03-10 20:11:43',0,'2023-03-10 20:11:43',b'0'),
	(665677990520188928,'task A','2023-03-10 20:19:38',10,b'1',1,'{\"code\": \"001\", \"detail\": \"苏州\"}','NORMAL','[{\"code\": \"001\", \"detail\": \"苏州\"}]','816-18888888888','{\"hello\": \"world\"}','[{\"hello\": \"world\"}]','[1, 2]','[\"hello\", \"world\"]','id=1&name=Rick.Xu&parentId=0',0,'2023-03-10 20:19:38',0,'2023-03-10 20:19:38',b'0'),
	(665689647438917632,'task A','2023-03-10 21:05:58',10,b'1',1,'{\"code\": \"001\", \"detail\": \"苏州\"}','NORMAL','[{\"code\": \"001\", \"detail\": \"苏州\"}]','816-18888888888','{\"hello\": \"world\"}','[{\"hello\": \"world\"}]','[1, 2]','[\"hello\", \"world\"]','id=1&name=Rick.Xu&parentId=0',0,'2023-03-10 21:05:58',0,'2023-03-10 21:05:58',b'0'),
	(665726178279059456,'task A','2023-03-10 23:31:07',10,b'1',1,'{\"code\": \"001\", \"detail\": \"苏州\"}','NORMAL','[{\"code\": \"001\", \"detail\": \"苏州\"}]','816-18888888888','{\"hello\": \"world\"}','[{\"hello\": \"world\"}]','[1, 2]','[\"hello\", \"world\"]','id=1&name=Rick.Xu&parentId=0',0,'2023-03-10 23:31:07',0,'2023-03-10 23:31:07',b'0'),
	(665731936764850176,'task A','2023-03-10 23:54:00',10,b'1',1,'{\"code\": \"001\", \"detail\": \"苏州\"}','NORMAL','[{\"code\": \"001\", \"detail\": \"苏州\"}]','816-18888888888','{\"hello\": \"world\"}','[{\"hello\": \"world\"}]','[1, 2]','[\"hello\", \"world\"]','id=1&name=Rick.Xu&parentId=0',0,'2023-03-10 23:54:00',0,'2023-03-10 23:54:00',b'0'),
	(665733066328666112,'task A','2023-03-10 23:58:30',10,b'1',1,'{\"code\": \"001\", \"detail\": \"苏州\"}','NORMAL','[{\"code\": \"001\", \"detail\": \"苏州\"}]','816-18888888888','{\"hello\": \"world\"}','[{\"hello\": \"world\"}]','[1, 2]','[\"hello\", \"world\"]','id=1&name=Rick.Xu&parentId=0',0,'2023-03-10 23:58:30',0,'2023-03-10 23:58:30',b'0'),
	(666031598411476992,'task A','2023-03-11 19:44:45',10,b'1',1,'{\"code\": \"001\", \"detail\": \"苏州\"}','NORMAL','[{\"code\": \"001\", \"detail\": \"苏州\"}]','816-18888888888','{\"hello\": \"world\"}','[{\"hello\": \"world\"}]','[1, 2]','[\"hello\", \"world\"]','id=1&name=Rick.Xu&parentId=0',0,'2023-03-11 19:44:45',0,'2023-03-11 19:44:45',b'0'),
	(666036505306755072,'task A','2023-03-11 20:04:15',10,b'1',1,'{\"code\": \"001\", \"detail\": \"苏州\"}','NORMAL','[{\"code\": \"001\", \"detail\": \"苏州\"}]','816-18888888888','{\"hello\": \"world\"}','[{\"hello\": \"world\"}]','[1, 2]','[\"hello\", \"world\"]','id=1&name=Rick.Xu&parentId=0',0,'2023-03-11 20:04:15',0,'2023-03-11 20:04:15',b'0'),
	(666637260627677184,'task A','2023-03-13 11:51:26',10,b'1',1,'{\"code\": \"001\", \"detail\": \"苏州\"}','NORMAL','[{\"code\": \"001\", \"detail\": \"苏州\"}]','816-18888888888','{\"hello\": \"world\"}','[{\"hello\": \"world\"}]','[1, 2]','[\"hello\", \"world\"]','id=1&name=Rick.Xu&parentId=0',0,'2023-03-13 11:51:26',0,'2023-03-13 11:51:26',b'0'),
	(666643828878381056,'task A','2023-03-13 12:17:32',10,b'1',1,'{\"code\": \"001\", \"detail\": \"苏州\"}','NORMAL','[{\"code\": \"001\", \"detail\": \"苏州\"}]','816-18888888888','{\"hello\": \"world\"}','[{\"hello\": \"world\"}]','[1, 2]','[\"hello\", \"world\"]','id=1&name=Rick.Xu&parentId=0',0,'2023-03-13 12:17:32',0,'2023-03-13 12:17:32',b'0'),
	(666693310974300160,'task A','2023-03-13 15:34:10',10,b'1',1,'{\"code\": \"001\", \"detail\": \"苏州\"}','NORMAL','[{\"code\": \"001\", \"detail\": \"苏州\"}]','816-18888888888','{\"hello\": \"world\"}','[{\"hello\": \"world\"}]','[1, 2]','[\"hello\", \"world\"]','id=1&name=Rick.Xu&parentId=0',0,'2023-03-13 15:34:10',0,'2023-03-13 15:34:10',b'0'),
	(666788423314477056,'task A','2023-03-13 21:52:06',10,b'1',1,'{\"code\": \"001\", \"detail\": \"苏州\"}','NORMAL','[{\"code\": \"001\", \"detail\": \"苏州\"}]','816-18888888888','{\"hello\": \"world\"}','[{\"hello\": \"world\"}]','[1, 2]','[\"hello\", \"world\"]','id=1&name=Rick.Xu&parentId=0',0,'2023-03-13 21:52:06',0,'2023-03-13 21:52:06',b'0'),
	(666800843336486912,'task A','2023-03-13 22:41:27',10,b'1',1,'{\"code\": \"001\", \"detail\": \"苏州\"}','NORMAL','[{\"code\": \"001\", \"detail\": \"苏州\"}]','816-18888888888','{\"hello\": \"world\"}','[{\"hello\": \"world\"}]','[1, 2]','[\"hello\", \"world\"]','id=1&name=Rick.Xu&parentId=0',0,'2023-03-13 22:41:27',0,'2023-03-13 22:41:27',b'0'),
	(666802012083490816,'task A','2023-03-13 22:46:06',10,b'1',1,'{\"code\": \"001\", \"detail\": \"苏州\"}','NORMAL','[{\"code\": \"001\", \"detail\": \"苏州\"}]','816-18888888888','{\"hello\": \"world\"}','[{\"hello\": \"world\"}]','[1, 2]','[\"hello\", \"world\"]','id=1&name=Rick.Xu&parentId=0',0,'2023-03-13 22:46:06',0,'2023-03-13 22:46:06',b'0'),
	(666810804179341312,'task A','2023-03-13 23:21:02',10,b'1',1,'{\"code\": \"001\", \"detail\": \"苏州\"}','NORMAL','[{\"code\": \"001\", \"detail\": \"苏州\"}]','816-18888888888','{\"hello\": \"world\"}','[{\"hello\": \"world\"}]','[1, 2]','[\"hello\", \"world\"]','id=1&name=Rick.Xu&parentId=0',0,'2023-03-13 23:21:02',0,'2023-03-13 23:21:02',b'0'),
	(666816514741014528,'task A','2023-03-13 23:43:44',10,b'1',1,'{\"code\": \"001\", \"detail\": \"苏州\"}','NORMAL','[{\"code\": \"001\", \"detail\": \"苏州\"}]','816-18888888888','{\"hello\": \"world\"}','[{\"hello\": \"world\"}]','[1, 2]','[\"hello\", \"world\"]','id=1&name=Rick.Xu&parentId=0',0,'2023-03-13 23:43:44',0,'2023-03-13 23:43:44',b'0'),
	(666817136722743296,'task A','2023-03-13 23:46:12',10,b'1',1,'{\"code\": \"001\", \"detail\": \"苏州\"}','NORMAL','[{\"code\": \"001\", \"detail\": \"苏州\"}]','816-18888888888','{\"hello\": \"world\"}','[{\"hello\": \"world\"}]','[1, 2]','[\"hello\", \"world\"]','id=1&name=Rick.Xu&parentId=0',0,'2023-03-13 23:46:12',0,'2023-03-13 23:46:12',b'0'),
	(667040215033999360,'task A','2023-03-14 14:32:38',10,b'1',1,'{\"code\": \"001\", \"detail\": \"苏州\"}','NORMAL','[{\"code\": \"001\", \"detail\": \"苏州\"}]','816-18888888888','{\"hello\": \"world\"}','[{\"hello\": \"world\"}]','[1, 2]','[\"hello\", \"world\"]','id=1&name=Rick.Xu&parentId=0',0,'2023-03-14 14:32:38',0,'2023-03-14 14:32:38',b'0'),
	(667042412408893440,'task A','2023-03-14 14:41:22',10,b'1',1,'{\"code\": \"001\", \"detail\": \"苏州\"}','NORMAL','[{\"code\": \"001\", \"detail\": \"苏州\"}]','816-18888888888','{\"hello\": \"world\"}','[{\"hello\": \"world\"}]','[1, 2]','[\"hello\", \"world\"]','id=1&name=Rick.Xu&parentId=0',0,'2023-03-14 14:41:22',0,'2023-03-14 14:41:22',b'0'),
	(667043205409173504,'task A','2023-03-14 14:44:31',10,b'1',1,'{\"code\": \"001\", \"detail\": \"苏州\"}','NORMAL','[{\"code\": \"001\", \"detail\": \"苏州\"}]','816-18888888888','{\"hello\": \"world\"}','[{\"hello\": \"world\"}]','[1, 2]','[\"hello\", \"world\"]','id=1&name=Rick.Xu&parentId=0',0,'2023-03-14 14:44:31',0,'2023-03-14 14:44:31',b'0'),
	(667043482581364736,'task A','2023-03-14 14:45:37',10,b'1',1,'{\"code\": \"001\", \"detail\": \"苏州\"}','NORMAL','[{\"code\": \"001\", \"detail\": \"苏州\"}]','816-18888888888','{\"hello\": \"world\"}','[{\"hello\": \"world\"}]','[1, 2]','[\"hello\", \"world\"]','id=1&name=Rick.Xu&parentId=0',0,'2023-03-14 14:45:37',0,'2023-03-14 14:45:37',b'0'),
	(667043605084401664,'task A','2023-03-14 14:46:06',10,b'1',1,'{\"code\": \"001\", \"detail\": \"苏州\"}','NORMAL','[{\"code\": \"001\", \"detail\": \"苏州\"}]','816-18888888888','{\"hello\": \"world\"}','[{\"hello\": \"world\"}]','[1, 2]','[\"hello\", \"world\"]','id=1&name=Rick.Xu&parentId=0',0,'2023-03-14 14:46:06',0,'2023-03-14 14:46:06',b'0'),
	(667045650642268160,'task A','2023-03-14 14:54:14',10,b'1',1,'{\"code\": \"001\", \"detail\": \"苏州\"}','NORMAL','[{\"code\": \"001\", \"detail\": \"苏州\"}]','816-18888888888','{\"hello\": \"world\"}','[{\"hello\": \"world\"}]','[1, 2]','[\"hello\", \"world\"]','id=1&name=Rick.Xu&parentId=0',0,'2023-03-14 14:54:14',0,'2023-03-14 14:54:14',b'0'),
	(667046076791943168,'task A','2023-03-14 14:55:56',10,b'1',1,'{\"code\": \"001\", \"detail\": \"苏州\"}','NORMAL','[{\"code\": \"001\", \"detail\": \"苏州\"}]','816-18888888888','{\"hello\": \"world\"}','[{\"hello\": \"world\"}]','[1, 2]','[\"hello\", \"world\"]','id=1&name=Rick.Xu&parentId=0',0,'2023-03-14 14:55:56',0,'2023-03-14 14:55:56',b'0'),
	(667046308766314496,'task A','2023-03-14 14:56:51',10,b'1',1,'{\"code\": \"001\", \"detail\": \"苏州\"}','NORMAL','[{\"code\": \"001\", \"detail\": \"苏州\"}]','816-18888888888','{\"hello\": \"world\"}','[{\"hello\": \"world\"}]','[1, 2]','[\"hello\", \"world\"]','id=1&name=Rick.Xu&parentId=0',0,'2023-03-14 14:56:51',0,'2023-03-14 14:56:51',b'0'),
	(667057280478375936,'task A','2023-03-14 15:40:27',10,b'1',1,'{\"code\": \"001\", \"detail\": \"苏州\"}','NORMAL','[{\"code\": \"001\", \"detail\": \"苏州\"}]','816-18888888888','{\"hello\": \"world\"}','[{\"hello\": \"world\"}]','[1, 2]','[\"hello\", \"world\"]','id=1&name=Rick.Xu&parentId=0',0,'2023-03-14 15:40:27',0,'2023-03-14 15:40:27',b'0'),
	(667080904392339456,'task A','2023-03-14 17:14:19',10,b'1',1,'{\"code\": \"001\", \"detail\": \"苏州\"}','NORMAL','[{\"code\": \"001\", \"detail\": \"苏州\"}]','816-18888888888','{\"hello\": \"world\"}','[{\"hello\": \"world\"}]','[1, 2]','[\"hello\", \"world\"]','id=1&name=Rick.Xu&parentId=0',0,'2023-03-14 17:14:19',0,'2023-03-14 17:14:19',b'0'),
	(667081427308802048,'task A','2023-03-14 17:16:24',10,b'1',1,'{\"code\": \"001\", \"detail\": \"苏州\"}','NORMAL','[{\"code\": \"001\", \"detail\": \"苏州\"}]','816-18888888888','{\"hello\": \"world\"}','[{\"hello\": \"world\"}]','[1, 2]','[\"hello\", \"world\"]','id=1&name=Rick.Xu&parentId=0',0,'2023-03-14 17:16:24',0,'2023-03-14 17:16:24',b'0'),
	(667112111503077376,'task A','2023-03-14 19:18:20',10,b'1',1,'{\"code\": \"001\", \"detail\": \"苏州\"}','NORMAL','[{\"code\": \"001\", \"detail\": \"苏州\"}]','816-18888888888','{\"hello\": \"world\"}','[{\"hello\": \"world\"}]','[1, 2]','[\"hello\", \"world\"]','id=1&name=Rick.Xu&parentId=0',0,'2023-03-14 19:18:20',0,'2023-03-14 19:18:20',b'0'),
	(667112621387837440,'task A','2023-03-14 19:20:21',10,b'1',1,'{\"code\": \"001\", \"detail\": \"苏州\"}','NORMAL','[{\"code\": \"001\", \"detail\": \"苏州\"}]','816-18888888888','{\"hello\": \"world\"}','[{\"hello\": \"world\"}]','[1, 2]','[\"hello\", \"world\"]','id=1&name=Rick.Xu&parentId=0',0,'2023-03-14 19:20:21',0,'2023-03-14 19:20:21',b'0'),
	(667113217662676992,'task A','2023-03-14 19:22:43',10,b'1',1,'{\"code\": \"001\", \"detail\": \"苏州\"}','NORMAL','[{\"code\": \"001\", \"detail\": \"苏州\"}]','816-18888888888','{\"hello\": \"world\"}','[{\"hello\": \"world\"}]','[1, 2]','[\"hello\", \"world\"]','id=1&name=Rick.Xu&parentId=0',0,'2023-03-14 19:22:43',0,'2023-03-14 19:22:43',b'0'),
	(667113369567784960,'task A','2023-03-14 19:23:19',10,b'1',1,'{\"code\": \"001\", \"detail\": \"苏州\"}','NORMAL','[{\"code\": \"001\", \"detail\": \"苏州\"}]','816-18888888888','{\"hello\": \"world\"}','[{\"hello\": \"world\"}]','[1, 2]','[\"hello\", \"world\"]','id=1&name=Rick.Xu&parentId=0',0,'2023-03-14 19:23:19',0,'2023-03-14 19:23:19',b'0'),
	(667113508709625856,'task A','2023-03-14 19:23:53',10,b'1',1,'{\"code\": \"001\", \"detail\": \"苏州\"}','NORMAL','[{\"code\": \"001\", \"detail\": \"苏州\"}]','816-18888888888','{\"hello\": \"world\"}','[{\"hello\": \"world\"}]','[1, 2]','[\"hello\", \"world\"]','id=1&name=Rick.Xu&parentId=0',0,'2023-03-14 19:23:53',0,'2023-03-14 19:23:53',b'0'),
	(667195394513465344,'task A','2023-03-15 00:49:16',10,b'1',1,'{\"code\": \"001\", \"detail\": \"苏州\"}','NORMAL','[{\"code\": \"001\", \"detail\": \"苏州\"}]','816-18888888888','{\"hello\": \"world\"}','[{\"hello\": \"world\"}]','[1, 2]','[\"hello\", \"world\"]','id=1&name=Rick.Xu&parentId=0',0,'2023-03-15 00:49:16',0,'2023-03-15 00:49:16',b'0'),
	(667228148508684288,'task A','2023-03-15 02:59:25',10,b'1',1,'{\"code\": \"001\", \"detail\": \"苏州\"}','NORMAL','[{\"code\": \"001\", \"detail\": \"苏州\"}]','816-18888888888','{\"hello\": \"world\"}','[{\"hello\": \"world\"}]','[1, 2]','[\"hello\", \"world\"]','id=1&name=Rick.Xu&parentId=0',0,'2023-03-15 02:59:25',0,'2023-03-15 02:59:25',b'0'),
	(667440681546969088,'task A','2023-03-15 17:03:57',10,b'1',1,'{\"code\": \"001\", \"detail\": \"苏州\"}','NORMAL','[{\"code\": \"001\", \"detail\": \"苏州\"}]','816-18888888888','{\"hello\": \"world\"}','[{\"hello\": \"world\"}]','[1, 2]','[\"hello\", \"world\"]','id=1&name=Rick.Xu&parentId=0',0,'2023-03-15 17:03:57',0,'2023-03-15 17:03:57',b'0'),
	(667473147108290560,'task A','2023-03-15 19:12:57',10,b'1',1,'{\"code\": \"001\", \"detail\": \"苏州\"}','NORMAL','[{\"code\": \"001\", \"detail\": \"苏州\"}]','816-18888888888','{\"hello\": \"world\"}','[{\"hello\": \"world\"}]','[1, 2]','[\"hello\", \"world\"]','id=1&name=Rick.Xu&parentId=0',0,'2023-03-15 19:12:57',0,'2023-03-15 19:12:57',b'0'),
	(667477303789383680,'task A','2023-03-15 19:29:28',10,b'1',1,'{\"code\": \"001\", \"detail\": \"苏州\"}','NORMAL','[{\"code\": \"001\", \"detail\": \"苏州\"}]','816-18888888888','{\"hello\": \"world\"}','[{\"hello\": \"world\"}]','[1, 2]','[\"hello\", \"world\"]','id=1&name=Rick.Xu&parentId=0',0,'2023-03-15 19:29:28',0,'2023-03-15 19:29:28',b'0'),
	(667684156481798144,'task A','2023-03-16 09:11:26',10,b'1',1,'{\"code\": \"001\", \"detail\": \"苏州\"}','NORMAL','[{\"code\": \"001\", \"detail\": \"苏州\"}]','816-18888888888','{\"hello\": \"world\"}','[{\"hello\": \"world\"}]','[1, 2]','[\"hello\", \"world\"]','id=1&name=Rick.Xu&parentId=0',0,'2023-03-16 09:11:26',0,'2023-03-16 09:11:26',b'0'),
	(667700941864108032,'task A','2023-03-16 10:18:08',10,b'1',1,'{\"code\": \"001\", \"detail\": \"苏州\"}','NORMAL','[{\"code\": \"001\", \"detail\": \"苏州\"}]','816-18888888888','{\"hello\": \"world\"}','[{\"hello\": \"world\"}]','[1, 2]','[\"hello\", \"world\"]','id=1&name=Rick.Xu&parentId=0',0,'2023-03-16 10:18:08',0,'2023-03-16 10:18:08',b'0'),
	(667718837050867712,'task A','2023-03-16 11:29:14',10,b'1',1,'{\"code\": \"001\", \"detail\": \"苏州\"}','NORMAL','[{\"code\": \"001\", \"detail\": \"苏州\"}]','816-18888888888','{\"hello\": \"world\"}','[{\"hello\": \"world\"}]','[1, 2]','[\"hello\", \"world\"]','id=1&name=Rick.Xu&parentId=0',0,'2023-03-16 11:29:14',0,'2023-03-16 11:29:14',b'0'),
	(667743930061750272,'task A','2023-03-16 13:08:57',10,b'1',1,'{\"code\": \"001\", \"detail\": \"苏州\"}','NORMAL','[{\"code\": \"001\", \"detail\": \"苏州\"}]','816-18888888888','{\"hello\": \"world\"}','[{\"hello\": \"world\"}]','[1, 2]','[\"hello\", \"world\"]','id=1&name=Rick.Xu&parentId=0',0,'2023-03-16 13:08:57',0,'2023-03-16 13:08:57',b'0'),
	(667744665574899712,'task A','2023-03-16 13:11:52',10,b'1',1,'{\"code\": \"001\", \"detail\": \"苏州\"}','NORMAL','[{\"code\": \"001\", \"detail\": \"苏州\"}]','816-18888888888','{\"hello\": \"world\"}','[{\"hello\": \"world\"}]','[1, 2]','[\"hello\", \"world\"]','id=1&name=Rick.Xu&parentId=0',0,'2023-03-16 13:11:52',0,'2023-03-16 13:11:52',b'0'),
	(667744968667889664,'task A','2023-03-16 13:13:04',10,b'1',1,'{\"code\": \"001\", \"detail\": \"苏州\"}','NORMAL','[{\"code\": \"001\", \"detail\": \"苏州\"}]','816-18888888888','{\"hello\": \"world\"}','[{\"hello\": \"world\"}]','[1, 2]','[\"hello\", \"world\"]','id=1&name=Rick.Xu&parentId=0',0,'2023-03-16 13:13:04',0,'2023-03-16 13:13:04',b'0'),
	(667751950355333120,'task A','2023-03-16 13:40:49',10,b'1',1,'{\"code\": \"001\", \"detail\": \"苏州\"}','NORMAL','[{\"code\": \"001\", \"detail\": \"苏州\"}]','816-18888888888','{\"hello\": \"world\"}','[{\"hello\": \"world\"}]','[1, 2]','[\"hello\", \"world\"]','id=1&name=Rick.Xu&parentId=0',0,'2023-03-16 13:40:49',0,'2023-03-16 13:40:49',b'0'),
	(667766312176517120,'task A','2023-03-16 14:37:53',10,b'1',1,'{\"code\": \"001\", \"detail\": \"苏州\"}','NORMAL','[{\"code\": \"001\", \"detail\": \"苏州\"}]','816-18888888888','{\"hello\": \"world\"}','[{\"hello\": \"world\"}]','[1, 2]','[\"hello\", \"world\"]','id=1&name=Rick.Xu&parentId=0',0,'2023-03-16 14:37:53',0,'2023-03-16 14:37:53',b'0'),
	(670488920261181440,'task A','2023-03-24 02:56:33',10,b'1',1,'{\"code\": \"001\", \"detail\": \"苏州\"}','NORMAL','[{\"code\": \"001\", \"detail\": \"苏州\"}]','816-18888888888','{\"hello\": \"world\"}','[{\"hello\": \"world\"}]','[1, 2]','[\"hello\", \"world\"]','id=1&name=Rick.Xu&parentId=0',0,'2023-03-24 02:56:33',0,'2023-03-24 02:56:33',b'0'),
	(670596400446226432,'task A','2023-03-24 10:03:39',10,b'1',1,'{\"code\": \"001\", \"detail\": \"苏州\"}','NORMAL','[{\"code\": \"001\", \"detail\": \"苏州\"}]','816-18888888888','{\"hello\": \"world\"}','[{\"hello\": \"world\"}]','[1, 2]','[\"hello\", \"world\"]','id=1&name=Rick.Xu&parentId=0',0,'2023-03-24 10:03:39',0,'2023-03-24 10:03:39',b'0'),
	(670599902044143616,'task A','2023-03-24 10:17:34',10,b'1',1,'{\"code\": \"001\", \"detail\": \"苏州\"}','NORMAL','[{\"code\": \"001\", \"detail\": \"苏州\"}]','816-18888888888','{\"hello\": \"world\"}','[{\"hello\": \"world\"}]','[1, 2]','[\"hello\", \"world\"]','id=1&name=Rick.Xu&parentId=0',0,'2023-03-24 10:17:34',0,'2023-03-24 10:17:34',b'0'),
	(670600240079880192,'task A','2023-03-24 10:18:54',10,b'1',1,'{\"code\": \"001\", \"detail\": \"苏州\"}','NORMAL','[{\"code\": \"001\", \"detail\": \"苏州\"}]','816-18888888888','{\"hello\": \"world\"}','[{\"hello\": \"world\"}]','[1, 2]','[\"hello\", \"world\"]','id=1&name=Rick.Xu&parentId=0',0,'2023-03-24 10:18:54',0,'2023-03-24 10:18:54',b'0'),
	(670600363056873472,'task A','2023-03-24 10:19:24',10,b'1',1,'{\"code\": \"001\", \"detail\": \"苏州\"}','NORMAL','[{\"code\": \"001\", \"detail\": \"苏州\"}]','816-18888888888','{\"hello\": \"world\"}','[{\"hello\": \"world\"}]','[1, 2]','[\"hello\", \"world\"]','id=1&name=Rick.Xu&parentId=0',0,'2023-03-24 10:19:24',0,'2023-03-24 10:19:24',b'0'),
	(670600706692005888,'task A','2023-03-24 10:20:45',10,b'1',1,'{\"code\": \"001\", \"detail\": \"苏州\"}','NORMAL','[{\"code\": \"001\", \"detail\": \"苏州\"}]','816-18888888888','{\"hello\": \"world\"}','[{\"hello\": \"world\"}]','[1, 2]','[\"hello\", \"world\"]','id=1&name=Rick.Xu&parentId=0',0,'2023-03-24 10:20:45',0,'2023-03-24 10:20:45',b'0'),
	(670601656194351104,'task A','2023-03-24 10:24:32',10,b'1',1,'{\"code\": \"001\", \"detail\": \"苏州\"}','NORMAL','[{\"code\": \"001\", \"detail\": \"苏州\"}]','816-18888888888','{\"hello\": \"world\"}','[{\"hello\": \"world\"}]','[1, 2]','[\"hello\", \"world\"]','id=1&name=Rick.Xu&parentId=0',0,'2023-03-24 10:24:32',0,'2023-03-24 10:24:32',b'0'),
	(670610124049530880,'task A','2023-03-24 10:58:11',10,b'1',1,'{\"code\": \"001\", \"detail\": \"苏州\"}','NORMAL','[{\"code\": \"001\", \"detail\": \"苏州\"}]','816-18888888888','{\"hello\": \"world\"}','[{\"hello\": \"world\"}]','[1, 2]','[\"hello\", \"world\"]','id=1&name=Rick.Xu&parentId=0',0,'2023-03-24 10:58:11',0,'2023-03-24 10:58:11',b'0'),
	(670613259790893056,'task A','2023-03-24 11:10:38',10,b'1',1,'{\"code\": \"001\", \"detail\": \"苏州\"}','NORMAL','[{\"code\": \"001\", \"detail\": \"苏州\"}]','816-18888888888','{\"hello\": \"world\"}','[{\"hello\": \"world\"}]','[1, 2]','[\"hello\", \"world\"]','id=1&name=Rick.Xu&parentId=0',0,'2023-03-24 11:10:38',0,'2023-03-24 11:10:38',b'0'),
	(670613635193683968,'task A','2023-03-24 11:12:08',10,b'1',1,'{\"code\": \"001\", \"detail\": \"苏州\"}','NORMAL','[{\"code\": \"001\", \"detail\": \"苏州\"}]','816-18888888888','{\"hello\": \"world\"}','[{\"hello\": \"world\"}]','[1, 2]','[\"hello\", \"world\"]','id=1&name=Rick.Xu&parentId=0',0,'2023-03-24 11:12:08',0,'2023-03-24 11:12:08',b'0'),
	(670620529157259264,'task A','2023-03-24 11:39:31',10,b'1',1,'{\"code\": \"001\", \"detail\": \"苏州\"}','NORMAL','[{\"code\": \"001\", \"detail\": \"苏州\"}]','816-18888888888','{\"hello\": \"world\"}','[{\"hello\": \"world\"}]','[1, 2]','[\"hello\", \"world\"]','id=1&name=Rick.Xu&parentId=0',0,'2023-03-24 11:39:31',0,'2023-03-24 11:39:31',b'0'),
	(671154170077691904,'task A','2023-03-25 23:00:01',10,b'1',1,'{\"code\": \"001\", \"detail\": \"苏州\"}','NORMAL','[{\"code\": \"001\", \"detail\": \"苏州\"}]','816-18888888888','{\"hello\": \"world\"}','[{\"hello\": \"world\"}]','[1, 2]','[\"hello\", \"world\"]','id=1&name=Rick.Xu&parentId=0',0,'2023-03-25 23:00:01',0,'2023-03-25 23:00:01',b'0'),
	(671530431597821952,'task A','2023-03-26 23:55:09',10,b'1',1,'{\"code\": \"001\", \"detail\": \"苏州\"}','NORMAL','[{\"code\": \"001\", \"detail\": \"苏州\"}]','816-18888888888','{\"hello\": \"world\"}','[{\"hello\": \"world\"}]','[1, 2]','[\"hello\", \"world\"]','id=1&name=Rick.Xu&parentId=0',0,'2023-03-26 23:55:09',0,'2023-03-26 23:55:09',b'0'),
	(671545919119867904,'task A','2023-03-27 00:56:42',10,b'1',1,'{\"code\": \"001\", \"detail\": \"苏州\"}','NORMAL','[{\"code\": \"001\", \"detail\": \"苏州\"}]','816-18888888888','{\"hello\": \"world\"}','[{\"hello\": \"world\"}]','[1, 2]','[\"hello\", \"world\"]','id=1&name=Rick.Xu&parentId=0',0,'2023-03-27 00:56:42',0,'2023-03-27 00:56:42',b'0'),
	(671741074238128128,'task A','2023-03-27 13:52:10',10,b'1',1,'{\"code\": \"001\", \"detail\": \"苏州\"}','NORMAL','[{\"code\": \"001\", \"detail\": \"苏州\"}]','816-18888888888','{\"hello\": \"world\"}','[{\"hello\": \"world\"}]','[1, 2]','[\"hello\", \"world\"]','id=1&name=Rick.Xu&parentId=0',0,'2023-03-27 13:52:10',0,'2023-03-27 13:52:10',b'0'),
	(672163071443124224,'task A','2023-03-28 17:49:02',10,b'1',1,'{\"code\": \"001\", \"detail\": \"苏州\"}','NORMAL','[{\"code\": \"001\", \"detail\": \"苏州\"}]','816-18888888888','{\"hello\": \"world\"}','[{\"hello\": \"world\"}]','[1, 2]','[\"hello\", \"world\"]','id=1&name=Rick.Xu&parentId=0',0,'2023-03-28 17:49:02',0,'2023-03-28 17:49:02',b'0'),
	(672213040665509888,'task A','2023-03-28 21:07:36',10,b'1',1,'{\"code\": \"001\", \"detail\": \"苏州\"}','NORMAL','[{\"code\": \"001\", \"detail\": \"苏州\"}]','816-18888888888','{\"hello\": \"world\"}','[{\"hello\": \"world\"}]','[1, 2]','[\"hello\", \"world\"]','id=1&name=Rick.Xu&parentId=0',0,'2023-03-28 21:07:36',0,'2023-03-28 21:07:36',b'0'),
	(681916762165374976,'task A','2023-04-24 15:46:43',10,b'1',1,'{\"code\": \"001\", \"detail\": \"苏州\"}','NORMAL','[{\"code\": \"001\", \"detail\": \"苏州\"}]','816-18888888888','{\"hello\": \"world\"}','[{\"hello\": \"world\"}]','[1, 2]','[\"hello\", \"world\"]','id=1&name=Rick.Xu&parentId=0',0,'2023-04-24 15:46:43',0,'2023-04-24 15:46:43',b'0'),
	(681917499695984640,'task A','2023-04-24 15:49:39',10,b'1',1,'{\"code\": \"001\", \"detail\": \"苏州\"}','NORMAL','[{\"code\": \"001\", \"detail\": \"苏州\"}]','816-18888888888','{\"hello\": \"world\"}','[{\"hello\": \"world\"}]','[1, 2]','[\"hello\", \"world\"]','id=1&name=Rick.Xu&parentId=0',0,'2023-04-24 15:49:39',0,'2023-04-24 15:49:39',b'0'),
	(681966749859475456,'task A','2023-04-24 19:05:21',10,b'1',1,'{\"code\": \"001\", \"detail\": \"苏州\"}','NORMAL','[{\"code\": \"001\", \"detail\": \"苏州\"}]','816-18888888888','{\"hello\": \"world\"}','[{\"hello\": \"world\"}]','[1, 2]','[\"hello\", \"world\"]','id=1&name=Rick.Xu&parentId=0',0,'2023-04-24 19:05:21',0,'2023-04-24 19:05:21',b'0'),
	(682371264068743168,'task A','2023-04-25 21:52:45',10,b'1',1,'{\"code\": \"001\", \"detail\": \"苏州\"}','NORMAL','[{\"code\": \"001\", \"detail\": \"苏州\"}]','816-18888888888','{\"hello\": \"world\"}','[{\"hello\": \"world\"}]','[1, 2]','[\"hello\", \"world\"]','id=1&name=Rick.Xu&parentId=0',0,'2023-04-25 21:52:45',0,'2023-04-25 21:52:45',b'0'),
	(688447962010906624,'task A','2023-05-12 16:19:23',10,b'1',1,'{\"code\": \"001\", \"detail\": \"苏州\"}','NORMAL','[{\"code\": \"001\", \"detail\": \"苏州\"}]','816-18888888888','{\"hello\": \"world\"}','[{\"hello\": \"world\"}]','[1, 2]','[\"hello\", \"world\"]','id=1&name=Rick.Xu&parentId=0',0,'2023-05-12 16:19:23',0,'2023-05-12 16:19:23',b'0'),
	(688448717254062080,'task A','2023-05-12 16:22:23',10,b'1',1,'{\"code\": \"001\", \"detail\": \"苏州\"}','NORMAL','[{\"code\": \"001\", \"detail\": \"苏州\"}]','816-18888888888','{\"hello\": \"world\"}','[{\"hello\": \"world\"}]','[1, 2]','[\"hello\", \"world\"]','id=1&name=Rick.Xu&parentId=0',0,'2023-05-12 16:22:23',0,'2023-05-12 16:22:23',b'0'),
	(688450957150810112,'task A','2023-05-12 16:31:17',10,b'1',1,'{\"code\": \"001\", \"detail\": \"苏州\"}','NORMAL','[{\"code\": \"001\", \"detail\": \"苏州\"}]','816-18888888888','{\"hello\": \"world\"}','[{\"hello\": \"world\"}]','[1, 2]','[\"hello\", \"world\"]','id=1&name=Rick.Xu&parentId=0',0,'2023-05-12 16:31:17',0,'2023-05-12 16:31:17',b'0'),
	(688460029602328576,'task A','2023-05-12 17:07:20',10,b'1',1,'{\"code\": \"001\", \"detail\": \"苏州\"}','NORMAL','[{\"code\": \"001\", \"detail\": \"苏州\"}]','816-18888888888','{\"hello\": \"world\"}','[{\"hello\": \"world\"}]','[1, 2]','[\"hello\", \"world\"]','id=1&name=Rick.Xu&parentId=0',0,'2023-05-12 17:07:20',0,'2023-05-12 17:07:20',b'0'),
	(688957553098362880,'task A','2023-05-14 02:04:19',10,b'1',1,'{\"code\": \"001\", \"detail\": \"苏州\"}','NORMAL','[{\"code\": \"001\", \"detail\": \"苏州\"}]','816-18888888888','{\"hello\": \"world\"}','[{\"hello\": \"world\"}]','[1, 2]','[\"hello\", \"world\"]','id=1&name=Rick.Xu&parentId=0',0,'2023-05-14 02:04:19',0,'2023-05-14 02:04:19',b'0'),
	(688960482635157504,'task A','2023-05-14 02:15:57',10,b'1',1,'{\"code\": \"001\", \"detail\": \"苏州\"}','NORMAL','[{\"code\": \"001\", \"detail\": \"苏州\"}]','816-18888888888','{\"hello\": \"world\"}','[{\"hello\": \"world\"}]','[1, 2]','[\"hello\", \"world\"]','id=1&name=Rick.Xu&parentId=0',0,'2023-05-14 02:15:57',0,'2023-05-14 02:15:57',b'0'),
	(688968458053881856,'task A','2023-05-14 02:47:39',10,b'1',1,'{\"code\": \"001\", \"detail\": \"苏州\"}','NORMAL','[{\"code\": \"001\", \"detail\": \"苏州\"}]','816-18888888888','{\"hello\": \"world\"}','[{\"hello\": \"world\"}]','[1, 2]','[\"hello\", \"world\"]','id=1&name=Rick.Xu&parentId=0',NULL,'2023-05-14 02:47:39',NULL,'2023-05-14 02:47:39',b'0'),
	(688968831569235968,'task A','2023-05-14 02:49:08',10,b'1',1,'{\"code\": \"001\", \"detail\": \"苏州\"}','NORMAL','[{\"code\": \"001\", \"detail\": \"苏州\"}]','816-18888888888','{\"hello\": \"world\"}','[{\"hello\": \"world\"}]','[1, 2]','[\"hello\", \"world\"]','id=1&name=Rick.Xu&parentId=0',NULL,'2023-05-14 02:49:08',NULL,'2023-05-14 02:49:08',b'0'),
	(688969610455683072,'task A','2023-05-14 02:52:13',10,b'1',1,'{\"code\": \"001\", \"detail\": \"苏州\"}','NORMAL','[{\"code\": \"001\", \"detail\": \"苏州\"}]','816-18888888888','{\"hello\": \"world\"}','[{\"hello\": \"world\"}]','[1, 2]','[\"hello\", \"world\"]','id=1&name=Rick.Xu&parentId=0',0,'2023-05-14 02:52:13',0,'2023-05-14 02:52:13',b'0'),
	(688975806071836672,'task A','2023-05-14 03:16:51',10,b'1',1,'{\"code\": \"001\", \"detail\": \"苏州\"}','NORMAL','[{\"code\": \"001\", \"detail\": \"苏州\"}]','816-18888888888','{\"hello\": \"world\"}','[{\"hello\": \"world\"}]','[1, 2]','[\"hello\", \"world\"]','id=1&name=Rick.Xu&parentId=0',0,'2023-05-14 03:16:51',0,'2023-05-14 03:16:51',b'0'),
	(689548035465678848,'task A','2023-05-15 17:10:41',10,b'1',1,'{\"code\": \"001\", \"detail\": \"苏州\"}','NORMAL','[{\"code\": \"001\", \"detail\": \"苏州\"}]','816-18888888888','{\"hello\": \"world\"}','[{\"hello\": \"world\"}]','[1, 2]','[\"hello\", \"world\"]','id=1&name=Rick.Xu&parentId=0',0,'2023-05-15 17:10:41',0,'2023-05-15 17:10:41',b'0'),
	(689559294965714944,'task A','2023-05-15 17:55:25',10,b'1',1,'{\"code\": \"001\", \"detail\": \"苏州\"}','NORMAL','[{\"code\": \"001\", \"detail\": \"苏州\"}]','816-18888888888','{\"hello\": \"world\"}','[{\"hello\": \"world\"}]','[1, 2]','[\"hello\", \"world\"]','id=1&name=Rick.Xu&parentId=0',0,'2023-05-15 17:55:25',0,'2023-05-15 17:55:25',b'0'),
	(689582022527553536,'task A','2023-05-15 19:25:44',10,b'1',1,'{\"code\": \"001\", \"detail\": \"苏州\"}','NORMAL','[{\"code\": \"001\", \"detail\": \"苏州\"}]','816-18888888888','{\"hello\": \"world\"}','[{\"hello\": \"world\"}]','[1, 2]','[\"hello\", \"world\"]','id=1&name=Rick.Xu&parentId=0',0,'2023-05-15 19:25:44',0,'2023-05-15 19:25:44',b'0'),
	(689586479365623808,'task A','2023-05-15 19:43:26',10,b'1',1,'{\"code\": \"001\", \"detail\": \"苏州\"}','NORMAL','[{\"code\": \"001\", \"detail\": \"苏州\"}]','816-18888888888','{\"hello\": \"world\"}','[{\"hello\": \"world\"}]','[1, 2]','[\"hello\", \"world\"]','id=1&name=Rick.Xu&parentId=0',0,'2023-05-15 19:43:26',0,'2023-05-15 19:43:26',b'0'),
	(689639144581787648,'task A','2023-05-15 23:12:43',10,b'1',1,'{\"code\": \"001\", \"detail\": \"苏州\"}','NORMAL','[{\"code\": \"001\", \"detail\": \"苏州\"}]','816-18888888888','{\"hello\": \"world\"}','[{\"hello\": \"world\"}]','[1, 2]','[\"hello\", \"world\"]','id=1&name=Rick.Xu&parentId=0',0,'2023-05-15 23:12:43',0,'2023-05-15 23:12:43',b'0'),
	(695366925521305600,'task A','2023-05-31 18:32:52',10,b'1',1,'{\"code\": \"001\", \"detail\": \"苏州\"}','NORMAL','[{\"code\": \"001\", \"detail\": \"苏州\"}]','816-18888888888','{\"hello\": \"world\"}','[{\"hello\": \"world\"}]','[1, 2]','[\"hello\", \"world\"]','id=1&name=Rick.Xu&parentId=0',0,'2023-05-31 18:32:52',0,'2023-05-31 18:32:52',b'0'),
	(695439131920089088,'task A','2023-05-31 23:19:47',10,b'1',1,'{\"code\": \"001\", \"detail\": \"苏州\"}','NORMAL','[{\"code\": \"001\", \"detail\": \"苏州\"}]','816-18888888888','{\"hello\": \"world\"}','[{\"hello\": \"world\"}]','[1, 2]','[\"hello\", \"world\"]','id=1&name=Rick.Xu&parentId=0',0,'2023-05-31 23:19:47',0,'2023-05-31 23:19:47',b'0'),
	(695440109591379968,'task A','2023-05-31 23:23:41',10,b'1',1,'{\"code\": \"001\", \"detail\": \"苏州\"}','NORMAL','[{\"code\": \"001\", \"detail\": \"苏州\"}]','816-18888888888','{\"hello\": \"world\"}','[{\"hello\": \"world\"}]','[1, 2]','[\"hello\", \"world\"]','id=1&name=Rick.Xu&parentId=0',0,'2023-05-31 23:23:41',0,'2023-05-31 23:23:41',b'0'),
	(695440302797799424,'task A','2023-05-31 23:24:27',10,b'1',1,'{\"code\": \"001\", \"detail\": \"苏州\"}','NORMAL','[{\"code\": \"001\", \"detail\": \"苏州\"}]','816-18888888888','{\"hello\": \"world\"}','[{\"hello\": \"world\"}]','[1, 2]','[\"hello\", \"world\"]','id=1&name=Rick.Xu&parentId=0',0,'2023-05-31 23:24:27',0,'2023-05-31 23:24:27',b'0'),
	(695440839932952576,'task A','2023-05-31 23:26:35',10,b'1',1,'{\"code\": \"001\", \"detail\": \"苏州\"}','NORMAL','[{\"code\": \"001\", \"detail\": \"苏州\"}]','816-18888888888','{\"hello\": \"world\"}','[{\"hello\": \"world\"}]','[1, 2]','[\"hello\", \"world\"]','id=1&name=Rick.Xu&parentId=0',0,'2023-05-31 23:26:35',0,'2023-05-31 23:26:35',b'0'),
	(695441160990146560,'task A','2023-05-31 23:27:51',10,b'1',1,'{\"code\": \"001\", \"detail\": \"苏州\"}','NORMAL','[{\"code\": \"001\", \"detail\": \"苏州\"}]','816-18888888888','{\"hello\": \"world\"}','[{\"hello\": \"world\"}]','[1, 2]','[\"hello\", \"world\"]','id=1&name=Rick.Xu&parentId=0',0,'2023-05-31 23:27:51',0,'2023-05-31 23:27:51',b'0'),
	(695441401244073984,'task A','2023-05-31 23:28:49',10,b'1',1,'{\"code\": \"001\", \"detail\": \"苏州\"}','NORMAL','[{\"code\": \"001\", \"detail\": \"苏州\"}]','816-18888888888','{\"hello\": \"world\"}','[{\"hello\": \"world\"}]','[1, 2]','[\"hello\", \"world\"]','id=1&name=Rick.Xu&parentId=0',0,'2023-05-31 23:28:49',0,'2023-05-31 23:28:49',b'0'),
	(695441926479986688,'task A','2023-05-31 23:30:54',10,b'1',1,'{\"code\": \"001\", \"detail\": \"苏州\"}','NORMAL','[{\"code\": \"001\", \"detail\": \"苏州\"}]','816-18888888888','{\"hello\": \"world\"}','[{\"hello\": \"world\"}]','[1, 2]','[\"hello\", \"world\"]','id=1&name=Rick.Xu&parentId=0',0,'2023-05-31 23:30:54',0,'2023-05-31 23:30:54',b'0'),
	(695790160234708992,'task A','2023-06-01 22:34:39',10,b'1',1,'{\"code\": \"001\", \"detail\": \"苏州\"}','NORMAL','[{\"code\": \"001\", \"detail\": \"苏州\"}]','816-18888888888','{\"hello\": \"world\"}','[{\"hello\": \"world\"}]','[1, 2]','[\"hello\", \"world\"]','id=1&name=Rick.Xu&parentId=0',0,'2023-06-01 22:34:39',0,'2023-06-01 22:34:39',b'0'),
	(696077647846838272,'task A','2023-06-02 17:37:02',10,b'1',1,'{\"code\": \"001\", \"detail\": \"苏州\"}','NORMAL','[{\"code\": \"001\", \"detail\": \"苏州\"}]','816-18888888888','{\"hello\": \"world\"}','[{\"hello\": \"world\"}]','[1, 2]','[\"hello\", \"world\"]','id=1&name=Rick.Xu&parentId=0',0,'2023-06-02 17:37:02',0,'2023-06-02 17:37:02',b'0'),
	(699097460206764032,'task A','2023-06-11 01:36:41',10,b'1',1,'{\"code\": \"001\", \"detail\": \"苏州\"}','NORMAL','[{\"code\": \"001\", \"detail\": \"苏州\"}]','816-18888888888','{\"hello\": \"world\"}','[{\"hello\": \"world\"}]','[1, 2]','[\"hello\", \"world\"]','id=1&name=Rick.Xu&parentId=0',0,'2023-06-11 01:36:41',0,'2023-06-11 01:36:41',b'0'),
	(699098269518692352,'task A','2023-06-11 01:39:54',10,b'1',1,'{\"code\": \"001\", \"detail\": \"苏州\"}','NORMAL','[{\"code\": \"001\", \"detail\": \"苏州\"}]','816-18888888888','{\"hello\": \"world\"}','[{\"hello\": \"world\"}]','[1, 2]','[\"hello\", \"world\"]','id=1&name=Rick.Xu&parentId=0',0,'2023-06-11 01:39:54',0,'2023-06-11 01:39:54',b'0'),
	(699098498846457856,'task A','2023-06-11 01:40:49',10,b'1',1,'{\"code\": \"001\", \"detail\": \"苏州\"}','NORMAL','[{\"code\": \"001\", \"detail\": \"苏州\"}]','816-18888888888','{\"hello\": \"world\"}','[{\"hello\": \"world\"}]','[1, 2]','[\"hello\", \"world\"]','id=1&name=Rick.Xu&parentId=0',0,'2023-06-11 01:40:49',0,'2023-06-11 01:40:49',b'0'),
	(699098868708573184,'task A','2023-06-11 01:42:17',10,b'1',1,'{\"code\": \"001\", \"detail\": \"苏州\"}','NORMAL','[{\"code\": \"001\", \"detail\": \"苏州\"}]','816-18888888888','{\"hello\": \"world\"}','[{\"hello\": \"world\"}]','[1, 2]','[\"hello\", \"world\"]','id=1&name=Rick.Xu&parentId=0',0,'2023-06-11 01:42:17',0,'2023-06-11 01:42:17',b'0'),
	(699959136040812544,'task A','2023-06-13 10:40:40',10,b'1',1,'{\"code\": \"001\", \"detail\": \"苏州\"}','NORMAL','[{\"code\": \"001\", \"detail\": \"苏州\"}]','816-18888888888','{\"hello\": \"world\"}','[{\"hello\": \"world\"}]','[1, 2]','[\"hello\", \"world\"]','id=1&name=Rick.Xu&parentId=0',0,'2023-06-13 10:40:40',0,'2023-06-13 10:40:40',b'0'),
	(705488404531404800,'task A','2023-06-28 16:52:01',10,b'1',1,'{\"code\": \"001\", \"detail\": \"苏州\"}','NORMAL','[{\"code\": \"001\", \"detail\": \"苏州\"}]','816-18888888888','{\"hello\": \"world\"}','[{\"hello\": \"world\"}]','[1, 2]','[\"hello\", \"world\"]','id=1&name=Rick.Xu&parentId=0',0,'2023-06-28 16:52:01',0,'2023-06-28 16:52:01',b'0'),
	(706177210070896640,'task A','2023-06-30 14:29:05',10,b'1',1,'{\"code\": \"001\", \"detail\": \"苏州\"}','NORMAL','[{\"code\": \"001\", \"detail\": \"苏州\"}]','816-18888888888','{\"hello\": \"world\"}','[{\"hello\": \"world\"}]','[1, 2]','[\"hello\", \"world\"]','id=1&name=Rick.Xu&parentId=0',0,'2023-06-30 14:29:05',0,'2023-06-30 14:29:05',b'0'),
	(706178275679965184,'task A','2023-06-30 14:33:19',10,b'1',1,'{\"code\": \"001\", \"detail\": \"苏州\"}','NORMAL','[{\"code\": \"001\", \"detail\": \"苏州\"}]','816-18888888888','{\"hello\": \"world\"}','[{\"hello\": \"world\"}]','[1, 2]','[\"hello\", \"world\"]','id=1&name=Rick.Xu&parentId=0',0,'2023-06-30 14:33:19',0,'2023-06-30 14:33:19',b'0'),
	(706193889421201408,'task A','2023-06-30 15:35:21',10,b'1',1,'{\"code\": \"001\", \"detail\": \"苏州\"}','NORMAL','[{\"code\": \"001\", \"detail\": \"苏州\"}]','816-18888888888','{\"hello\": \"world\"}','[{\"hello\": \"world\"}]','[1, 2]','[\"hello\", \"world\"]','id=1&name=Rick.Xu&parentId=0',0,'2023-06-30 15:35:21',0,'2023-06-30 15:35:21',b'0'),
	(706224252000440320,'task A','2023-06-30 17:36:00',10,b'1',1,'{\"code\": \"001\", \"detail\": \"苏州\"}','NORMAL','[{\"code\": \"001\", \"detail\": \"苏州\"}]','816-18888888888','{\"hello\": \"world\"}','[{\"hello\": \"world\"}]','[1, 2]','[\"hello\", \"world\"]','id=1&name=Rick.Xu&parentId=0',0,'2023-06-30 17:36:00',0,'2023-06-30 17:36:00',b'0'),
	(706399767021785088,'task A','2023-07-01 05:13:27',10,b'1',1,'{\"code\": \"001\", \"detail\": \"苏州\"}','NORMAL','[{\"code\": \"001\", \"detail\": \"苏州\"}]','816-18888888888','{\"hello\": \"world\"}','[{\"hello\": \"world\"}]','[1, 2]','[\"hello\", \"world\"]','id=1&name=Rick.Xu&parentId=0',0,'2023-07-01 05:13:27',0,'2023-07-01 05:13:27',b'0'),
	(706553016693592064,'task A','2023-07-01 15:22:24',10,b'1',1,'{\"code\": \"001\", \"detail\": \"苏州\"}','NORMAL','[{\"code\": \"001\", \"detail\": \"苏州\"}]','816-18888888888','{\"hello\": \"world\"}','[{\"hello\": \"world\"}]','[1, 2]','[\"hello\", \"world\"]','id=1&name=Rick.Xu&parentId=0',0,'2023-07-01 15:22:24',0,'2023-07-01 15:22:24',b'0'),
	(706554895322353664,'task A','2023-07-01 15:29:52',10,b'1',1,'{\"code\": \"001\", \"detail\": \"苏州\"}','NORMAL','[{\"code\": \"001\", \"detail\": \"苏州\"}]','816-18888888888','{\"hello\": \"world\"}','[{\"hello\": \"world\"}]','[1, 2]','[\"hello\", \"world\"]','id=1&name=Rick.Xu&parentId=0',0,'2023-07-01 15:29:52',0,'2023-07-01 15:29:52',b'0'),
	(707296692734562304,'task A','2023-07-03 16:37:30',10,b'1',1,'{\"code\": \"001\", \"detail\": \"苏州\"}','NORMAL','[{\"code\": \"001\", \"detail\": \"苏州\"}]','816-18888888888','{\"hello\": \"world\"}','[{\"hello\": \"world\"}]','[1, 2]','[\"hello\", \"world\"]','id=1&name=Rick.Xu&parentId=0',0,'2023-07-03 16:37:30',0,'2023-07-03 16:37:30',b'0'),
	(707297508170174464,'task A','2023-07-03 16:40:45',10,b'1',1,'{\"code\": \"001\", \"detail\": \"苏州\"}','NORMAL','[{\"code\": \"001\", \"detail\": \"苏州\"}]','816-18888888888','{\"hello\": \"world\"}','[{\"hello\": \"world\"}]','[1, 2]','[\"hello\", \"world\"]','id=1&name=Rick.Xu&parentId=0',0,'2023-07-03 16:40:45',0,'2023-07-03 16:40:45',b'0'),
	(707297869345886208,'task A','2023-07-03 16:42:11',10,b'1',1,'{\"code\": \"001\", \"detail\": \"苏州\"}','NORMAL','[{\"code\": \"001\", \"detail\": \"苏州\"}]','816-18888888888','{\"hello\": \"world\"}','[{\"hello\": \"world\"}]','[1, 2]','[\"hello\", \"world\"]','id=1&name=Rick.Xu&parentId=0',0,'2023-07-03 16:42:11',0,'2023-07-03 16:42:11',b'0'),
	(707378810210783232,'task A','2023-07-03 22:03:49',10,b'1',1,'{\"code\": \"001\", \"detail\": \"苏州\"}','NORMAL','[{\"code\": \"001\", \"detail\": \"苏州\"}]','816-18888888888','{\"hello\": \"world\"}','[{\"hello\": \"world\"}]','[1, 2]','[\"hello\", \"world\"]','id=1&name=Rick.Xu&parentId=0',0,'2023-07-03 22:03:49',0,'2023-07-03 22:03:49',b'0'),
	(707379026456514560,'task A','2023-07-03 22:04:40',10,b'1',1,'{\"code\": \"001\", \"detail\": \"苏州\"}','NORMAL','[{\"code\": \"001\", \"detail\": \"苏州\"}]','816-18888888888','{\"hello\": \"world\"}','[{\"hello\": \"world\"}]','[1, 2]','[\"hello\", \"world\"]','id=1&name=Rick.Xu&parentId=0',0,'2023-07-03 22:04:40',0,'2023-07-03 22:04:40',b'0'),
	(707379156437995520,'task A','2023-07-03 22:05:11',10,b'1',1,'{\"code\": \"001\", \"detail\": \"苏州\"}','NORMAL','[{\"code\": \"001\", \"detail\": \"苏州\"}]','816-18888888888','{\"hello\": \"world\"}','[{\"hello\": \"world\"}]','[1, 2]','[\"hello\", \"world\"]','id=1&name=Rick.Xu&parentId=0',0,'2023-07-03 22:05:11',0,'2023-07-03 22:05:11',b'0'),
	(707586250026029056,'task A','2023-07-04 11:48:06',10,b'1',1,'{\"code\": \"001\", \"detail\": \"苏州\"}','NORMAL','[{\"code\": \"001\", \"detail\": \"苏州\"}]','816-18888888888','{\"hello\": \"world\"}','[{\"hello\": \"world\"}]','[1, 2]','[\"hello\", \"world\"]','id=1&name=Rick.Xu&parentId=0',0,'2023-07-04 11:48:06',0,'2023-07-04 11:48:06',b'0'),
	(708015877370449920,'task A','2023-07-05 16:15:17',10,b'1',1,'{\"code\": \"001\", \"detail\": \"苏州\"}','NORMAL','[{\"code\": \"001\", \"detail\": \"苏州\"}]','816-18888888888','{\"hello\": \"world\"}','[{\"hello\": \"world\"}]','[1, 2]','[\"hello\", \"world\"]','id=1&name=Rick.Xu&parentId=0',0,'2023-07-05 16:15:17',0,'2023-07-05 16:15:17',b'0'),
	(708016803435024384,'task A','2023-07-05 16:18:58',10,b'1',1,'{\"code\": \"001\", \"detail\": \"苏州\"}','NORMAL','[{\"code\": \"001\", \"detail\": \"苏州\"}]','816-18888888888','{\"hello\": \"world\"}','[{\"hello\": \"world\"}]','[1, 2]','[\"hello\", \"world\"]','id=1&name=Rick.Xu&parentId=0',0,'2023-07-05 16:18:58',0,'2023-07-05 16:18:58',b'0'),
	(708085379189739520,'task A','2023-07-05 20:51:28',10,b'1',1,'{\"code\": \"001\", \"detail\": \"苏州\"}','NORMAL','[{\"code\": \"001\", \"detail\": \"苏州\"}]','816-18888888888','{\"hello\": \"world\"}','[{\"hello\": \"world\"}]','[1, 2]','[\"hello\", \"world\"]','id=1&name=Rick.Xu&parentId=0',0,'2023-07-05 20:51:28',0,'2023-07-05 20:51:28',b'0'),
	(708828143393181696,'task A','2023-07-07 22:02:57',10,b'1',1,'{\"code\": \"001\", \"detail\": \"苏州\"}','NORMAL','[{\"code\": \"001\", \"detail\": \"苏州\"}]','816-18888888888','{\"hello\": \"world\"}','[{\"hello\": \"world\"}]','[1, 2]','[\"hello\", \"world\"]','id=1&name=Rick.Xu&parentId=0',0,'2023-07-07 22:02:57',0,'2023-07-07 22:02:57',b'0'),
	(708829293169348608,'task A','2023-07-07 22:07:31',10,b'1',1,'{\"code\": \"001\", \"detail\": \"苏州\"}','NORMAL','[{\"code\": \"001\", \"detail\": \"苏州\"}]','816-18888888888','{\"hello\": \"world\"}','[{\"hello\": \"world\"}]','[1, 2]','[\"hello\", \"world\"]','id=1&name=Rick.Xu&parentId=0',0,'2023-07-07 22:07:31',0,'2023-07-07 22:07:31',b'0'),
	(708882199314722816,'task A','2023-07-08 01:37:45',10,b'1',1,'{\"code\": \"001\", \"detail\": \"苏州\"}','NORMAL','[{\"code\": \"001\", \"detail\": \"苏州\"}]','816-18888888888','{\"hello\": \"world\"}','[{\"hello\": \"world\"}]','[1, 2]','[\"hello\", \"world\"]','id=1&name=Rick.Xu&parentId=0',0,'2023-07-08 01:37:45',0,'2023-07-08 01:37:45',b'0'),
	(708883620344918016,'task A','2023-07-08 01:43:23',10,b'1',1,'{\"code\": \"001\", \"detail\": \"苏州\"}','NORMAL','[{\"code\": \"001\", \"detail\": \"苏州\"}]','816-18888888888','{\"hello\": \"world\"}','[{\"hello\": \"world\"}]','[1, 2]','[\"hello\", \"world\"]','id=1&name=Rick.Xu&parentId=0',0,'2023-07-08 01:43:23',0,'2023-07-08 01:43:23',b'0'),
	(708883927946784768,'task A','2023-07-08 01:44:37',10,b'1',1,'{\"code\": \"001\", \"detail\": \"苏州\"}','NORMAL','[{\"code\": \"001\", \"detail\": \"苏州\"}]','816-18888888888','{\"hello\": \"world\"}','[{\"hello\": \"world\"}]','[1, 2]','[\"hello\", \"world\"]','id=1&name=Rick.Xu&parentId=0',0,'2023-07-08 01:44:37',0,'2023-07-08 01:44:37',b'0'),
	(710570772938100736,'task A','2023-07-12 17:27:32',10,b'1',1,'{\"code\": \"001\", \"detail\": \"苏州\"}','NORMAL','[{\"code\": \"001\", \"detail\": \"苏州\"}]','816-18888888888','{\"hello\": \"world\"}','[{\"hello\": \"world\"}]','[1, 2]','[\"hello\", \"world\"]','id=1&name=Rick.Xu&parentId=0',0,'2023-07-12 17:27:32',0,'2023-07-12 17:27:32',b'0'),
	(711293579607150592,'task A','2023-07-14 17:19:42',10,b'1',1,'{\"code\": \"001\", \"detail\": \"苏州\"}','NORMAL','[{\"code\": \"001\", \"detail\": \"苏州\"}]','816-18888888888','{\"hello\": \"world\"}','[{\"hello\": \"world\"}]','[1, 2]','[\"hello\", \"world\"]','id=1&name=Rick.Xu&parentId=0',0,'2023-07-14 17:19:42',0,'2023-07-14 17:19:42',b'0'),
	(711296970974564352,'task A','2023-07-14 17:33:11',10,b'1',1,'{\"code\": \"001\", \"detail\": \"苏州\"}','NORMAL','[{\"code\": \"001\", \"detail\": \"苏州\"}]','816-18888888888','{\"hello\": \"world\"}','[{\"hello\": \"world\"}]','[1, 2]','[\"hello\", \"world\"]','id=1&name=Rick.Xu&parentId=0',0,'2023-07-14 17:33:11',0,'2023-07-14 17:33:11',b'0'),
	(712508023125315584,'task A','2023-07-18 01:45:28',10,b'1',1,'{\"code\": \"001\", \"detail\": \"苏州\"}','NORMAL','[{\"code\": \"001\", \"detail\": \"苏州\"}]','816-18888888888','{\"hello\": \"world\"}','[{\"hello\": \"world\"}]','[1, 2]','[\"hello\", \"world\"]','id=1&name=Rick.Xu&parentId=0',0,'2023-07-18 01:45:28',0,'2023-07-18 01:45:28',b'0'),
	(715398509196500992,'task A','2023-07-26 01:11:14',10,b'1',1,'{\"code\": \"001\", \"detail\": \"苏州\"}','NORMAL','[{\"code\": \"001\", \"detail\": \"苏州\"}]','816-18888888888','{\"hello\": \"world\"}','[{\"hello\": \"world\"}]','[1, 2]','[\"hello\", \"world\"]','id=1&name=Rick.Xu&parentId=0',0,'2023-07-26 01:11:14',0,'2023-07-26 01:11:14',b'0'),
	(716076961004281856,'task A','2023-07-27 22:07:09',10,b'1',1,'{\"code\": \"001\", \"detail\": \"苏州\"}','NORMAL','[{\"code\": \"001\", \"detail\": \"苏州\"}]','816-18888888888','{\"hello\": \"world\"}','[{\"hello\": \"world\"}]','[1, 2]','[\"hello\", \"world\"]','id=1&name=Rick.Xu&parentId=0',0,'2023-07-27 22:07:09',0,'2023-07-27 22:07:09',b'0'),
	(716106664612225024,'task A','2023-07-28 00:05:11',10,b'1',1,'{\"code\": \"001\", \"detail\": \"苏州\"}','NORMAL','[{\"code\": \"001\", \"detail\": \"苏州\"}]','816-18888888888','{\"hello\": \"world\"}','[{\"hello\": \"world\"}]','[1, 2]','[\"hello\", \"world\"]','id=1&name=Rick.Xu&parentId=0',0,'2023-07-28 00:05:11',0,'2023-07-28 00:05:11',b'0'),
	(716119646914240512,'task A','2023-07-28 00:56:46',10,b'1',1,'{\"code\": \"001\", \"detail\": \"苏州\"}','NORMAL','[{\"code\": \"001\", \"detail\": \"苏州\"}]','816-18888888888','{\"hello\": \"world\"}','[{\"hello\": \"world\"}]','[1, 2]','[\"hello\", \"world\"]','id=1&name=Rick.Xu&parentId=0',0,'2023-07-28 00:56:46',0,'2023-07-28 00:56:46',b'0'),
	(716123464552964096,'task A','2023-07-28 01:11:57',10,b'1',1,'{\"code\": \"001\", \"detail\": \"苏州\"}','NORMAL','[{\"code\": \"001\", \"detail\": \"苏州\"}]','816-18888888888','{\"hello\": \"world\"}','[{\"hello\": \"world\"}]','[1, 2]','[\"hello\", \"world\"]','id=1&name=Rick.Xu&parentId=0',0,'2023-07-28 01:11:57',0,'2023-07-28 01:11:57',b'0'),
	(716127379520512000,'task A','2023-07-28 01:27:30',10,b'1',1,'{\"code\": \"001\", \"detail\": \"苏州\"}','NORMAL','[{\"code\": \"001\", \"detail\": \"苏州\"}]','816-18888888888','{\"hello\": \"world\"}','[{\"hello\": \"world\"}]','[1, 2]','[\"hello\", \"world\"]','id=1&name=Rick.Xu&parentId=0',0,'2023-07-28 01:27:30',0,'2023-07-28 01:27:30',b'0'),
	(716133654627115008,'task A','2023-07-28 01:52:26',10,b'1',1,'{\"code\": \"001\", \"detail\": \"苏州\"}','NORMAL','[{\"code\": \"001\", \"detail\": \"苏州\"}]','816-18888888888','{\"hello\": \"world\"}','[{\"hello\": \"world\"}]','[1, 2]','[\"hello\", \"world\"]','id=1&name=Rick.Xu&parentId=0',0,'2023-07-28 01:52:26',0,'2023-07-28 01:52:26',b'0'),
	(716146053979594752,'task A','2023-07-28 02:41:42',10,b'1',1,'{\"code\": \"001\", \"detail\": \"苏州\"}','NORMAL','[{\"code\": \"001\", \"detail\": \"苏州\"}]','816-18888888888','{\"hello\": \"world\"}','[{\"hello\": \"world\"}]','[1, 2]','[\"hello\", \"world\"]','id=1&name=Rick.Xu&parentId=0',0,'2023-07-28 02:41:42',0,'2023-07-28 02:41:42',b'0'),
	(716788793692151808,'task A','2023-07-29 21:15:44',10,b'1',1,'{\"code\": \"001\", \"detail\": \"苏州\"}','NORMAL','[{\"code\": \"001\", \"detail\": \"苏州\"}]','816-18888888888','{\"hello\": \"world\"}','[{\"hello\": \"world\"}]','[1, 2]','[\"hello\", \"world\"]','id=1&name=Rick.Xu&parentId=0',0,'2023-07-29 21:15:44',0,'2023-07-29 21:15:44',b'0'),
	(717757282846248960,'task A','2023-08-01 13:24:09',10,b'1',1,'{\"code\": \"001\", \"detail\": \"苏州\"}','NORMAL','[{\"code\": \"001\", \"detail\": \"苏州\"}]','816-18888888888','{\"hello\": \"world\"}','[{\"hello\": \"world\"}]','[1, 2]','[\"hello\", \"world\"]','id=1&name=Rick.Xu&parentId=0',0,'2023-08-01 13:24:09',0,'2023-08-01 13:24:09',b'0'),
	(717759085595856896,'task A','2023-08-01 13:31:19',10,b'1',1,'{\"code\": \"001\", \"detail\": \"苏州\"}','NORMAL','[{\"code\": \"001\", \"detail\": \"苏州\"}]','816-18888888888','{\"hello\": \"world\"}','[{\"hello\": \"world\"}]','[1, 2]','[\"hello\", \"world\"]','id=1&name=Rick.Xu&parentId=0',0,'2023-08-01 13:31:19',0,'2023-08-01 13:31:19',b'0'),
	(718653020245610496,'task A','2023-08-04 00:43:30',10,b'1',1,'{\"code\": \"001\", \"detail\": \"苏州\"}','NORMAL','[{\"code\": \"001\", \"detail\": \"苏州\"}]','816-18888888888','{\"hello\": \"world\"}','[{\"hello\": \"world\"}]','[1, 2]','[\"hello\", \"world\"]','id=1&name=Rick.Xu&parentId=0',0,'2023-08-04 00:43:30',0,'2023-08-04 00:43:30',b'0'),
	(718653546454601728,'task A','2023-08-04 00:45:35',10,b'1',1,'{\"code\": \"001\", \"detail\": \"苏州\"}','NORMAL','[{\"code\": \"001\", \"detail\": \"苏州\"}]','816-18888888888','{\"hello\": \"world\"}','[{\"hello\": \"world\"}]','[1, 2]','[\"hello\", \"world\"]','id=1&name=Rick.Xu&parentId=0',0,'2023-08-04 00:45:35',0,'2023-08-04 00:45:35',b'0'),
	(721395165561884672,'task A','2023-08-11 14:19:48',10,b'1',1,'{\"code\": \"001\", \"detail\": \"苏州\"}','NORMAL','[{\"code\": \"001\", \"detail\": \"苏州\"}]','816-18888888888','{\"hello\": \"world\"}','[{\"hello\": \"world\"}]','[1, 2]','[\"hello\", \"world\"]','id=1&name=Rick.Xu&parentId=0',0,'2023-08-11 14:19:48',0,'2023-08-11 14:19:48',b'0'),
	(723281774586642432,'task A','2023-08-16 19:16:31',10,b'1',1,'{\"code\": \"001\", \"detail\": \"苏州\"}','NORMAL','[{\"code\": \"001\", \"detail\": \"苏州\"}]','816-18888888888','{\"hello\": \"world\"}','[{\"hello\": \"world\"}]','[1, 2]','[\"hello\", \"world\"]','id=1&name=Rick.Xu&parentId=0',0,'2023-08-16 19:16:31',0,'2023-08-16 19:16:31',b'0'),
	(729133065116327936,'task A','2023-09-01 22:47:27',10,b'1',1,'{\"code\": \"001\", \"detail\": \"苏州\"}','NORMAL','[{\"code\": \"001\", \"detail\": \"苏州\"}]','816-18888888888','{\"hello\": \"world\"}','[{\"hello\": \"world\"}]','[1, 2]','[\"hello\", \"world\"]','id=1&name=Rick.Xu&parentId=0',0,'2023-09-01 22:47:27',0,'2023-09-01 22:47:27',b'0'),
	(729559425219563520,'task A','2023-09-03 03:01:39',10,b'1',1,'{\"code\": \"001\", \"detail\": \"苏州\"}','NORMAL','[{\"code\": \"001\", \"detail\": \"苏州\"}]','816-18888888888','{\"hello\": \"world\"}','[{\"hello\": \"world\"}]','[1, 2]','[\"hello\", \"world\"]','id=1&name=Rick.Xu&parentId=0',0,'2023-09-03 03:01:39',0,'2023-09-03 03:01:39',b'0'),
	(736413931186176000,'task A','2023-09-22 00:59:01',10,b'1',1,'{\"code\": \"001\", \"detail\": \"苏州\"}','NORMAL','[{\"code\": \"001\", \"detail\": \"苏州\"}]','816-18888888888','{\"hello\": \"world\"}','[{\"hello\": \"world\"}]','[1, 2]','[\"hello\", \"world\"]','id=1&name=Rick.Xu&parentId=0',0,'2023-09-22 00:59:01',0,'2023-09-22 00:59:01',b'0'),
	(736415274705633280,'task A','2023-09-22 01:04:21',10,b'1',1,'{\"code\": \"001\", \"detail\": \"苏州\"}','NORMAL','[{\"code\": \"001\", \"detail\": \"苏州\"}]','816-18888888888','{\"hello\": \"world\"}','[{\"hello\": \"world\"}]','[1, 2]','[\"hello\", \"world\"]','id=1&name=Rick.Xu&parentId=0',0,'2023-09-22 01:04:21',0,'2023-09-22 01:04:21',b'0'),
	(736416094113251328,'task A','2023-09-22 01:07:37',10,b'1',1,'{\"code\": \"001\", \"detail\": \"苏州\"}','NORMAL','[{\"code\": \"001\", \"detail\": \"苏州\"}]','816-18888888888','{\"hello\": \"world\"}','[{\"hello\": \"world\"}]','[1, 2]','[\"hello\", \"world\"]','id=1&name=Rick.Xu&parentId=0',0,'2023-09-22 01:07:37',0,'2023-09-22 01:07:37',b'0'),
	(736418395859206144,'task A','2023-09-22 01:16:45',10,b'1',1,'{\"code\": \"001\", \"detail\": \"苏州\"}','NORMAL','[{\"code\": \"001\", \"detail\": \"苏州\"}]','816-18888888888','{\"hello\": \"world\"}','[{\"hello\": \"world\"}]','[1, 2]','[\"hello\", \"world\"]','id=1&name=Rick.Xu&parentId=0',0,'2023-09-22 01:16:45',0,'2023-09-22 01:16:45',b'0'),
	(736418732233998336,'task A','2023-09-22 01:18:06',10,b'1',1,'{\"code\": \"001\", \"detail\": \"苏州\"}','NORMAL','[{\"code\": \"001\", \"detail\": \"苏州\"}]','816-18888888888','{\"hello\": \"world\"}','[{\"hello\": \"world\"}]','[1, 2]','[\"hello\", \"world\"]','id=1&name=Rick.Xu&parentId=0',0,'2023-09-22 01:18:06',0,'2023-09-22 01:18:06',b'0'),
	(784652323296120832,'task A','2024-02-02 03:41:10',10,b'1',1,'{\"code\": \"001\", \"detail\": \"苏州\"}','NORMAL','[{\"code\": \"001\", \"detail\": \"苏州\"}]','816-18888888888','{\"hello\": \"world\"}','[{\"hello\": \"world\"}]','[1, 2]','[\"hello\", \"world\"]','id=1&name=Rick.Xu&parentId=0',0,'2024-02-02 03:41:10',0,'2024-02-02 03:41:10',b'0'),
	(784653813800767488,'task A','2024-02-02 03:47:05',10,b'1',1,'{\"code\": \"001\", \"detail\": \"苏州\"}','NORMAL','[{\"code\": \"001\", \"detail\": \"苏州\"}]','816-18888888888','{\"hello\": \"world\"}','[{\"hello\": \"world\"}]','[1, 2]','[\"hello\", \"world\"]','id=1&name=Rick.Xu&parentId=0',0,'2024-02-02 03:47:05',0,'2024-02-02 03:47:05',b'0');

/*!40000 ALTER TABLE `t_task` ENABLE KEYS */;
UNLOCK TABLES;


# Dump of table t_user
# ------------------------------------------------------------

CREATE TABLE `t_user` (
  `id` bigint NOT NULL COMMENT '主键',
  `name` varchar(32) NOT NULL COMMENT '姓名',
  `gender` varchar(16) NOT NULL COMMENT '性别',
  `age` int NOT NULL COMMENT '年龄',
  `birthday` date DEFAULT NULL COMMENT '出生时间',
  `mobile` varchar(32) NOT NULL COMMENT '手机号码',
  `email` varchar(32) DEFAULT NULL COMMENT '邮箱',
  `native_place` varchar(32) NOT NULL COMMENT '籍贯',
  `hobby` json NOT NULL COMMENT '兴趣爱好',
  `marriage` bit(1) DEFAULT NULL COMMENT '婚否',
  `score` decimal(10,0) DEFAULT NULL,
  `introduce` text,
  `attachment` text,
  `school_experience` text,
  `status` varchar(16) DEFAULT NULL COMMENT '用户状态',
  `create_by` bigint DEFAULT NULL,
  `create_time` datetime DEFAULT NULL,
  `update_by` bigint DEFAULT NULL,
  `update_time` datetime DEFAULT NULL,
  `is_deleted` bit(1) DEFAULT NULL,
  PRIMARY KEY (`id`)
) ENGINE=InnoDB DEFAULT CHARSET=utf8mb4 COLLATE=utf8mb4_0900_ai_ci COMMENT='人员信息表';

LOCK TABLES `t_user` WRITE;
/*!40000 ALTER TABLE `t_user` DISABLE KEYS */;

INSERT INTO `t_user` (`id`, `name`, `gender`, `age`, `birthday`, `mobile`, `email`, `native_place`, `hobby`, `marriage`, `score`, `introduce`, `attachment`, `school_experience`, `status`, `create_by`, `create_time`, `update_by`, `update_time`, `is_deleted`)
VALUES
	(668075292622893056,'Rick.Xu','1',28,'1989-12-11','18898765543','jkxyx@163.com','江苏','[\"BASKETBALL\", \"FOOTBALL\"]',b'1',1,'我叫Rick...','[{\"name\":\"logo 2\",\"extension\":\"png\",\"content_type\":\"image/png\",\"size\":4442,\"group_name\":\"upload\",\"path\":\"668075281545736192.png\",\"url\":\"http://localhost:7892/upload/668075281545736192.png\",\"id\":\"668075281554124800\",\"created_at\":\"2023-03-17T03:05:37.170Z\",\"full_name\":\"logo 2.png\",\"full_path\":\"upload/668075281545736192.png\"}]','[[\"2021-2022\",\"四川大学\"],[\"2012-2015\",\"永安高中\"]]','LOCKED',0,'2023-03-17 11:05:40',0,'2023-03-17 11:07:15',b'0'),
	(668082113370697728,'Lora','2',32,'1989-12-11','17798765543','jkxyx@163.com','江苏','[\"BASKETBALL\", \"FOOTBALL\", \"BADMINTON\", \"VOLLEYBALL\"]',b'0',2,'我叫Rick...','[{\"name\":\"logo 2\",\"extension\":\"png\",\"content_type\":\"image/png\",\"size\":4442,\"group_name\":\"upload\",\"path\":\"668082106471067648.png\",\"url\":\"http://localhost:7892/upload/668082106471067648.png\",\"id\":\"668082106517204992\",\"created_at\":\"2023-03-17T03:32:44.368Z\",\"full_name\":\"logo 2.png\",\"full_path\":\"upload/668082106471067648.png\"}]','[[\"2021-2022\",\"四川大学\"],[\"2012-2015\",\"石泉\"]]','NORMAL',0,'2023-03-17 11:32:46',0,'2023-03-17 11:32:46',b'0'),
	(668090456566968320,'凡夫俗子','2',32,'1989-12-11','17798765543','jkxyx@163.com','上海','[\"BASKETBALL\", \"FOOTBALL\", \"BADMINTON\", \"VOLLEYBALL\"]',b'1',1,'我叫Rick...','[{\"name\":\"logo 2\",\"extension\":\"png\",\"content_type\":\"image/png\",\"size\":4442,\"group_name\":\"upload\",\"path\":\"668082106471067648.png\",\"url\":\"http://localhost:7892/upload/668082106471067648.png\",\"id\":\"668082106517204992\",\"created_at\":\"2023-03-17T03:32:44.368Z\",\"full_name\":\"logo 2.png\",\"full_path\":\"upload/668082106471067648.png\"}]','[[\"2021-2022\",\"四川大学\"],[\"2012-2015\",\"石泉\"]]','NORMAL',0,'2023-03-17 12:05:55',0,'2023-03-17 12:05:55',b'0'),
	(668129558611931136,'科比','2',32,'1989-12-11','17798765543','jkxyx@163.com','上海','[\"BASKETBALL\"]',b'1',2,'我叫Rick...','[{\"name\":\"logo 2\",\"extension\":\"png\",\"content_type\":\"image/png\",\"size\":4442,\"group_name\":\"upload\",\"path\":\"668082106471067648.png\",\"url\":\"http://localhost:7892/upload/668082106471067648.png\",\"id\":\"668082106517204992\",\"created_at\":\"2023-03-17T03:32:44.368Z\",\"full_name\":\"logo 2.png\",\"full_path\":\"upload/668082106471067648.png\"}]','[[\"2021-2022\",\"四川大学\"],[\"2012-2015\",\"石泉\"]]','NORMAL',0,'2023-03-17 14:41:18',0,'2023-03-17 14:41:18',b'0'),
	(668183092703309824,'新生儿','1',28,'2023-03-17','18898765543','jkxyx@163.com','江苏','[\"BASKETBALL\", \"FOOTBALL\"]',b'0',1,'我叫Rick...','[{\"name\":\"logo 2\",\"extension\":\"png\",\"content_type\":\"image/png\",\"size\":4442,\"group_name\":\"upload\",\"path\":\"668183087259103232.png\",\"url\":\"http://localhost:7892/upload/668183087259103232.png\",\"id\":\"668183087288463360\",\"created_at\":\"2023-03-17T10:14:00.060Z\",\"full_name\":\"logo 2.png\",\"full_path\":\"upload/668183087259103232.png\"}]','[[\"2021-2022\",\"四川大学\"],[\"2012-2015\",\"永安高中\"]]','LOCKED',0,'2023-03-17 18:14:01',0,'2023-03-17 18:14:01',b'0'),
	(670612383655313408,'Tock','1',28,'2023-03-24','18898765543','jkxyx@163.com','四川','[\"BASKETBALL\", \"FOOTBALL\"]',b'0',NULL,'我叫Rick...','[{\"name\":\"logback.2023-03-24\",\"extension\":\"log\",\"content_type\":\"application/octet-stream\",\"size\":436410,\"group_name\":\"upload\",\"path\":\"670612377498075136.log\",\"url\":\"http://localhost:7892/upload/670612377498075136.log\",\"id\":\"670612377548406784\",\"created_at\":\"2023-03-24T03:07:07.992Z\",\"full_name\":\"logback.2023-03-24.log\",\"full_path\":\"upload/670612377498075136.log\"}]','[[\"2021-2022\",\"四川大学\"],[\"2012-2015\",\"永安高中\"]]','LOCKED',0,'2023-03-24 11:07:09',0,'2023-03-24 11:15:24',b'0'),
	(670615649306853376,'godod','1',28,'2023-03-24','18898765543','jkxyx@163.com','江苏','[\"BASKETBALL\", \"FOOTBALL\"]',b'0',100,'我叫Rick...','[{\"name\":\"logback.2023-03-24\",\"extension\":\"log\",\"content_type\":\"application/octet-stream\",\"size\":436410,\"group_name\":\"upload\",\"path\":\"670615643497742336.log\",\"url\":\"http://localhost:7892/upload/670615643497742336.log\",\"id\":\"670615643543879680\",\"created_at\":\"2023-03-24T03:20:06.667Z\",\"full_name\":\"logback.2023-03-24.log\",\"full_path\":\"upload/670615643497742336.log\"}]','[[\"2021-2022\",\"四川大学\"],[\"2012-2015\",\"永安高中\"]]','LOCKED',0,'2023-03-24 11:20:08',0,'2023-03-24 11:20:08',b'0'),
	(671739851267162112,'TCPGood','0',89,'2023-03-28','17798765543','jkxyx@qq.com','四川','[\"BASKETBALL\"]',b'1',100,'我叫Rick...','[{\"name\":\"logback.2023-03-24\",\"extension\":\"log\",\"content_type\":\"application/octet-stream\",\"size\":581992,\"group_name\":\"upload\",\"path\":\"671739844027793408.log\",\"url\":\"http://localhost:7892/upload/671739844027793408.log\",\"id\":\"671739844078125056\",\"created_at\":\"2023-03-27T05:47:16.960Z\",\"full_name\":\"logback.2023-03-24.log\",\"full_path\":\"upload/671739844027793408.log\"}]','[[\"666\",\"7777\"]]','LOCKED',0,'2023-03-27 13:47:19',0,'2023-03-28 21:15:31',b'0'),
	(672214929255743488,'Rick.Xu','1',28,'1989-12-11','18898765543','jkxyx@163.com','江苏','[\"BASKETBALL\", \"FOOTBALL\"]',b'0',100,'我叫Rick...','[{\"name\":\"logback.2023-03-24\",\"extension\":\"log\",\"content_type\":\"application/octet-stream\",\"size\":581992,\"group_name\":\"upload\",\"path\":\"672214922872012800.log\",\"url\":\"http://localhost:7892/upload/672214922872012800.log\",\"id\":\"672214922930733056\",\"created_at\":\"2023-03-28T13:15:04.585Z\",\"full_name\":\"logback.2023-03-24.log\",\"full_path\":\"upload/672214922872012800.log\"}]','[[\"2021-2022\",\"四川大学\"],[\"2012-2015\",\"永安高中\"]]','LOCKED',0,'2023-03-28 21:15:06',0,'2023-03-28 21:15:06',b'0'),
	(696015580976648192,'甲鱼','2',99,'1989-12-11','18898765543','jkxyx@163.com','江苏','[\"BASKETBALL\"]',b'0',100,'我叫Rick...','[{\"path\":\"696015573519175680.xlsx\",\"extension\":\"xlsx\",\"full_name\":\"库房202306011858072.xlsx\",\"content_type\":\"application/vnd.openxmlformats-officedocument.spreadsheetml.sheet\",\"size\":3804,\"create_time\":\"2023-06-02T13:30:21.893\",\"group_name\":\"upload\",\"name\":\"库房202306011858072\",\"id\":\"696015573565313024\",\"full_path\":\"upload/696015573519175680.xlsx\",\"url\":\"http://localhost:7892/upload/696015573519175680.xlsx\"},{\"path\":\"696015874351435776.docx\",\"extension\":\"docx\",\"full_name\":\"小程序需求文档.docx\",\"content_type\":\"application/vnd.openxmlformats-officedocument.wordprocessingml.document\",\"size\":206871,\"create_time\":\"2023-06-02T13:31:33.605\",\"group_name\":\"upload\",\"name\":\"小程序需求文档\",\"id\":\"696015874355630080\",\"full_path\":\"upload/696015874351435776.docx\",\"url\":\"http://localhost:7892/upload/696015874351435776.docx\"},{\"path\":\"696015902310666240.log\",\"extension\":\"log\",\"full_name\":\"2023-05-16__info.log\",\"content_type\":\"application/octet-stream\",\"size\":528824,\"create_time\":\"2023-06-02T13:31:40.272\",\"group_name\":\"upload\",\"name\":\"2023-05-16__info\",\"id\":\"696015902319054848\",\"full_path\":\"upload/696015902310666240.log\",\"url\":\"http://localhost:7892/upload/696015902310666240.log\"}]','[[\"2021-2022\",\"四川大学\"],[\"2012-2015\",\"永安高中\"]]','LOCKED',0,'2023-06-02 13:30:24',0,'2023-06-02 13:32:20',b'0');

/*!40000 ALTER TABLE `t_user` ENABLE KEYS */;
UNLOCK TABLES;


# Dump of table t_worker
# ------------------------------------------------------------

CREATE TABLE `t_worker` (
  `id` bigint NOT NULL AUTO_INCREMENT COMMENT '主键',
  `name` varchar(32) DEFAULT NULL,
  `create_by` bigint DEFAULT NULL,
  `create_time` datetime DEFAULT NULL,
  `update_by` bigint DEFAULT NULL,
  `update_time` datetime DEFAULT NULL,
  `is_deleted` bit(1) DEFAULT NULL,
  PRIMARY KEY (`id`)
) ENGINE=InnoDB DEFAULT CHARSET=utf8mb4 COLLATE=utf8mb4_0900_ai_ci COMMENT='工人';

LOCK TABLES `t_worker` WRITE;
/*!40000 ALTER TABLE `t_worker` DISABLE KEYS */;

INSERT INTO `t_worker` (`id`, `name`, `create_by`, `create_time`, `update_by`, `update_time`, `is_deleted`)
VALUES
	(189,'QQ2',NULL,NULL,NULL,NULL,NULL);

/*!40000 ALTER TABLE `t_worker` ENABLE KEYS */;
UNLOCK TABLES;



/*!40111 SET SQL_NOTES=@OLD_SQL_NOTES */;
/*!40101 SET SQL_MODE=@OLD_SQL_MODE */;
/*!40014 SET FOREIGN_KEY_CHECKS=@OLD_FOREIGN_KEY_CHECKS */;
/*!40101 SET CHARACTER_SET_CLIENT=@OLD_CHARACTER_SET_CLIENT */;
/*!40101 SET CHARACTER_SET_RESULTS=@OLD_CHARACTER_SET_RESULTS */;
/*!40101 SET COLLATION_CONNECTION=@OLD_COLLATION_CONNECTION */;
